source_id,true_cluster,mass_msun,evolved,phot_g_mean_mag,bp_rp,parallax,parallax_error,pmra,pmdec,g_mag_error,parallax_over_error,abs_G,gmm_label,gmm_cluster_name
SIM-Pleiades-0000,Pleiades,0.3968306143421821,False,14.518752269285176,1.1368109342142465,7.217272482457609,0.0727694673062526,20.91147817055049,-43.85015083196542,0.0012589822435417,99.17995485776322,8.810617779558065,0,Pleiades
SIM-Pleiades-0001,Pleiades,0.291659782864393,False,16.054443361717023,1.486412918407101,7.473478953284216,0.142833824949424,20.56702418352816,-44.95057765341391,0.0033326532276915,52.32289309573904,10.422057440737069,0,Pleiades
SIM-Pleiades-0002,Pleiades,0.2035915740658967,False,18.051910797186657,2.00133247867564,7.180847477765983,0.4599205389706113,20.02663248823777,-44.45973174308326,0.0127976161691183,15.613235046728008,12.33278930892579,0,Pleiades
SIM-Pleiades-0003,Pleiades,0.1566985008302245,False,19.58556644594797,2.331719807740638,7.421070912392117,1.0723470845112315,19.687989150948937,-46.06117625819164,0.0324115694837077,6.9204001387056415,13.93789935359844,0,Pleiades
SIM-Pleiades-0004,Pleiades,0.481362608062734,False,13.570717320586414,0.9356140736478148,7.205824109271194,0.0585677556039512,19.754163020505025,-46.30789584241381,0.000785591853465,123.03398064284133,7.859135605560494,0,Pleiades
SIM-Pleiades-0005,Pleiades,0.2916301654464687,False,16.01644721324935,1.4850477878469537,7.518738097056162,0.1408176627523045,19.98526338409648,-46.07368359482662,0.0032738484969422,53.39343055481239,10.397171999005163,0,Pleiades
SIM-Pleiades-0006,Pleiades,0.3737354057256145,False,14.736030737719137,1.1985572980643615,7.621196516624119,0.0760413626300885,18.86618194752122,-45.8154258152711,0.0013680454210029,100.22435491718186,9.14614653915062,0,Pleiades
SIM-Pleiades-0007,Pleiades,0.4401256769205831,False,13.92733953164264,1.02361983495207,7.437610246494689,0.0638928657988516,18.574500660493936,-43.86034362311519,0.0009630955266283,116.40752302314746,8.284506612948821,0,Pleiades
SIM-Pleiades-0008,Pleiades,0.3271919931565433,False,15.41367389036845,1.345122706774036,7.4310925477551715,0.105080480613208,19.963019807389173,-44.34174153162295,0.0022315140178852,70.71810582127397,9.768937240853084,0,Pleiades
SIM-Pleiades-0009,Pleiades,0.1827968736903031,False,18.69826780913364,2.1778920326119917,7.233771183892202,0.6153438885206908,20.5788020554273,-45.64617372668965,0.0174603166556207,11.75565617671519,12.995091645095867,0,Pleiades
SIM-Pleiades-0010,Pleiades,0.4868021866841814,False,13.379153599073405,0.9210802492498188,7.744118195951281,0.0556678247410182,18.9718219556854,-45.67164429661535,0.0006889274913672,139.11300166620515,7.824013463303455,0,Pleiades
SIM-Pleiades-0011,Pleiades,0.2026646394627054,False,18.1084178014122,1.9615368471233847,7.059289155202498,0.4819773956207427,19.914458833263403,-46.82093214731145,0.0134593218686222,14.646515001208263,12.352222658288918,0,Pleiades
SIM-Pleiades-0012,Pleiades,0.3037475992437931,False,15.839916953671198,1.4405558294670613,7.345571146816502,0.1304477835001717,20.556335844569823,-45.63505815995445,0.0029713936854216,56.31043280092861,10.170044801319078,0,Pleiades
SIM-Pleiades-0013,Pleiades,0.2861454123780539,False,16.084393723104014,1.522728800020058,7.740981957436901,0.145186807598215,19.437545946634515,-45.9416097833666,0.0034012818882812,53.317392161821125,10.528373999158426,0,Pleiades
SIM-Pleiades-0014,Pleiades,0.2928713240718501,False,16.09662649410952,1.483879979776365,7.260371716591566,0.145873336120233,21.334231652634347,-45.946461499206364,0.0034213056368401,49.77175342454195,10.40142077552453,0,Pleiades
SIM-Pleiades-0015,Pleiades,0.270644307353502,False,16.455062626883528,1.6041607403619151,7.236028054425979,0.1670624071412251,18.606580131589705,-45.19468182552363,0.0040393202082857,43.313323315813655,10.752563836740856,0,Pleiades
SIM-Pleiades-0016,Pleiades,0.4969502758307366,False,13.408364907919822,0.9027557210808924,7.348506025513789,0.0561306120984683,18.965926799816824,-44.05966569962958,0.0007043537366156,130.91797418176233,7.739360181010817,0,Pleiades
SIM-Pleiades-0017,Pleiades,0.2600503283321452,False,16.681723837340375,1.6398449403870563,7.3972873715190275,0.1811408016065129,18.731204914947064,-43.866093512027874,0.0044499400468566,40.83722334180649,11.027086290347503,0,Pleiades
SIM-Pleiades-0018,Pleiades,0.3643362679579759,False,14.876315885893195,1.2300760228913834,7.495499969145488,0.0781284136108786,20.60488413156593,-45.73842509435347,0.0014376137870292,95.93820765998267,9.250318919445876,0,Pleiades
SIM-Pleiades-0019,Pleiades,0.2576520688848208,False,16.82990219243738,1.6533678359999808,7.123024530710956,0.1893983538760761,19.11347021035335,-45.41881470027479,0.0046907853213855,37.60869292122556,11.093224392423641,0,Pleiades
SIM-Pleiades-0020,Pleiades,0.4983175467852377,False,13.40922345947706,0.8987682710571422,7.297456313689853,0.056142455106508,20.359722072542045,-45.246888203167295,0.0007047485035502,129.9810686911684,7.725080978270487,0,Pleiades
SIM-Pleiades-0021,Pleiades,0.484806768282233,False,13.557916443446004,0.9262816964616684,7.118896662793324,0.058364537645797,20.00775384236501,-45.95061822263421,0.0007788179215265,121.97298136749613,7.819979887478981,0,Pleiades
SIM-Pleiades-0022,Pleiades,0.2290960841558402,False,17.393672493534886,1.8178184003833116,7.12794406797775,0.3012093996279155,19.70160973904552,-44.485944501100086,0.0080362819888374,23.664414446504367,11.65849390949272,0,Pleiades
SIM-Pleiades-0023,Pleiades,0.2112272722920628,False,17.903500978271843,1.965185162000955,7.421320012844616,0.4227231540941811,19.999475757884547,-45.07216409470789,0.0116816946228254,17.555981831057153,12.25590677374242,0,Pleiades
SIM-Pleiades-0024,Pleiades,0.4117903652973678,False,14.219163466864996,1.0950348797551654,7.672192727286543,0.0682477098016719,18.80523987772224,-45.342909604476695,0.001108256993389,112.41685251537325,8.643760986261038,0,Pleiades
SIM-Pleiades-0025,Pleiades,0.3782713554723254,False,14.73388147597545,1.1880472454919684,7.258863144488933,0.0759941530374572,20.57955238049465,-44.92854609486352,0.0013664717679152,95.51870577347009,9.038224518362819,0,Pleiades
SIM-Pleiades-0026,Pleiades,0.3285644842280367,False,15.354302541058184,1.3400678321476795,7.699386697692898,0.1012559449088784,19.19836585033413,-45.84424670671721,0.0021199650598422,76.03886077624064,9.78658320301425,0,Pleiades
SIM-Pleiades-0027,Pleiades,0.2330701395320134,False,17.300397131148856,1.7877315878079096,7.727645399351437,0.2787827780718784,19.17058463350245,-45.689225005836455,0.0073634833421563,27.71923521530811,11.740633057503947,0,Pleiades
SIM-Pleiades-0028,Pleiades,0.2280992468585314,False,17.405410870884726,1.821150160690368,6.966963983051963,0.3018411155921681,20.419397216263203,-44.37538225962188,0.008055233467765,23.081560540166304,11.62062869777731,0,Pleiades
SIM-Pleiades-0029,Pleiades,0.1718110853588483,False,19.03675736705061,2.3181675145654657,8.400771926710753,0.7482738895854616,19.372578299184237,-43.70232828104017,0.0216091296528487,11.226867653186083,13.658353337900543,0,Pleiades
SIM-Pleiades-0030,Pleiades,0.3023198624784606,False,15.870108038678593,1.4580455591186656,7.504632467043735,0.1320477557026086,21.2009214389771,-45.47300694880789,0.003018059541326,56.83271500611715,10.246755178175087,0,Pleiades
SIM-Pleiades-0031,Pleiades,0.1631974555733546,False,19.500763165994293,2.3399752093519286,6.7241312649213,0.9673363012744788,22.23690614904896,-47.94155822009967,0.0289112100424826,6.951182599125211,13.63894408057696,0,Pleiades
SIM-Pleiades-0032,Pleiades,0.2004023110629878,False,18.172076782989414,2.022973184422729,7.382952032920208,0.487868119475271,18.83268295072844,-41.65140619402604,0.0136360435842581,15.133089739212679,12.51322701707943,0,Pleiades
SIM-Pleiades-0033,Pleiades,0.3141553415456732,False,15.6480501765542,1.402071883731617,7.35388761509543,0.1188433300845668,19.981842528796648,-45.09137967323007,0.0026329304607998,61.878841747892245,9.980635119205598,0,Pleiades
SIM-Pleiades-0034,Pleiades,0.1522461686846068,False,19.83354915146725,2.4030026041335546,8.391580866748495,1.1873863325847822,19.656827146026565,-44.53005293905674,0.0362462110861594,7.0672708927692796,14.452768071839417,0,Pleiades
SIM-Pleiades-0035,Pleiades,0.3965893904264806,False,14.440962132209885,1.1350056382651277,7.400136383255931,0.0716257157452037,21.58281146923485,-46.39541547153478,0.0012208571915067,103.31675301620241,8.787160751101029,0,Pleiades
SIM-Pleiades-0036,Pleiades,0.1615170172955199,False,19.50436319758206,2.330666450822757,7.893351884661192,0.9969953704443412,21.26966287986232,-45.52537159624914,0.029899845681478,7.917139957373404,13.990670517741021,0,Pleiades
SIM-Pleiades-0037,Pleiades,0.2670431266213512,False,16.55333405729822,1.609636755126814,7.550402434730792,0.1731209748655361,19.30379822068461,-44.97348672087125,0.0042160284335781,43.613446843140906,10.943184557513755,0,Pleiades
SIM-Pleiades-0038,Pleiades,0.2743670659661508,False,16.42058882161021,1.5768724766008937,6.9644854081136005,0.165220874414925,19.35690695242814,-45.28032248204398,0.0039856088371019,42.152575652295866,10.635033985587508,0,Pleiades
SIM-Pleiades-0039,Pleiades,0.1902930029694464,False,18.50323786540341,2.082653401079173,7.361929933529714,0.5869384516391996,19.78470226453416,-44.79762384889054,0.0166081535491759,12.542933442117045,12.838196264272177,0,Pleiades
SIM-Pleiades-0040,Pleiades,0.4693620413174914,False,13.632111096453636,0.9608783520872024,7.40214019079584,0.0594775934121241,19.213007057951028,-46.82124510365218,0.0008159197804041,124.45258400934165,7.978897626642302,0,Pleiades
SIM-Pleiades-0041,Pleiades,0.2157936364811382,False,17.770657385705945,1.879010362913026,7.070081501586472,0.3912643319580915,20.40168836548397,-44.284785094701405,0.0107379299587427,18.069833930949144,12.017779486858233,0,Pleiades
SIM-Pleiades-0042,Pleiades,0.2609080421727708,False,16.66685622663539,1.637898351585866,7.422734928876796,0.1802048139061868,19.35003431733432,-45.51131197490514,0.0044226404055971,41.19054739981038,11.019675985965172,0,Pleiades
SIM-Pleiades-0043,Pleiades,0.4147351775764024,False,14.15056450506659,1.087313523851289,7.680393690934368,0.0672506481287649,19.054638073964963,-45.908949491209626,0.0010750216042921,114.20549696753419,8.577481916043293,0,Pleiades
SIM-Pleiades-0044,Pleiades,0.3144868291460561,False,15.650883929682248,1.3924058359737734,7.202454836044634,0.1189151996962779,21.401072809267937,-45.60793305765569,0.0026350266578081,60.56799176590101,9.938286647979318,0,Pleiades
SIM-Pleiades-0045,Pleiades,0.2267861018716027,False,17.42915962373657,1.8390854229134492,7.184077614707002,0.3118647779444437,19.58782020002974,-44.85622132543293,0.0083559433383333,23.035873631060667,11.711014702122508,0,Pleiades
SIM-Pleiades-0046,Pleiades,0.1655656776941531,False,19.284055593143847,2.3426307390515757,7.506612493738911,0.8559928708847977,19.131966298265848,-45.08123024656849,0.0251997623628265,8.769480154641586,13.661275579646016,0,Pleiades
SIM-Pleiades-0047,Pleiades,0.4692467945014444,False,13.594280527951144,0.96195924617385,7.493665526660849,0.0589204163258811,18.74987561481712,-45.77225163589375,0.0007973472108627,127.18283396394158,7.967752052092811,0,Pleiades
SIM-Pleiades-0048,Pleiades,0.2891599525132312,False,16.023476149947548,1.5046573148749145,7.433369057749463,0.1416466048565127,19.48305667150037,-45.17318305781418,0.0032980259749816,52.47827200150281,10.379404627607649,0,Pleiades
SIM-Pleiades-0049,Pleiades,0.2865411128248379,False,16.179072547230223,1.520330265101271,7.647207455985745,0.1507162382877747,18.78448008177799,-43.26239358709814,0.00356255695006,50.73910776212656,10.596586907399239,0,Pleiades
SIM-Pleiades-0050,Pleiades,0.2918726108022073,False,15.975201676158798,1.4969565313848905,7.822788370572881,0.1386769924888827,18.630310974776712,-44.86156538575017,0.0032114122809257,56.410138626275796,10.442009583469963,0,Pleiades
SIM-Pleiades-0051,Pleiades,0.1749631304281983,False,18.967584453691465,2.162095352332509,8.245571527440843,0.694574188990418,19.880077421578235,-45.1877737409468,0.0198372256697125,11.871405039432863,13.548688270641728,0,Pleiades
SIM-Pleiades-0052,Pleiades,0.2789007498258002,False,16.349336272384758,1.5529680363931424,7.196284559413848,0.1612163685240718,19.6380611826802,-44.22471177867269,0.0038688107486187,44.63743120686498,10.634877912997872,0,Pleiades
SIM-Pleiades-0053,Pleiades,0.2799621350858705,False,16.31970266835023,1.5360944192783792,6.881720064688341,0.159356291080657,19.38296862777045,-44.54344172359069,0.0038145584898524,43.184489410620195,10.508187680194856,0,Pleiades
SIM-Pleiades-0054,Pleiades,0.2861284630055482,False,16.110046114018978,1.5200472284541309,7.475779114789336,0.1468759536438004,20.459145954161503,-46.21751462357635,0.0034505486479441,50.89859115345317,10.478328418480377,0,Pleiades
SIM-Pleiades-0055,Pleiades,0.1818119683541892,False,18.696460960644348,2.183009043883858,7.807803826753108,0.6271273942757662,18.54537887464629,-43.0203850848682,0.0178138218282729,12.450108061010308,13.159105425773518,0,Pleiades
SIM-Pleiades-0056,Pleiades,0.3363217808391334,False,15.249006711862386,1.3220265821835968,7.500175222553669,0.0950791771824279,20.061561473023332,-46.42715490899064,0.0019398093344874,78.88346791393792,9.62436376035371,0,Pleiades
SIM-Pleiades-0057,Pleiades,0.1611207437447527,False,19.47049567919308,2.243021673120354,6.625603492201025,1.0088058983806492,21.297885427577537,-45.195213610891,0.0302935299460216,6.567768391160823,13.57662288951734,0,Pleiades
SIM-Pleiades-0058,Pleiades,0.2119240914772337,False,17.868171703812582,1.957344320333111,7.447037801343411,0.4140534195240792,19.5896971774102,-44.00689536092111,0.0114216025857223,17.98569327093875,12.228089495503703,0,Pleiades
SIM-Pleiades-0059,Pleiades,0.1674026611839453,False,19.293062083954148,2.306210994620057,9.053385838340056,0.8761706239561221,17.693703034248124,-45.40085440219424,0.0258723541318707,10.332902736982701,14.07711723186386,0,Pleiades
SIM-Pleiades-0060,Pleiades,0.3535026188982318,False,15.14041825564522,1.266421020887102,7.083249617250655,0.0883839069842595,18.94704977633764,-45.83079081753379,0.0017445306203742,80.14184775190044,9.391580989756719,0,Pleiades
SIM-Pleiades-0061,Pleiades,0.2599350365541699,False,16.695826945907566,1.637254479170582,7.376373101972022,0.1812829892815833,20.124231714005216,-46.1424883468782,0.0044540871873795,40.68982495933166,11.035041323465704,0,Pleiades
SIM-Pleiades-0062,Pleiades,0.2493025721263913,False,16.85298130622368,1.6953892520868583,7.456265129539283,0.1909927678712456,19.783009505090742,-44.32007015989601,0.0047372890629113,39.03951554105856,11.215588017444135,0,Pleiades
SIM-Pleiades-0063,Pleiades,0.1617331945822983,False,19.400958547666196,2.454150791829575,9.004195150401666,0.940871868833078,20.48271627110081,-44.35063612536131,0.0280290622944359,9.570054593692095,14.173183042738275,0,Pleiades
SIM-Pleiades-0064,Pleiades,0.2423284457987707,False,17.105471386406506,1.7353019704467438,7.327456758779641,0.22806956273362,18.205070984679843,-45.918255036181854,0.0058420868820086,32.128165946185206,11.43023770757552,0,Pleiades
SIM-Pleiades-0065,Pleiades,0.1895234911595748,False,18.456296534980424,2.082702795935832,7.551594123798393,0.5609371668517074,20.320049263234573,-44.423745505678326,0.0158281150055512,13.462459915398647,12.846489734245898,0,Pleiades
SIM-Pleiades-0066,Pleiades,0.2068062219803429,False,18.014354617274286,1.9547598614095996,7.171783414829573,0.452128759582316,19.79929531027299,-45.858331828737455,0.0125638627874694,15.862258842934443,12.29249044506252,0,Pleiades
SIM-Pleiades-0067,Pleiades,0.2293012313039269,False,17.383864872211177,1.8282749013401465,7.259892254055268,0.2939249756121239,20.280340460002325,-45.22469197376344,0.0078177492683637,24.699814090095344,11.68851574856531,0,Pleiades
SIM-Pleiades-0068,Pleiades,0.3350310645006987,False,15.290736059523653,1.319886671158668,7.509802159369309,0.0974631288984235,20.112672594854768,-46.1982491260062,0.0020093412595373,77.05275055550554,9.668878539334134,0,Pleiades
SIM-Pleiades-0069,Pleiades,0.3718049706673856,False,14.810725492805108,1.2052900511891906,7.459704361791594,0.0771694591594176,19.617548101422106,-46.98282061337633,0.0014056486386472,96.6665367756595,9.174333573474932,0,Pleiades
SIM-Pleiades-0070,Pleiades,0.2196991019882984,False,17.651206112951378,1.8589156648090572,7.30219650757716,0.368301217034493,21.36230244291952,-45.32284455614666,0.0100490365110347,19.82669665436723,11.968473692755126,0,Pleiades
SIM-Pleiades-0071,Pleiades,0.3197727676965483,False,15.543724180706736,1.3920663624561975,7.528001387080572,0.1125433506445382,20.08331688162676,-45.30870340303406,0.0024491810604656,66.88979263517164,9.927122632909928,0,Pleiades
SIM-Pleiades-0072,Pleiades,0.2626323252162538,False,16.631086425431466,1.6376384232925476,7.219353567614109,0.178291881269351,18.24962633944176,-44.72336706985609,0.0043668465370227,40.4917684205015,10.923577984895461,0,Pleiades
SIM-Pleiades-0073,Pleiades,0.3201848787938596,False,15.587417532825574,1.3799321337610444,7.324479518920996,0.1153288399619239,18.99097334787042,-46.049031163447225,0.0025304244988894,63.509522174498514,9.911301377552428,0,Pleiades
SIM-Pleiades-0074,Pleiades,0.2132279840135602,False,17.78275932740407,1.922851022937571,6.952178751589457,0.3944349229253674,20.79699550722776,-45.67226618000982,0.010833047687761,17.625667372523466,11.993363977339367,0,Pleiades
SIM-Pleiades-0075,Pleiades,0.4328820677245943,False,14.047403564614658,1.0414675340206776,7.425664865306156,0.0657107433080322,20.11901914952927,-44.40707246371168,0.001023691443601,113.00533963672991,8.401080288504764,0,Pleiades
SIM-Pleiades-0076,Pleiades,0.3168150540095578,False,15.602591417462872,1.3901866461511023,7.369021213824754,0.1161788125090663,18.783687577011303,-46.96372692261996,0.0025552153648477,63.42827108212778,9.939640451287147,0,Pleiades
SIM-Pleiades-0077,Pleiades,0.183151286291416,False,18.74876986975048,2.142746652023577,7.657231893663735,0.6353576645328258,19.920961197937277,-43.71070904066709,0.0180607299359847,12.051844687030014,13.169128867668627,0,Pleiades
SIM-Pleiades-0078,Pleiades,0.2840920175619443,False,16.16316540608065,1.5386807159888911,7.510081692312831,0.1501929387389106,20.207407410934508,-46.65887627665934,0.0035472940465515,50.0028946458532,10.54138871182567,0,Pleiades
SIM-Pleiades-0079,Pleiades,0.3541382119426166,False,15.083508473397185,1.260350269762361,7.348338789374521,0.0850113212221917,20.074271466567,-44.58036937773166,0.0016461635356472,86.43953162624511,9.414454327899783,0,Pleiades
SIM-Pleiades-0080,Pleiades,0.3686466471092817,False,14.85533209376201,1.2149790469836692,7.35534361833054,0.0778033572230861,20.04129321246578,-45.31348878968415,0.0014267785741028,94.5376122683307,9.188346925754784,0,Pleiades
SIM-Pleiades-0081,Pleiades,0.2410982576635428,False,17.198018687809927,1.7479693461397448,7.281235784579429,0.2476740597761651,20.50967446948739,-46.133203069848655,0.0064302217932849,29.39845937503439,11.509044161900329,0,Pleiades
SIM-Pleiades-0082,Pleiades,0.2012306158451774,False,18.070118181275205,2.039104362240292,6.865061904204853,0.472841070635593,19.429499818620307,-46.93839176189581,0.0131852321190677,14.518751289892894,12.253340470008238,0,Pleiades
SIM-Pleiades-0083,Pleiades,0.2987757956310353,False,15.929601326537306,1.4667136227436957,7.242828483167558,0.1356042113158508,19.299253872028896,-45.4066902045115,0.0031217894967123,53.4115306072426,10.229142330688159,0,Pleiades
SIM-Pleiades-0084,Pleiades,0.3452554322255032,False,15.152045217631311,1.287110717670718,7.33674989843768,0.0890814288552619,20.6701377124754,-45.28115932702373,0.0017648750082784,82.36003836847202,9.479563791211712,0,Pleiades
SIM-Pleiades-0085,Pleiades,0.2616964079048525,False,16.72189571764169,1.6343448901162778,6.934656053874739,0.1836074092980323,20.44762570468058,-45.75105771100165,0.0045218827711926,37.76893361976682,10.927020346340301,0,Pleiades
SIM-Pleiades-0086,Pleiades,0.1817455833750612,False,18.71090476859499,2.161007693054501,6.886970895940936,0.6343577240225169,22.475008671787027,-45.21278506394732,0.0180307317206755,10.856604460130258,12.901046006986842,0,Pleiades
SIM-Pleiades-0087,Pleiades,0.298134456050395,False,15.95922333261115,1.4590819181309622,7.426134949304281,0.1375947907879397,20.57773243332855,-46.00003648403575,0.0031798480646482,53.971047208824906,10.313037517879026,0,Pleiades
SIM-Pleiades-0088,Pleiades,0.3592559235921619,False,14.917343703052545,1.2428914982911436,7.530334313651524,0.0787301575281014,20.05983191590448,-44.84224470636065,0.0014576719176033,95.64739294423103,9.301414989999689,0,Pleiades
SIM-Pleiades-0089,Pleiades,0.443009699085906,False,13.996745193067426,1.0185670387875183,7.1192385391420325,0.0649446809713581,20.130573401617934,-44.31659984961932,0.0009981560323786,109.62004020439733,8.258912916916305,0,Pleiades
SIM-Pleiades-0090,Pleiades,0.4959960148591119,False,13.370676833062744,0.9041336027465592,7.354506161010816,0.0555708952827875,20.026626317178824,-45.857355111090015,0.0006856965094262,132.344568565711,7.703444413656873,0,Pleiades
SIM-Pleiades-0091,Pleiades,0.2225719214266351,False,17.513354948390713,1.8832791128195183,7.216003346160614,0.3282413017569545,18.64864922230255,-45.72869495812636,0.0088472390527086,21.983837218339108,11.804838578002181,0,Pleiades
SIM-Pleiades-0092,Pleiades,0.3814519432254276,False,14.718762927726353,1.178477631662638,7.0713514978350185,0.0757606150914947,19.75515007933519,-44.37810546105849,0.0013586871697164,93.33809512099495,8.96627505467326,0,Pleiades
SIM-Pleiades-0093,Pleiades,0.327769898295195,False,15.436370830239786,1.349625695366393,7.483940841477506,0.1062035596502904,19.366927908605124,-46.50447223582499,0.0022642704898001,70.46789077617365,9.807022559547057,0,Pleiades
SIM-Pleiades-0094,Pleiades,0.4808674734342284,False,13.581191337585198,0.9350200889669308,7.195696563689991,0.0587243166926945,20.172156487056693,-45.98506456848448,0.0007908105564231,122.5335085863189,7.866555543767145,0,Pleiades
SIM-Pleiades-0095,Pleiades,0.2621759585747957,False,16.639807132415516,1.624268824440709,7.4894102927729405,0.1782798481195418,19.94334413248377,-46.44418311864583,0.0043664955701533,42.009292535133156,11.012045248498197,0,Pleiades
SIM-Pleiades-0096,Pleiades,0.4109244417954553,False,14.275778097334648,1.0954111646259113,7.4177903507943,0.069174692635984,19.753565947776988,-45.12979942653735,0.0011391564211994,107.23271861616684,8.62715087078249,0,Pleiades
SIM-Pleiades-0097,Pleiades,0.2607023576922253,False,16.61507168865796,1.6449410041725676,7.389197852050862,0.1768035342324531,19.62582181487075,-44.13490686805896,0.0043234364151132,41.79327005044982,10.958058165249014,0,Pleiades
SIM-Pleiades-0098,Pleiades,0.203453982026051,False,18.05123379907292,1.9860921488770056,7.350065743261299,0.4676292729176203,20.283933015729943,-46.96227051164404,0.0130288781875286,15.717719503321426,12.382689917492476,0,Pleiades
SIM-Pleiades-0099,Pleiades,0.4723155204914079,False,13.648847135902315,0.9501257032676902,7.118767628312095,0.0597346358674821,20.284347925739876,-45.508948518687234,0.0008244878622494,119.17319867998654,7.910871220274867,0,Pleiades
SIM-Pleiades-0100,Pleiades,0.2025154428276178,False,18.08356897499578,1.9627998510714124,7.775231424178893,0.469891873974652,19.581765059658068,-42.95814320036898,0.0130967562192395,16.546852275632933,12.537135596768683,0,Pleiades
SIM-Pleiades-0101,Pleiades,0.208583964099608,False,17.930415392308245,1.9633971392353848,7.368008110423693,0.4332471136713296,19.94392268882214,-45.444283252009136,0.0119974134101398,17.006479392297162,12.267165868527938,0,Pleiades
SIM-Pleiades-0102,Pleiades,0.1594291412806567,False,19.46571852610509,2.3119550588197493,7.741472857952194,0.9945193761639232,19.196944125347525,-44.29526614875706,0.0298173125387974,7.784134772529755,13.9098365034398,0,Pleiades
SIM-Pleiades-0103,Pleiades,0.1500691815953329,False,19.92122606101549,2.454530788024897,7.402943057958986,1.2635635387028934,22.06649858673264,-42.88049733368851,0.0387854512900964,5.85878179545957,14.268248105434733,0,Pleiades
SIM-Pleiades-0104,Pleiades,0.2159384849802599,False,17.682217514363455,1.920088197920616,7.778119594441239,0.3686011242113183,19.522000519291545,-46.69935927081422,0.0100580337263395,21.10172509941141,12.136590596699516,0,Pleiades
SIM-Pleiades-0105,Pleiades,0.1995479043349176,False,18.163428426211347,2.0111650755323383,7.260916919977728,0.4959496314991287,21.39625013899547,-44.868243039157534,0.0138784889449738,14.640432130234347,12.46838576396947,0,Pleiades
SIM-Pleiades-0106,Pleiades,0.3437510411808176,False,15.181767027868752,1.2946923329577047,7.389523014858166,0.0910146305097279,20.564450102277345,-45.31528759757563,0.0018212600565337,81.19049622542117,9.524849058340434,0,Pleiades
SIM-Pleiades-0107,Pleiades,0.1522420979111959,False,19.788316403275477,2.426401080078365,6.701263832678857,1.1673735730889832,20.038610825026492,-43.07338364982923,0.0355791191029661,5.740462168375687,13.919099986777601,0,Pleiades
SIM-Pleiades-0108,Pleiades,0.4287911618493598,False,14.108531480254785,1.053860619361322,7.254124184063636,0.0666159561642681,19.18582911848209,-45.7340912627566,0.0010538652054756,108.89469433082536,8.411456410444284,0,Pleiades
SIM-Pleiades-0109,Pleiades,0.3870760904963642,False,14.61304040274316,1.1598890061897502,7.297347593365697,0.0741972023348119,19.293100267514937,-44.40190303959581,0.0013065734111603,98.35071085883682,8.928865569860502,0,Pleiades
SIM-Pleiades-0110,Pleiades,0.4397019185891699,False,13.938887260290016,1.0235590929263445,7.484714585137826,0.0640922415167104,20.74423919378681,-45.35820677119505,0.0009697413838903,116.78035294157061,8.30976348043685,0,Pleiades
SIM-Pleiades-0111,Pleiades,0.3626363953858528,False,14.92467048774223,1.2344870007520463,7.307789323336417,0.0788555177886403,18.102029410987072,-46.17292784026531,0.0014618505929546,92.67315120450779,9.243600580548593,0,Pleiades
SIM-Pleiades-0112,Pleiades,0.3147050909533692,False,15.651790824675375,1.408202672134211,7.188930381480914,0.119181586747004,21.20125281159769,-46.03862427528544,0.0026427962801209,60.31913635066307,9.935112214018991,0,Pleiades
SIM-Pleiades-0113,Pleiades,0.3608847195807966,False,14.965735333773482,1.2407592213913052,7.13992675658324,0.0794402459067874,20.44955548553865,-45.202034731873,0.0014813415302262,89.87795386435482,9.234204117181743,0,Pleiades
SIM-Pleiades-0114,Pleiades,0.4218406292813533,False,14.179179611707108,1.072061250384565,7.285523134063647,0.0676661861040766,19.578233683759407,-45.08426343990735,0.0010888728701358,107.66859422013036,8.491483319539931,0,Pleiades
SIM-Pleiades-0115,Pleiades,0.4071230682144885,False,14.303237705644426,1.1093208904030625,7.427547625353863,0.0695158875985065,21.22159794425313,-46.66572438710281,0.0011505295866168,106.84676383983101,8.657464931524833,0,Pleiades
SIM-Pleiades-0116,Pleiades,0.1995008226027623,False,18.093508703837127,1.99091059130043,7.923569023111478,0.4768627422625389,20.62259464399524,-43.71345496863582,0.0133058822678761,16.616037112727756,12.588112931168983,0,Pleiades
SIM-Pleiades-0117,Pleiades,0.4669284331177851,False,13.73439670720024,0.9646274748474336,7.242556816331214,0.0610231544035573,18.902900045194613,-46.46050438089352,0.0008674384801185,118.68538896620876,8.033856261389278,0,Pleiades
SIM-Pleiades-0118,Pleiades,0.4947047153714929,False,13.332883721348354,0.9071410016674818,7.533632086188679,0.0549966463899361,19.34268534012495,-46.89465464655007,0.0006665548796645,136.98348137037075,7.717905756856881,0,Pleiades
SIM-Pleiades-0119,Pleiades,0.3295057290552254,False,15.378561521914191,1.345434641855476,7.596354566579126,0.1028886679660362,19.14739679292193,-45.71909363280079,0.0021675861490093,73.83081846376611,9.781587660003046,0,Pleiades
SIM-Pleiades-0120,Pleiades,0.297696065618614,False,15.895606308378138,1.4755735877522005,7.694946013250404,0.1338470238873697,18.97841315612702,-45.06983440813241,0.0030705381967149,57.49060225444825,10.326634194498476,0,Pleiades
SIM-Pleiades-0121,Pleiades,0.2978163185193669,False,15.943087574245965,1.4762876475546018,7.244760056835227,0.1364096146093223,21.504262407662093,-44.9814021776859,0.0031452804261052,53.11033300390335,10.243207606292255,0,Pleiades
SIM-Pleiades-0122,Pleiades,0.3262360988016489,False,15.496279039567307,1.360465368198969,7.190393554422354,0.1099334830840974,20.25265598579148,-46.21870089811526,0.0023730599232861,65.40676555223685,9.780042346722608,0,Pleiades
SIM-Pleiades-0123,Pleiades,0.4376839679969438,False,13.99275860984981,1.0327109766457916,7.367339316257671,0.0648966967215481,19.81760462182356,-45.72671514556669,0.0009965565573849,113.5241035128286,8.329311972552176,0,Pleiades
SIM-Pleiades-0124,Pleiades,0.2082710758388234,False,18.001896894695292,1.94068516244213,6.849946653413329,0.44583003194296,19.97096745138197,-44.21615297453,0.0123749009582888,15.364480099200044,12.180332841049076,0,Pleiades
SIM-Pleiades-0125,Pleiades,0.2309640276945652,False,17.426059728114414,1.8169913617745248,6.791505304040222,0.3059633456298963,20.88897626455177,-45.050150287248,0.0081789003688968,22.197120671622734,11.585889949136348,0,Pleiades
SIM-Pleiades-0126,Pleiades,0.2097937599600704,False,17.90860788380536,1.9209396689760243,7.677273199558424,0.4257579826927837,18.94800269509925,-44.24599319989839,0.0117727394807835,18.032012344201075,12.334642861132659,0,Pleiades
SIM-Pleiades-0127,Pleiades,0.3417071271771473,False,15.213610472596235,1.3015323219516268,7.334768275212899,0.0928201359959092,19.088888622062797,-45.13593127988309,0.001873920633214,79.02130498425643,9.540542462002604,0,Pleiades
SIM-Pleiades-0128,Pleiades,0.1552805161461282,False,19.689158950876035,2.344218161442884,6.59221108673644,1.1278948155898418,15.726237572451968,-47.49935985247227,0.0342631605196614,5.844703775226583,13.784314477344008,0,Pleiades
SIM-Pleiades-0129,Pleiades,0.2317488418138857,False,17.31769407125478,1.8165686701826376,7.569114477147335,0.280214748961593,20.981164614795425,-46.554562727302006,0.0074064424688477,27.011834691773412,11.712919439571648,0,Pleiades
SIM-Pleiades-0130,Pleiades,0.2320038713198133,False,17.39450165253215,1.7925689126506814,7.161234498876854,0.298178648922886,18.99520083123587,-44.99435862639788,0.0079453594676865,24.01659047267623,11.669441128482193,0,Pleiades
SIM-Pleiades-0131,Pleiades,0.2290586624637272,False,17.344218291319564,1.827201305373287,7.591280525039116,0.2872996445243608,20.74894024761247,-47.23646059610959,0.0076189893357308,26.42286779577075,11.745793493623836,0,Pleiades
SIM-Pleiades-0132,Pleiades,0.2818018607646587,False,16.25257891294515,1.5294394201775898,7.561096251121855,0.1551543911544863,20.285301407021265,-44.53902650030899,0.0036920030753391,48.73272483531141,10.645502745806859,0,Pleiades
SIM-Pleiades-0133,Pleiades,0.1940968706585001,False,18.3444325595379,2.066916045117642,8.104410803831053,0.5380511931247376,19.18102136123705,-46.655920262743415,0.0151415357937421,15.062527334554558,12.888039793680061,0,Pleiades
SIM-Pleiades-0134,Pleiades,0.4289555421435459,False,14.050647880240396,1.0530589578078169,7.349994711964602,0.0657618115647704,19.353195041786588,-46.29754549486021,0.0010253937188256,111.7669136095105,8.38208301337197,0,Pleiades
SIM-Pleiades-0135,Pleiades,0.2250882605792506,False,17.534198971749408,1.843342198537565,7.607742202401193,0.3300486134509073,20.6165721269469,-43.6964494503501,0.0089014584035272,23.050368619508827,11.940477909658853,0,Pleiades
SIM-Pleiades-0136,Pleiades,0.4705123423049542,False,13.524809697008624,0.9571809072506184,7.745993029065496,0.0578653617653723,19.33101961116805,-46.16834865643734,0.0007621787255124,133.86234515344967,7.970195206063391,0,Pleiades
SIM-Pleiades-0137,Pleiades,0.4526785790475004,False,13.765515203525409,0.996213221681693,7.564463855017426,0.061501182952556,20.31430742631243,-45.99595782342088,0.0008833727650852,122.99704642840607,8.159405963762358,0,Pleiades
SIM-Pleiades-0138,Pleiades,0.2174367748196209,False,17.6368130409055,1.8906117707833008,7.875481178709331,0.3597897306418491,16.828558267538636,-46.03574063695443,0.0097936919192554,21.889121639630506,12.118198530594126,0,Pleiades
SIM-Pleiades-0139,Pleiades,0.2227004546944981,False,17.566226905899452,1.8511326844444729,8.028361328912391,0.3373119212239561,18.70565002805621,-45.61362523348235,0.0091193576367186,23.80100086525555,12.089361457675661,0,Pleiades
SIM-Pleiades-0140,Pleiades,0.3001283553463611,False,15.944289521831836,1.4541457409473717,7.37030280062366,0.1363102364839437,20.832391784495545,-45.01323205953818,0.0031423818974483,54.07006099275476,10.281716175468054,0,Pleiades
SIM-Pleiades-0141,Pleiades,0.2299759733986922,False,17.341213836405064,1.82562006530638,7.427425561675191,0.2876852284559888,18.120490490537183,-45.46897101082244,0.0076305568536796,25.817889926216587,11.695405376201476,0,Pleiades
SIM-Pleiades-0142,Pleiades,0.1675661227195129,False,19.277016482015902,2.2954710483050773,7.72457901374164,0.8598900090557663,21.850710309204533,-46.153862510001936,0.0253296669685255,8.983217542234147,13.716390581405761,0,Pleiades
SIM-Pleiades-0143,Pleiades,0.2020546509589635,False,18.10749882803644,2.0019828881907995,6.71252447605219,0.4769822573207889,19.79339575466401,-45.50974601523741,0.0133094677196236,14.07290181768283,12.241928239485134,0,Pleiades
SIM-Pleiades-0144,Pleiades,0.1820049554284834,False,18.677841790619617,2.1719496026899887,7.800552264978488,0.6313285878153623,18.53981583425105,-44.67739944449499,0.0179398576344608,12.355772280123373,13.138468545829832,0,Pleiades
SIM-Pleiades-0145,Pleiades,0.2364953513692537,False,17.162218502637803,1.7581002599846771,7.615453153163583,0.2401384722304119,20.95100544304,-44.77321303613483,0.0062041541669123,31.712757570376255,11.57069725706048,0,Pleiades
SIM-Pleiades-0146,Pleiades,0.4280368795608881,False,14.075365230006406,1.0512790868414883,7.344230128290301,0.0660989720631267,19.57499657705475,-45.06915804324856,0.0010366324021042,111.10959670108512,8.4050966141918,0,Pleiades
SIM-Pleiades-0147,Pleiades,0.2498117437100016,False,16.897174895917118,1.685156209838159,7.117249990160366,0.1940559372956525,20.663734227635587,-46.49712846893711,0.0048266315044565,36.67628050625904,11.158735998369457,0,Pleiades
SIM-Pleiades-0148,Pleiades,0.1571964846098101,False,19.553398168740927,2.503278167239712,6.265883479064609,1.0386205766713772,19.38127822735701,-45.61825896812051,0.0312873525557125,6.03288979614271,13.538309740947666,0,Pleiades
SIM-Pleiades-0149,Pleiades,0.3627766256165615,False,14.92454049993751,1.233317468515538,7.273680572234453,0.0788472757168152,20.25438184305971,-45.87333773020189,0.0014615758572271,92.25024588494752,9.233311624194979,0,Pleiades
SIM-Pleiades-0150,Pleiades,2.023609490414711,False,8.070686574865682,-0.0960115795079902,7.286223224866611,0.0251770312742732,20.73919007749019,-46.335766670133104,0.0002517703127427,289.3996176710452,2.383198936874402,0,Pleiades
SIM-Pleiades-0151,Pleiades,2.260956009204932,False,7.755935732391231,-0.1512119786294201,7.270929514248639,0.0243901437024486,20.785898175524395,-45.41559253767696,0.0002439014370244,298.1093347768463,2.0638854050526927,0,Pleiades
SIM-Pleiades-0152,Pleiades,0.7474838054644074,False,11.505059058323964,0.5407465407903086,7.543822790627032,0.0400330513824221,19.745260118558782,-44.98985924634366,0.0004003305138242,188.43986481478674,5.8930164482503145,0,Pleiades
SIM-Pleiades-0153,Pleiades,0.6487964191545585,False,12.170001976991728,0.6587565777627725,7.345230305440056,0.0444712104728717,18.071318707533923,-46.26290434282928,0.0004447121047287,165.1682116887911,6.500029063949661,0,Pleiades
SIM-Pleiades-0154,Pleiades,4.69297024659517,False,6.084882941980419,-0.4436008873749543,7.290484733920912,0.0202119666327147,21.326681722236767,-46.345293596596,0.0002021196663271,360.70140359922584,0.3986649664704238,0,Pleiades
SIM-Pleiades-0155,Pleiades,0.7131091199865708,False,11.854358798478051,0.5801157200233424,7.046061505425693,0.042366351772375,19.51173892562823,-45.057477749465214,0.0004236635177237,166.3126800080077,6.094090947678907,0,Pleiades
SIM-Pleiades-0156,Pleiades,0.9132454911511804,False,10.80543060930452,0.3873387014605782,7.166565848497477,0.0353694918767013,21.036038387731647,-44.64408588636448,0.000353694918767,202.61998316176715,5.0819860875522345,0,Pleiades
SIM-Pleiades-0157,Pleiades,5.305760531276567,False,5.831046023501744,-0.4834350873870586,7.441606220668396,0.02,19.28863933207733,-45.95379428275752,0.0002,372.0803110334198,0.18937944954054142,0,Pleiades
SIM-Pleiades-0158,Pleiades,1.942892004563865,False,8.14084827326395,-0.0752501816140275,7.417940468612789,0.0253510580235505,19.579426497047105,-45.326074389657045,0.0002535105802355,292.6087132821718,2.4922649915238146,0,Pleiades
SIM-Pleiades-0159,Pleiades,2.362350195551032,False,7.540815131184384,-0.1703249323777429,7.612263753652394,0.0238525376454539,20.09741460118568,-45.48438369338386,0.0002385253764545,319.1385280175097,1.9483842688621325,0,Pleiades
SIM-Pleiades-0160,Pleiades,2.823768284841361,False,7.1827990576672684,-0.2504241945741408,7.266930087961869,0.0229568785905771,19.942904664341683,-44.3704527515309,0.0002295687859057,316.5469582151582,1.4895539679232135,0,Pleiades
SIM-Pleiades-0161,Pleiades,1.235162328866158,False,9.612546273812567,0.1818777386077601,7.430551837607937,0.0290312054811579,21.471270279022647,-45.2947134219146,0.0002903120548115,255.95050961389055,3.967651615245668,0,Pleiades
SIM-Pleiades-0162,Pleiades,0.6711151163930803,False,11.968113165167678,0.6296329977159312,7.536820933085275,0.0431262209853458,18.52877724226121,-46.91177791153144,0.0004312622098534,174.76191423417953,6.3540541502457515,0,Pleiades
SIM-Pleiades-0163,Pleiades,0.5843827989139951,False,12.737837953962307,0.7518341005939855,7.070741441774692,0.0482526830990997,19.41082350185679,-46.15385521445884,0.0004825268309909,146.5357154803816,6.985162736658296,0,Pleiades
SIM-Pleiades-0164,Pleiades,1.3517438734850369,False,9.221200563877996,0.1257039426365812,7.701599379585432,0.0280528571667826,20.190604187705446,-44.509417206860775,0.0002805285716678,274.53885833436243,3.6541051829871467,0,Pleiades
SIM-Pleiades-0165,Pleiades,0.9360945277470358,False,10.713407211756705,0.3689791525466108,7.203413714252719,0.0347548126883795,20.257606776893216,-44.41785541951417,0.0003475481268837,207.26377606578865,5.001099003575272,0,Pleiades
SIM-Pleiades-0166,Pleiades,0.5337803030757196,False,13.097774191279074,0.8333871918822602,7.179740827876247,0.0514500445913155,19.94743341407705,-44.34785653664471,0.0005483348197105,139.54780573869806,7.378318028747742,0,Pleiades
SIM-Pleiades-0167,Pleiades,2.064135877438947,False,7.948889692015577,-0.1057588499779581,7.532229656434103,0.0248721697338882,20.14930903802706,-45.68256864639335,0.0002487216973388,302.8376589989043,2.3335074575820105,0,Pleiades
SIM-Pleiades-0168,Pleiades,0.5374512003843646,False,12.99588215952018,0.8282550357754895,7.370098385998626,0.0499728350186777,20.7324699011172,-46.157618955671055,0.0004997283501867,147.4820946869234,7.333248586746983,0,Pleiades
SIM-Pleiades-0169,Pleiades,1.8841936973190807,False,8.204154181638945,-0.0604238627215379,7.502202108967553,0.0255104568985428,19.50040152259061,-44.92549031354923,0.0002551045689854,294.0834081805917,2.580097980863769,0,Pleiades
SIM-Pleiades-0170,Pleiades,1.5907227852807766,False,8.753479938389772,0.0309040926667291,7.426183107309304,0.0268837287295536,19.508602996494343,-45.57789980052559,0.0002688372872955,276.23337454471533,3.1073082054701686,0,Pleiades
SIM-Pleiades-0171,Pleiades,5.197604642400047,False,5.866060272573065,-0.4768714085496447,7.394020248149306,0.02,19.875534039144245,-45.67862467551158,0.0002,369.70101240746527,0.21046345023366708,0,Pleiades
SIM-Pleiades-0172,Pleiades,0.6358450539670288,False,12.26640886827735,0.675617734079094,7.32212631768189,0.0451045812608515,20.560307833337024,-46.127387150949815,0.0004510458126085,162.33664326326706,6.5895949524901685,0,Pleiades
SIM-Pleiades-0173,Pleiades,0.5101078707924294,False,13.289662879022192,0.8763019259421986,7.243373116070256,0.05435567413603,18.88245357725645,-45.283827300794606,0.0006451891378676,133.2588222150103,7.589367163424804,0,Pleiades
SIM-Pleiades-0174,Pleiades,0.8561525107014263,False,10.988155160718993,0.4348483733925836,7.41676355727997,0.0365877047732307,21.432518802040185,-46.22049807457984,0.0003658770477323,202.71191109824485,5.339227331424883,0,Pleiades
SIM-Pleiades-0175,Pleiades,3.1332532270474363,False,6.987504985770085,-0.2940214424497623,7.073498166418487,0.0224701636333449,19.65880325717988,-45.81995919416353,0.0002247016363334,314.7951337533508,1.2356762122122573,0,Pleiades
SIM-Pleiades-0176,Pleiades,3.5239356910958204,False,6.642594726817253,-0.3406529884020727,7.293592656829117,0.021607434580539,19.38788497935333,-43.95157124866129,0.0002160743458053,337.5501441248458,0.9573022495430967,0,Pleiades
SIM-Pleiades-0177,Pleiades,0.6917839062903718,False,11.861208592135435,0.6043147712467799,7.417061945810363,0.0424076970303411,19.654050497302137,-45.54245169029718,0.0004240769703034,174.89895620843868,6.212368122971187,0,Pleiades
SIM-Pleiades-0178,Pleiades,0.7231805987619183,False,11.757925443333365,0.5674649136845947,7.168078355877093,0.041725672016567,19.036457906619383,-44.45710203126211,0.0004172567201656,171.79060298971427,6.0349391635868646,0,Pleiades
SIM-Pleiades-0179,Pleiades,4.1215224458693385,False,6.270169948999789,-0.3987398613748902,7.462780196404863,0.020675267959913,19.214287924838704,-45.32191708743525,0.0002067526795991,360.9520423568075,0.6346732009887708,0,Pleiades
SIM-Pleiades-0180,Pleiades,1.7035785372311585,False,8.522605684696657,-0.006384766420438,7.477080133423178,0.0263056655335362,19.67610794923452,-45.15860334202417,0.0002630566553353,284.23839434478106,2.8912658601762864,0,Pleiades
SIM-Pleiades-0181,Pleiades,3.27561459685149,False,6.7947655881783335,-0.3116384501387412,7.349732323922117,0.0219874236144711,20.298830035113653,-45.377017630797525,0.0002198742361447,334.26982864353715,1.1261232003609125,0,Pleiades
SIM-Pleiades-0182,Pleiades,1.640331278003443,False,8.69078534867983,0.0131841640999873,7.309137534642458,0.0267274864276942,20.505382227244333,-43.67217662869258,0.0002672748642769,273.4689457018657,3.01011601866497,0,Pleiades
SIM-Pleiades-0183,Pleiades,0.8473052693371113,False,11.03128343051398,0.4434052562111045,7.444420317817428,0.0368753179016993,19.56990304220913,-45.12315869512052,0.0003687531790169,201.8808444624791,5.39043785930644,0,Pleiades
SIM-Pleiades-0184,Pleiades,0.5587166464839004,False,12.80834966231192,0.7912802521116545,7.48240301884565,0.0487242243127911,19.65475547744356,-45.112061370769965,0.0004872422431279,153.56638559931608,7.178555145099839,0,Pleiades
SIM-Pleiades-0185,Pleiades,0.8637278620159786,False,10.990006704338764,0.4280890620910593,7.358923169474909,0.0366003044984902,20.258919792958075,-45.34987053155094,0.0003660030449849,201.06180181584205,5.3240780479218035,0,Pleiades
SIM-Pleiades-0186,Pleiades,0.5365588517193308,False,12.931934040299693,0.830046734855923,7.668768368360982,0.049548783102245,18.394692333495293,-45.78094319694489,0.0004954878310224,154.77208294977314,7.355562141807992,0,Pleiades
SIM-Pleiades-0187,Pleiades,1.5083512367885712,False,8.88821488883565,0.0615809249561108,7.560957153086926,0.0272199653823211,19.7638461842706,-44.54961347541227,0.0002721996538232,277.77247497888584,3.2810987737435973,0,Pleiades
SIM-Pleiades-0188,Pleiades,1.228841797916922,False,9.608481640715222,0.1856161828545905,7.471246334618244,0.0290210115829463,20.76724850525165,-46.13477349318861,0.0002902101158294,257.442657133585,3.9754469196032094,0,Pleiades
SIM-Pleiades-0189,Pleiades,0.9496675793248636,False,10.54526239055462,0.358876085519836,7.525547890124204,0.0336353525627628,21.28637457939898,-46.71827026500297,0.0003363535256276,223.73923020672083,4.9279530095555995,0,Pleiades
SIM-Pleiades-0190,Pleiades,0.6942464517151021,False,11.821982613272636,0.6027353233803551,7.482589484193725,0.0421532060612812,19.69947474583261,-45.36189725608382,0.0004215320606128,177.50938026672839,6.192242209600353,0,Pleiades
SIM-Pleiades-0191,Pleiades,1.2833532487954795,False,9.562092971393035,0.1583340034334978,7.160921112615192,0.0289057944036379,18.78545651948157,-45.14992348857872,0.0002890579440363,247.73306737814352,3.8369374184047977,0,Pleiades
SIM-Pleiades-0192,Pleiades,0.7651379282626112,False,11.361582855674095,0.5218867854643229,7.7994557249266,0.0390772479855989,19.369489772837557,-46.45140539034769,0.0003907724798559,199.5907113981242,5.82190434098008,0,Pleiades
SIM-Pleiades-0193,Pleiades,0.7741535503813978,False,11.488380076217917,0.5144175770180154,7.130954512145754,0.0399207591184547,21.012219117205337,-45.27599775063399,0.0003992075911845,178.6277282700577,5.754118406832463,0,Pleiades
SIM-Pleiades-0194,Pleiades,1.0041874231183168,False,10.383063166822051,0.3192191591488528,7.390971567292378,0.0325553372299295,21.60825335275901,-45.52287368443639,0.0003255533722992,227.02795290037864,4.726570824682211,0,Pleiades
SIM-Pleiades-0195,Pleiades,1.0002840655471492,False,10.457291974951454,0.3233407917859155,7.113082965487608,0.0330473649594124,19.80049062084408,-46.79204132780389,0.0003304736495941,215.23903567572316,4.717581346180991,0,Pleiades
SIM-Pleiades-0196,Pleiades,0.600497473594312,False,12.48498432623418,0.7260432135709394,7.443935585130591,0.0465640264987317,18.708317849180272,-47.16173469330738,0.0004656402649873,159.86451655621633,6.843997358130611,0,Pleiades
SIM-Pleiades-0197,Pleiades,1.316903812832314,False,9.391059777424074,0.1418089055758188,7.39967415626479,0.0284781257036168,20.012668343682453,-45.18982059518887,0.0002847812570361,259.83711966426955,3.7371227576655404,0,Pleiades
SIM-Pleiades-0198,Pleiades,0.5816148607613616,False,12.644959686539377,0.7543493825448381,7.391315444791393,0.0476308599228258,20.60458137973481,-45.62572030780689,0.0004763085992282,155.1791308569112,6.988568373489404,0,Pleiades
SIM-Pleiades-0199,Pleiades,1.5692531501954932,False,8.956950625126167,0.0383765557494485,6.898203221173908,0.0273925394263333,20.64569405482956,-44.84236090955722,0.0002739253942633,251.8278102592581,3.1506305478362187,0,Pleiades
SIM-Pleiades-0200,Pleiades,0.6430462293235096,False,12.17484502662672,0.665508584905614,7.440258076730305,0.0445024947143025,20.23745751426183,-46.58037962679046,0.000445024947143,167.1874380188198,6.532785026503962,0,Pleiades
SIM-Pleiades-0201,Pleiades,0.8315508412717451,False,11.11993577900018,0.4577258867232007,7.357628406663858,0.0374664878287316,21.901663067488983,-44.65226406376118,0.0003746648782873,196.37891975082806,5.453625030118992,0,Pleiades
SIM-Pleiades-0202,Pleiades,1.181787342720134,False,9.884992871178325,0.2102544820560487,7.02408528347426,0.0297115237563892,19.82838715492908,-45.39454760362084,0.0002971152375638,236.40945988048804,4.117941750928676,0,Pleiades
SIM-Pleiades-0203,Pleiades,0.7765040597122531,False,11.344657063055486,0.509475837073333,7.656346913261045,0.0389634686333219,22.14636507552748,-45.081334344118645,0.0003896346863332,196.50065001433853,5.764765079729633,0,Pleiades
SIM-Pleiades-0204,Pleiades,0.822596709651969,False,11.181667335196268,0.4659048544515961,7.354086491773546,0.0378778586594813,19.030372266803848,-43.995385917487525,0.0003787785865948,194.152646217046,5.514311001804659,0,Pleiades
SIM-Pleiades-0205,Pleiades,0.5353761104496781,False,13.066241220829326,0.8299831387187714,7.165215481894903,0.0509871776822951,21.13320890565865,-45.65985344186517,0.0005329059227431,140.52975292223263,7.3423874988860405,0,Pleiades
SIM-Pleiades-0206,Pleiades,1.4670302296095463,False,9.02696660496024,0.0777858232202412,7.409936288827263,0.0275669479428954,20.79423319584481,-45.654340790959225,0.0002756694794289,268.79784821217265,3.376038974458968,0,Pleiades
SIM-Pleiades-0207,Pleiades,0.7734265222159454,False,11.450976666839557,0.5134289224930842,7.2566614654955615,0.0396727698609423,20.589926795875503,-45.78504636160477,0.0003967276986094,182.9129019962813,5.754660982056693,0,Pleiades
SIM-Pleiades-0208,Pleiades,0.9042937832911472,False,10.7792022241193,0.3945543325388821,7.481755021740617,0.0351992186335969,19.28274935390265,-46.556322284638455,0.0003519921863359,212.55457683936888,5.149219643157545,0,Pleiades
SIM-Pleiades-0209,Pleiades,0.5914874844425766,False,12.594899202943228,0.740824207775918,7.213272483150169,0.0473076475735791,19.743643912432955,-45.548349923930346,0.0004730764757357,152.47582268662026,6.885560893349664,0,Pleiades
SIM-Pleiades-0210,Pleiades,1.1057770291676547,False,10.072576796655891,0.2528085301241677,7.235346933852185,0.0304873465435247,18.98038772427952,-46.67866352602135,0.0003048734654352,237.3229471945935,4.369873598219488,0,Pleiades
SIM-Pleiades-0211,Pleiades,0.5242246000067872,False,13.181278712056162,0.853720399346059,7.223117801653098,0.0527048581810265,19.878591393017345,-46.41726871731528,0.0005901619393675,137.0484249638563,7.474902201137288,0,Pleiades
SIM-Pleiades-0212,Pleiades,0.5790836965518589,False,12.63979252061608,0.7615970546553622,7.573764336427303,0.0475966084265942,20.07236674061988,-46.91229539760654,0.0004759660842659,159.12403397624286,7.036351458537013,0,Pleiades
SIM-Pleiades-0213,Pleiades,1.1700402826529157,False,9.822468762272242,0.2173608810189723,7.416335024368402,0.0295574041478704,20.42805703824104,-44.89766719609084,0.0002955740414787,250.91293495415923,4.173415463928064,0,Pleiades
SIM-Pleiades-0214,Pleiades,1.2064945408085728,False,9.751652553639666,0.1973041057413569,7.233045781874816,0.0293786098707543,18.98462974334601,-45.58289719794621,0.0002937860987075,246.20109030669758,4.0482586235968885,0,Pleiades
SIM-Pleiades-0215,Pleiades,0.8472834032658642,False,11.081228430290787,0.4427648495665373,7.205154770316005,0.0372119827453075,19.34089475346413,-44.474161128148026,0.000372119827453,193.62458645729077,5.369445000851572,0,Pleiades
SIM-Pleiades-0216,Pleiades,0.6045815618023795,False,12.521904422230026,0.7211859681849317,7.173114554582839,0.0468124155482221,18.241244531160778,-45.94817790767928,0.0004681241554822,153.2310279351792,6.800443255081369,0,Pleiades
SIM-Pleiades-0217,Pleiades,4.196216824182661,False,6.177993296712927,-0.4049361407663859,7.661148411818786,0.0204445568072664,19.951894010020165,-45.83272073634077,0.0002044455680726,374.72802585262514,0.5994626745969445,0,Pleiades
SIM-Pleiades-0218,Pleiades,0.5334251501138734,False,13.031683040786202,0.8345999659093102,7.3990963646523955,0.0504770528424496,19.0591512818175,-46.04829122749863,0.0005159017614149,146.58336705486082,7.377576458489536,0,Pleiades
SIM-Pleiades-0219,Pleiades,0.6158047335119968,False,12.393154895047294,0.703318663734072,7.348466590221541,0.0459522166059652,20.77742392773142,-46.19808392857426,0.0004595221660596,159.91538891874944,6.724138515037843,0,Pleiades
SIM-Pleiades-0220,Pleiades,1.5381577197262035,False,8.824156205076529,0.0509262445320052,7.544201210129946,0.0270598706836274,19.483428287302345,-44.06778949701035,0.0002705987068362,278.79664682560997,3.212222519473034,0,Pleiades
SIM-Pleiades-0221,Pleiades,1.4726656339318502,False,9.061631052254818,0.0757311648341773,7.2710252121194,0.0276553525447888,20.33464080249892,-47.80212234979034,0.0002765535254478,262.9156580211272,3.3696093050198392,0,Pleiades
SIM-Pleiades-0222,Pleiades,0.963015099253684,False,10.601722437986734,0.3483349234902919,7.19126334550428,0.0340119837336627,19.551144874664978,-44.45723701092565,0.0003401198373366,211.4332231197343,4.885748402963994,0,Pleiades
SIM-Pleiades-0223,Pleiades,0.8644366919797878,False,10.998284871095317,0.4280665157705772,7.2612176498706,0.0366543841800039,19.92180363478233,-44.5349587052788,0.0003665438418,198.09956741359795,5.3033321442086105,0,Pleiades
SIM-Pleiades-0224,Pleiades,0.6862386776988574,False,11.921958570559315,0.6100083646475196,7.3567348359139215,0.0428149724040403,19.68169360459572,-45.87678838523203,0.0004281497240404,171.8262192601505,6.255384084240111,0,Pleiades
SIM-Pleiades-0225,Pleiades,0.5692125232839738,False,12.76091682516386,0.7754012823522536,7.2904615994661475,0.0484110775730584,18.940777877088003,-45.44620246825647,0.0004841107757305,150.59490440930435,7.07469195904072,0,Pleiades
SIM-Pleiades-0226,Pleiades,1.0689789047924962,False,10.173725743864708,0.2761829596779566,7.267344266196926,0.0311554367607877,20.676662083752145,-44.26199791119485,0.0003115543676078,233.26086942692524,4.480604413530774,0,Pleiades
SIM-Pleiades-0227,Pleiades,0.7306849666496403,False,11.657103529421793,0.5592569169740857,7.47685549812292,0.0410471029687221,19.24502412022932,-45.52714609002861,0.0004104710296872,182.15306214960617,6.025698465974525,0,Pleiades
SIM-Pleiades-0228,Pleiades,1.466824960299958,False,9.06617921240699,0.0779012866715331,7.274384293951562,0.0276659731837802,20.91467202621432,-47.0968318907666,0.0002766597318378,262.93614345785363,3.3751604144044087,0,Pleiades
SIM-Pleiades-0229,Pleiades,0.5692390668714447,False,12.801531291148724,0.7743668163590354,7.156345196213538,0.0486803841903583,17.935858527870515,-46.041255362242616,0.0004868038419035,147.00675262195102,7.0749876971282895,0,Pleiades
SIM-Pleiades-0230,Pleiades,0.7371388166161291,False,11.5943275517195,0.5512654993247653,7.522994444861203,0.0406294682252533,19.46148072468784,-44.4719699596049,0.0004062946822525,185.1610363973525,5.976281257354707,0,Pleiades
SIM-Pleiades-0231,Pleiades,1.025342331665337,False,10.32671100970375,0.304959713831737,7.297355910833691,0.0321758913776111,20.540409682198806,-46.265782828592855,0.0003217589137761,226.79576535092974,4.642538651849414,0,Pleiades
SIM-Pleiades-0232,Pleiades,0.7671387696477368,False,11.474318593168832,0.5192547685242556,7.31703816403026,0.0398305642938668,20.54105319545716,-44.44557433149431,0.0003983056429386,183.70410496938288,5.795995194278481,0,Pleiades
SIM-Pleiades-0233,Pleiades,0.5110306914570669,False,13.225500760306984,0.8773202423206624,7.37342371409582,0.0533793939874965,18.30446468325512,-45.844848527574186,0.0006126464662498,138.1323983524983,7.563846717158944,0,Pleiades
SIM-Pleiades-0234,Pleiades,0.8864703737916442,False,10.858112661651775,0.4099851980555226,7.397181825957578,0.0357204208743703,20.045370436138796,-44.870887604786745,0.0003572042087437,207.08551704846002,5.2034441315568305,0,Pleiades
SIM-Pleiades-0235,Pleiades,0.5361535992904096,False,13.076539280597256,0.8283371368717162,7.087082785266528,0.0511511586511199,20.073160863907503,-45.86899041569677,0.0005383719550373,138.5517546846686,7.328876809844692,0,Pleiades
SIM-Pleiades-0236,Pleiades,0.5064903640156957,False,13.322855268926553,0.8829268261444294,7.264038548603631,0.054844230713739,20.254034410674706,-46.07320116626362,0.0006614743571246,132.44854479805696,7.628745970033421,0,Pleiades
SIM-Pleiades-0237,Pleiades,0.6010731570469017,False,12.572534414357646,0.7273650796097495,7.234406593553432,0.0471504965710993,19.608206865232106,-45.661942709697904,0.0004715049657109,153.43224609828886,6.86954898263879,0,Pleiades
SIM-Pleiades-0238,Pleiades,0.5811597278210467,False,12.713915890133707,0.7562654035780708,7.179289496292323,0.0480963072945896,19.266655048395226,-47.19116638751264,0.0004809630729458,149.26903748180118,6.9943232206015225,0,Pleiades
SIM-Pleiades-0239,Pleiades,1.300151730498673,False,9.442334381996885,0.1498391604559946,7.403437212921465,0.0286069713812262,19.99876957959285,-44.992928301111,0.0002860697138122,258.79835772409285,3.789501369859133,0,Pleiades
SIM-Pleiades-0240,Pleiades,1.202490749321501,False,9.752952526722565,0.1996264636633097,7.307731389523086,0.0293819713822104,20.371940587085447,-47.195067242296105,0.0002938197138221,248.71480863083352,4.071865404722875,0,Pleiades
SIM-Pleiades-0241,Pleiades,1.544700314022923,False,8.920998076985416,0.0479931735897022,7.236456475232162,0.0273016006881365,20.67399265632389,-45.56076294921526,0.0002730160068813,265.05612465340374,3.218627848591577,0,Pleiades
SIM-Pleiades-0242,Pleiades,1.5653911945212864,False,8.895422593614551,0.0406655168097158,7.122334704958189,0.0272382527615707,19.85456514063888,-46.4135290390284,0.0002723825276157,261.48280388258934,3.158534488256329,0,Pleiades
SIM-Pleiades-0243,Pleiades,3.7166737157505727,False,6.465527988859128,-0.3607986471114267,7.520727669186337,0.0211643402847167,19.214674503092088,-45.22531784440567,0.0002116434028471,355.34902425554196,0.8468273031360685,0,Pleiades
SIM-Pleiades-0244,Pleiades,0.7784867390841532,False,11.420357877232531,0.5098044907431069,7.270687240046222,0.0394693049082894,20.541250305247274,-44.37113715595126,0.0003946930490828,184.2111802308234,5.728235193187718,0,Pleiades
SIM-Pleiades-0245,Pleiades,2.101143828192591,False,7.930041560533168,-0.1149194473006205,7.412346804330929,0.0248255117613709,18.75322464169306,-45.47981522427045,0.0002482551176137,298.57780478325213,2.2798202136620462,0,Pleiades
SIM-Pleiades-0246,Pleiades,1.0645052919883524,False,10.178287425418327,0.2788685466229683,7.297244038175582,0.0311917348010237,19.29526453157244,-45.75525548097598,0.0003119173480102,233.94800208214417,4.494081777389363,0,Pleiades
SIM-Pleiades-0247,Pleiades,1.0736283328844507,False,10.185944829765871,0.2737335569905821,7.185001707601058,0.0312419999944424,19.35325443708964,-45.21498333673428,0.0003124199999444,229.9789292900323,4.4680792081933856,0,Pleiades
SIM-Pleiades-0248,Pleiades,0.5740906125694144,False,12.696375588566951,0.7665166405520191,7.4000252040204035,0.0479780390968415,19.85551701736081,-45.153284990848576,0.0004797803909684,154.23775842701258,7.0425415831328735,0,Pleiades
SIM-Pleiades-0249,Pleiades,2.1630780057269705,False,7.852992212843056,-0.1290388753092321,7.36456973793534,0.0246322187003259,20.02683863860212,-44.74071058093953,0.0002463221870032,298.98117695089735,2.1887291079767355,0,Pleiades
SIM-Hyades-0000,Hyades,0.1834967562307251,False,16.410233437451133,2.156862006866856,20.81984932151085,0.1644712459297339,101.30927118353328,-28.38549005837369,0.0039637446729505,126.58656048854641,13.002621347888278,2,Hyades
SIM-Hyades-0001,Hyades,0.1894492367979646,False,16.13696251163829,2.090520590947852,21.855832266018908,0.1479798349867847,102.48022322517598,-27.884384700677447,0.0034827451871145,147.694665749362,12.83479925660569,2,Hyades
SIM-Hyades-0002,Hyades,0.3447856089036409,False,12.803199728157182,1.2910944246642122,21.955719577969678,0.0486926882650842,99.07942767749726,-26.3450980624243,0.0004869268826508,450.90382889607974,9.51093810448251,2,Hyades
SIM-Hyades-0003,Hyades,0.1507944768470033,False,17.56190879151849,2.461653643032475,21.83889172131051,0.3421766698987676,100.83507720102412,-28.8862029590317,0.009265300096963,63.82343871594609,14.25806176673418,2,Hyades
SIM-Hyades-0004,Hyades,0.1870638581374989,False,16.3523800793191,2.1278698056041216,20.49181560620688,0.1613912739540936,99.79551819937429,-25.634564093320456,0.0038739121569943,126.9697865575781,12.910282275625814,2,Hyades
SIM-Hyades-0005,Hyades,0.2764392323935516,False,14.009071962991955,1.5627402138736015,21.61015996793188,0.0651359124428025,100.80314312000282,-28.718987509252337,0.00100453041476,331.77028090161957,10.682361871663822,2,Hyades
SIM-Hyades-0006,Hyades,0.2048623386693552,False,15.758823919125293,1.9793869572226264,20.83766491859849,0.1254178328133585,102.0152949929688,-28.229700566447452,0.0028246867903896,166.1459495126839,12.353069169377312,2,Hyades
SIM-Hyades-0007,Hyades,0.1984188248395935,False,15.930730488727368,2.02740267728259,21.05843401580099,0.1354198609368948,101.48129046703322,-28.90523815000439,0.0031164126106594,155.50476769145519,12.547860850139218,2,Hyades
SIM-Hyades-0008,Hyades,0.1725744162224125,False,16.75629807723452,2.234124835912983,21.42948858225892,0.1850774470649783,102.8198196720856,-26.15481601780202,0.0045647588727285,115.78660135038119,13.41135711056938,2,Hyades
SIM-Hyades-0009,Hyades,0.3129697973038487,False,13.399869670798653,1.406308886056661,21.130534789617656,0.0560009776906967,101.34449993063916,-28.42435953858295,0.0007000325896898,377.3243907691279,10.02442211423363,2,Hyades
SIM-Hyades-0010,Hyades,0.2589609620159487,False,14.342379987959566,1.6452052076580228,21.814277717502115,0.0701486932476713,100.68354641219076,-27.081024409121955,0.0011716231082557,310.97197549330366,11.036084177141658,2,Hyades
SIM-Hyades-0011,Hyades,0.3306967513491227,False,13.012294854941093,1.3410334546243945,22.012360725795087,0.0501851132092541,102.30169938545905,-27.06714587244522,0.0005061704403084,438.62331512557046,9.725627960758132,2,Hyades
SIM-Hyades-0012,Hyades,0.4471110855115763,False,11.534478479665742,1.0083566805324722,21.733195247624117,0.0402297368325949,100.99687559109276,-25.111764547906272,0.0004022973683259,540.2271294505578,8.220096387935913,2,Hyades
SIM-Hyades-0013,Hyades,0.1512760563730979,False,17.54611071327244,2.4596863573480383,22.002498595525584,0.3356883581679637,100.020921286678,-26.557322102125205,0.0090706507450389,65.54441957893725,14.258470722982032,2,Hyades
SIM-Hyades-0014,Hyades,0.2046107003489966,False,15.766647062909533,1.9794226119887488,21.08416326028913,0.1260016871817205,101.57974431517133,-28.240869663651768,0.0028417158761335,167.3323884138266,12.386428914978184,2,Hyades
SIM-Hyades-0015,Hyades,0.1585742255545531,False,17.243415524532182,2.385050602478374,21.609897273901392,0.2592821722837478,100.95821737070948,-27.611813800148948,0.0067784651685124,83.34509497341146,13.916679036531958,2,Hyades
SIM-Hyades-0016,Hyades,0.2444623218106423,False,14.787744463184012,1.7254316986140816,20.795372068552524,0.0767919134034728,100.44708678265222,-28.131071159675585,0.0013930637801157,270.80158765274473,11.377577938786319,2,Hyades
SIM-Hyades-0017,Hyades,0.1960366155981335,False,15.988835285677943,2.0503275386064472,21.16806940328417,0.1390123159409609,102.35617004723694,-29.79830418528376,0.003221192548278,152.2747769505138,12.617241539465633,2,Hyades
SIM-Hyades-0018,Hyades,0.3034878859670594,False,13.539523200944773,1.4454453571028434,21.22897952131468,0.0581013000938722,104.26716957400038,-28.18587293719041,0.0007700433364624,365.37873484785666,10.174168791437081,2,Hyades
SIM-Hyades-0019,Hyades,0.1574671885557786,False,17.2274666181937,2.391732450139425,22.139840680357327,0.2569346164172861,100.25559175255091,-29.91392466011794,0.0067080384925185,86.16916236930929,13.95333907491566,2,Hyades
SIM-Hyades-0020,Hyades,0.238818662962299,False,14.779752232419124,1.7598261538467577,21.943757959097653,0.0766798637416331,100.6789648361321,-27.997292491570683,0.0013893287913877,286.17366917911403,11.486307254069006,2,Hyades
SIM-Hyades-0021,Hyades,0.442126012360868,False,11.59148619208086,1.0205962203680767,21.567572883503374,0.0406108794648888,103.83039511982936,-28.49615251376482,0.0004061087946488,531.07869535675,8.260492563720133,2,Hyades
SIM-Hyades-0022,Hyades,0.2315510651096426,False,15.031464322672944,1.799067827010834,21.168953160241745,0.0819588850857774,100.79592338303706,-28.2711260148598,0.0015571341483351,258.2874710665783,11.659961232521649,2,Hyades
SIM-Hyades-0023,Hyades,0.1585645545689502,False,17.212129941063203,2.383237819289076,21.66427779629206,0.2526473150150579,102.18301521039342,-27.805952039057647,0.0065794194504517,85.74909175267055,13.890851020582367,2,Hyades
SIM-Hyades-0024,Hyades,0.2863378003949567,False,13.811500649437876,1.5178729587575688,21.7379619579961,0.0621405267944732,102.05657408774071,-27.187681209575903,0.0009046842264824,349.8194025598361,10.4975947713984,2,Hyades
SIM-Hyades-0025,Hyades,0.4108594394444149,False,12.030488214172989,1.0963617541114634,20.782874217850384,0.0435371634494411,100.56633135126172,-27.148326069636997,0.0004353716344944,477.35939990636166,8.61901626007495,2,Hyades
SIM-Hyades-0026,Hyades,0.2310618862549144,False,15.006009245980472,1.8060780343896805,21.593224949711672,0.0803533956361587,101.1035821048061,-26.16572718404328,0.0015103073727212,268.7282196198166,11.67759679143365,2,Hyades
SIM-Hyades-0027,Hyades,0.2034437572708603,False,15.806400182464223,1.9868120717456563,20.791660436026778,0.1280669522667617,101.595993359081,-29.11603496569548,0.0029019527744472,162.34992765907347,12.395846051297788,2,Hyades
SIM-Hyades-0028,Hyades,0.1781639769294796,False,16.523755218177055,2.1976993948831325,21.77622856968538,0.1715921843417007,101.1268440470191,-28.254182180289455,0.0041714387099662,126.90687896554314,13.213668550004607,2,Hyades
SIM-Hyades-0029,Hyades,0.4054370305336192,False,12.075958531678104,1.1122956409244793,20.989687708689797,0.0438355065563257,100.65729317357396,-28.90409739266944,0.0004383550655632,478.828451126017,8.685988416967021,2,Hyades
SIM-Hyades-0030,Hyades,0.1595052579800849,False,17.189291214023633,2.361330379512989,21.40746375169544,0.2464117892832441,102.36226855185336,-25.87164894279992,0.0063923536784973,86.87678383394271,13.842117300638364,2,Hyades
SIM-Hyades-0031,Hyades,0.1818475491483648,False,16.366640614550946,2.1459790661326545,22.02142725772068,0.162035508517004,100.6186038659084,-28.893992170164584,0.0038927023317459,135.9049473739872,13.080867930251177,2,Hyades
SIM-Hyades-0032,Hyades,0.4736196405039086,False,11.3631073521592,0.9492589219257136,20.616519541271792,0.0390869178241486,102.7206774060474,-27.313545329385654,0.0003908691782414,527.4531912192507,7.934184102192132,2,Hyades
SIM-Hyades-0033,Hyades,0.2262143361106513,False,15.160391027367922,1.8320506771888485,21.10046939928738,0.0896015942062126,101.432545459649,-26.779338966617445,0.0017800464976812,235.49212027105165,11.78185161078833,2,Hyades
SIM-Hyades-0034,Hyades,0.1712770439953962,False,16.796384190162335,2.2711648809077998,21.529973813868693,0.1873163294476424,101.45371891023017,-29.55125884039537,0.0046300596088895,114.9391186414777,13.461601698197736,2,Hyades
SIM-Hyades-0035,Hyades,0.187271624927298,False,16.360842340216614,2.1053584822870417,20.149522589796952,0.1613570903749757,99.82297752395968,-27.831942155938517,0.0038729151359367,124.87534661768957,12.882166143700761,2,Hyades
SIM-Hyades-0036,Hyades,0.1846377111427861,False,16.23989641463671,2.1418680191528945,22.286486139004907,0.1540307179013701,103.82016869916772,-25.55326432243413,0.0036592292721232,144.6885818793335,12.980104412771743,2,Hyades
SIM-Hyades-0037,Hyades,0.1617128898295459,False,17.100152785961505,2.363889747918652,21.79257346403486,0.2258173171817848,100.10947165038674,-29.57305054157567,0.0057745195154535,96.50532446318834,13.791695379422368,2,Hyades
SIM-Hyades-0038,Hyades,0.2105068329704656,False,15.630136075461133,1.936829851222752,20.719604422518028,0.1178738185121841,102.1100821252789,-27.93161035958167,0.0026046530399387,175.77783331398848,12.212043373597973,2,Hyades
SIM-Hyades-0039,Hyades,0.3197638541223507,False,13.23328478147928,1.3804742375259669,21.598866962340285,0.0534957199026462,102.04167294245246,-26.69400529104771,0.0006165239967548,403.74944017291153,9.905439628690004,2,Hyades
SIM-Hyades-0040,Hyades,0.330272783727621,False,13.04767297504794,1.3431583623839265,21.722466378272824,0.0507187484539507,100.56425131277676,-28.370350749497963,0.0005239582817983,428.29263419217455,9.732218643550802,2,Hyades
SIM-Hyades-0041,Hyades,0.1547643846671329,False,17.429518183166234,2.4210578056034207,21.39363239278498,0.3083037037149239,98.70263844794069,-27.294079667914293,0.0082491111114477,69.39142194855634,14.080940828373564,2,Hyades
SIM-Hyades-0042,Hyades,0.1804393162902239,False,16.554704631662265,2.16843394502261,20.86629830475127,0.173185728288626,102.61877859051158,-25.551726879288903,0.0042179170750849,120.48509141570915,13.151931690499662,2,Hyades
SIM-Hyades-0043,Hyades,0.272995814474389,False,14.077807090047113,1.5776720604139614,21.46974070910583,0.066178091873011,102.39343300628366,-27.663611741736517,0.0010392697291003,324.4236891916447,10.73694108742991,2,Hyades
SIM-Hyades-0044,Hyades,0.1820186244654791,False,16.389967840302386,2.171845663800438,21.94907004819339,0.1632869794179593,100.12591203759332,-25.58235780532667,0.0039292035663571,134.42020990547698,13.097048462852838,2,Hyades
SIM-Hyades-0045,Hyades,0.460968412765749,False,11.377847239144522,0.977214800453657,21.742067946292096,0.0391877430057842,103.34708943389334,-26.76743156600872,0.0003918774300578,554.8180701063319,8.064351482273072,2,Hyades
SIM-Hyades-0046,Hyades,0.2155118086015436,False,15.480944683854505,1.8934457954185837,20.8449735472454,0.1086107704865504,103.86987012986728,-29.8437902244521,0.0023344808058577,191.92363201057205,12.075951425519014,2,Hyades
SIM-Hyades-0047,Hyades,0.3787137856601687,False,12.42313496868255,1.1836519477183691,20.99605689279708,0.0461536838284613,102.6580838642438,-26.591701678166867,0.0004615368382846,454.91616597350725,9.03382367318725,2,Hyades
SIM-Hyades-0048,Hyades,0.2993466113855797,False,13.72940254768812,1.460905605180626,20.150335125498863,0.060941596900922,104.6669974756316,-27.079869863544648,0.0008647198966974,330.64993617182364,10.250813914700215,2,Hyades
SIM-Hyades-0049,Hyades,0.1658657502182322,False,16.99396155781605,2.308198939014346,21.311452113035315,0.199755023001258,101.22874309334868,-29.595425188397048,0.0049928548375366,106.68794102314564,13.637026770533591,2,Hyades
SIM-Hyades-0050,Hyades,0.1519005625402899,False,17.47203621953165,2.461456577116905,21.72045097735932,0.3159518774390706,101.68652813134445,-27.763699073690088,0.0084785563231721,68.74607346350705,14.156380410429078,2,Hyades
SIM-Hyades-0051,Hyades,0.2909301772373623,False,13.790398986577344,1.4962140837934337,20.957235985576222,0.0618694589949584,102.16623442040856,-27.636237536991796,0.0008956486331652,338.7331379006236,10.397069005195002,2,Hyades
SIM-Hyades-0052,Hyades,0.1548729919902052,False,17.381052137818973,2.41655851151318,21.444443226455768,0.2959888689524018,102.4268603242146,-26.74459233958661,0.007879666068572,72.45016781325066,14.037626012327227,2,Hyades
SIM-Hyades-0053,Hyades,0.2034758322128002,False,15.802618012265562,1.9893283551894367,20.944279111738616,0.1281955832403551,100.57004185888904,-27.45346634055163,0.002905704511177,163.3775406479488,12.407945096391073,2,Hyades
SIM-Hyades-0054,Hyades,0.4346930251248675,False,11.846452243627764,1.0388804474146298,19.951307465088284,0.0423090204018667,100.44530762505484,-27.60466342965425,0.0004230902040186,471.5615553275258,8.346309051076723,2,Hyades
SIM-Hyades-0055,Hyades,0.1684589745376852,False,16.84102689786026,2.2835891353799167,21.680775199641896,0.1905319397370722,101.23786853360936,-29.2437115900688,0.0047238482423312,113.79076510510863,13.521400929929097,2,Hyades
SIM-Hyades-0056,Hyades,0.3883543182883677,False,12.191234373924384,1.155899067000854,21.995864726632437,0.0446069954410929,101.59978080867728,-28.109570612471696,0.0004460699544109,493.10348094795427,8.902939574577854,2,Hyades
SIM-Hyades-0057,Hyades,0.2075262559859083,False,15.635773134719503,1.960526208787698,21.6858145279376,0.117975656896149,102.71737725304598,-28.73679277600468,0.0026076233261376,183.81601000134353,12.316651830054445,2,Hyades
SIM-Hyades-0058,Hyades,0.3167195701454535,False,13.42104661046894,1.3924343779850643,20.23643885329022,0.0563063743708203,103.46936102059614,-26.672032496297675,0.0007102124790273,359.3987195840009,9.951717055843543,2,Hyades
SIM-Hyades-0059,Hyades,0.1947002019742444,False,15.944188883126415,2.0568575002944343,22.04266096761669,0.136589200974339,102.57254807416372,-28.64862335961533,0.0031505183617515,161.37923650170444,12.660508987790031,2,Hyades
SIM-Hyades-0060,Hyades,0.337750073086129,False,12.976076316562605,1.3152609670832385,21.33228395276359,0.0498384204857332,102.57837235604865,-29.65806268600613,0.0004983842048573,428.02889306795333,9.621263096149333,2,Hyades
SIM-Hyades-0061,Hyades,0.1707606873841753,False,16.79209541875538,2.2522102786478126,21.627686932028865,0.1877842619108602,102.75298344982652,-28.46523918284012,0.0046437076390667,115.17305397134595,13.467145790714508,2,Hyades
SIM-Hyades-0062,Hyades,0.2013749922823374,False,15.774728073468212,2.0047096455676723,21.80299319242918,0.1267107638290427,100.90168360619408,-26.636989163288906,0.002862397278347,172.06899030176814,12.4673086694091,2,Hyades
SIM-Hyades-0063,Hyades,0.4526032463815962,False,11.596301140216228,0.9961485115540524,20.436156737141303,0.0406450977012048,100.69908082911414,-27.321511426044164,0.000406450977012,502.7951190417617,8.148297264655335,2,Hyades
SIM-Hyades-0064,Hyades,0.1638189957621104,False,17.04353464880977,2.332743276764069,21.712765651983545,0.2112665425266813,101.31261262307866,-27.745972226794088,0.0053379962758004,102.77427458368801,13.72711037384255,2,Hyades
SIM-Hyades-0065,Hyades,0.2055773182185148,False,15.705802030041472,1.9727665117222468,21.391946103245782,0.1222984064248711,102.37113229301497,-28.555733273763856,0.0027337035207254,174.9159840147797,12.357053508638955,2,Hyades
SIM-Hyades-0066,Hyades,0.3554371396897731,False,12.72795952876803,1.2560431553658704,21.163371481349973,0.0481835448832844,101.35187519692604,-25.32959518973821,0.0004818354488328,439.2240449019322,9.355883804730688,2,Hyades
SIM-Hyades-0067,Hyades,0.2370161381478396,False,14.83442025127408,1.7665606658724595,21.86485324097076,0.0775774694766707,102.97476985092172,-27.556644567007424,0.0014192489825556,281.8454041936237,11.533153084592598,2,Hyades
SIM-Hyades-0068,Hyades,0.1797021603458754,False,16.406411300230758,2.1834067002068487,21.84649643199845,0.1643436752056955,101.39441369024152,-27.467348509600946,0.0039600238601661,132.9317748593305,13.10332029114442,2,Hyades
SIM-Hyades-0069,Hyades,0.1859190068448533,False,16.330589744124786,2.1158103633272978,21.1270947485203,0.1598846212856739,99.72632176011226,-27.556795577485573,0.0038299681208321,132.1396303073543,12.954788644096553,2,Hyades
SIM-Hyades-0070,Hyades,0.1549276577817614,False,17.484964934714323,2.446001519271929,20.46450036511671,0.3213418278424942,99.30361333443278,-26.28459946392137,0.0086402548352748,63.68452094306064,14.039970664394374,2,Hyades
SIM-Hyades-0071,Hyades,0.1655123753380166,False,16.973550445422912,2.323098499441979,21.67820364832974,0.1982088570855149,101.15177277136188,-30.20224106889159,0.0049477583316608,109.37050930563073,13.653666904417893,2,Hyades
SIM-Hyades-0072,Hyades,0.2057267463215207,False,15.67081090733773,1.9677006384151683,21.692468084403437,0.1202161219224424,101.928276043963,-27.54567531711279,0.0026729702227379,180.44558198606975,12.352355743125171,2,Hyades
SIM-Hyades-0073,Hyades,0.1850993573473741,False,16.329807125066232,2.1334293049863686,21.159761643357545,0.1598806833203136,103.0511510285046,-29.19967283470964,0.0038298532635091,132.3472054529873,12.957360981211467,2,Hyades
SIM-Hyades-0074,Hyades,0.2268402684095109,False,15.17041783171702,1.8315810309891496,20.898722197482808,0.0904357923247485,99.47827417226716,-27.266681442583977,0.0018043772761384,231.08905954444432,11.771016496830386,2,Hyades
SIM-Hyades-0075,Hyades,0.4092173305403283,False,11.93748084407856,1.1005054221686288,21.955441657469606,0.0429142652509266,102.12654822756552,-28.5026709481988,0.0004291426525092,511.6117339791935,8.645191733237482,2,Hyades
SIM-Hyades-0076,Hyades,0.1820009081778032,False,16.455402079250533,2.146171365321657,21.102924815519945,0.1674126038313491,102.50356541283485,-27.01084494838611,0.0040495342784143,126.05338148123519,13.077115337542622,2,Hyades
SIM-Hyades-0077,Hyades,0.2056996528934545,False,15.797635003222323,1.967891237304814,20.477242825309705,0.1279815673761484,101.482574970639,-29.4260940015422,0.0028994623818043,160.00150056863575,12.353992404789095,2,Hyades
SIM-Hyades-0078,Hyades,0.1902194460930833,False,16.208184193600164,2.084342413588048,20.92808165502385,0.1525420441047691,100.59486981533024,-29.200181007866146,0.0036158096197224,137.1954976599763,12.811831299263952,2,Hyades
SIM-Hyades-0079,Hyades,0.1850604698695581,False,16.219322647225543,2.1247074904441385,22.199301957736772,0.153048388072565,102.0686202883242,-27.129102831627776,0.0036305779854498,145.0476038154116,12.95101924004872,2,Hyades
SIM-Hyades-0080,Hyades,0.3979440530790139,False,12.090822007960384,1.130991358502709,21.851569133263467,0.0439390438870641,100.06201533535562,-27.187076330591733,0.0004393904388706,497.3155353454719,8.788235150751056,2,Hyades
SIM-Hyades-0081,Hyades,0.1584036645702851,False,17.2948955446323,2.4019541519666103,21.20811600912909,0.2709971302445762,101.35808003675892,-27.886206807345687,0.0071299139073372,78.25955939086388,13.927405996319258,2,Hyades
SIM-Hyades-0082,Hyades,0.2281397462903582,False,15.140051092541391,1.8301236707947948,21.04066795042316,0.0884146335678747,104.04271459805868,-30.124639399522483,0.0017454268123963,237.9772114790311,11.755348705923854,2,Hyades
SIM-Hyades-0083,Hyades,0.178575703023622,False,16.509827257228476,2.185491637209349,21.70076032618399,0.1703197330275954,101.4699903688036,-28.233964352553727,0.0041343255466382,127.41189726188689,13.192202009347024,2,Hyades
SIM-Hyades-0084,Hyades,0.1853797278474644,False,16.335355352514547,2.1246190563249527,21.21414457644334,0.1601953240314267,101.17930038789572,-25.830452794181724,0.0038390302842499,132.4267403228424,12.968482973937357,2,Hyades
SIM-Hyades-0085,Hyades,0.1778053407244619,False,16.56633889730071,2.196311534391983,21.240753841456225,0.1739613871051769,100.6221572901109,-27.39843884968061,0.0042405404572343,122.1003936270874,13.202188526997356,2,Hyades
SIM-Hyades-0086,Hyades,0.1709149072934688,False,16.752185987915674,2.230284769763938,21.812240048101444,0.185225862650812,101.61532637039934,-27.172361596218405,0.0045690876606486,117.76022924628998,13.445687330612962,2,Hyades
SIM-Hyades-0087,Hyades,0.1591394912820273,False,17.16678156427839,2.385041769900746,21.995280303988057,0.2399955233791234,103.05196421770914,-29.10893211137429,0.0061998657013737,91.64871075216635,13.878429068882033,2,Hyades
SIM-Hyades-0088,Hyades,0.2083164772036354,False,15.661445066198464,1.9513989880317315,21.00956709437177,0.1198233826656942,101.66035584898144,-27.24003788270322,0.0026615153277494,175.33778989521778,12.27353058513863,2,Hyades
SIM-Hyades-0089,Hyades,0.2681452003450615,False,14.21506715832757,1.600656461344525,21.190308043119508,0.0682061943192787,100.94998499094042,-28.87340696568024,0.0011068731439759,310.6801113096263,10.84575350876559,2,Hyades
SIM-Hyades-0090,Hyades,0.1725076600878323,False,16.896812148380796,2.2494181469366814,20.01163152477488,0.1938160417060547,101.17671125333364,-27.811107568440427,0.0048196345497599,103.25064606945654,13.403224636369927,2,Hyades
SIM-Hyades-0091,Hyades,0.3427156020889673,False,12.90929191978739,1.2985903563835248,21.23932273948144,0.0494001623074373,101.92431579144096,-26.858970058908127,0.0004940016230743,429.94439182811783,9.544995240969328,2,Hyades
SIM-Hyades-0092,Hyades,0.1577351676634109,False,17.307807655130745,2.39092189465072,21.377605510074098,0.2763918913488295,102.80574811085695,-28.093528658897917,0.0072917567404648,77.34527017326201,13.957602948082098,2,Hyades
SIM-Hyades-0093,Hyades,0.3050328739358346,False,13.56975175350162,1.436823875293298,20.765835913608235,0.0585504552003743,101.69505721430389,-26.465368582260883,0.0007850151733458,354.6656613094185,10.15649884353161,2,Hyades
SIM-Hyades-0094,Hyades,0.3353907888312522,False,12.992618731229218,1.3219089409885965,21.55833729163008,0.0499429324164849,100.23873990813236,-27.989117302469285,0.0004994293241648,431.6594210338002,9.660695043274918,2,Hyades
SIM-Hyades-0095,Hyades,0.1751436953127698,False,16.78459900652787,2.2251637072224453,20.305699605234643,0.1870650885917184,99.93424274628336,-26.64761269690958,0.0046227317505917,108.54884659720308,13.322688792072517,2,Hyades
SIM-Hyades-0096,Hyades,0.4965057497665053,False,11.033699318834774,0.9037070918052396,21.64370108036472,0.0368904410590634,103.473345751913,-29.34838913023439,0.0003689044105906,586.7021499068578,7.710356955291672,2,Hyades
SIM-Hyades-0097,Hyades,0.4403608042701742,False,11.642494539368354,1.0253870787468569,21.349987842374883,0.0409550611767918,103.55706169743084,-27.04611719462119,0.0004095506117679,521.3027945487086,8.289482699641715,2,Hyades
SIM-Hyades-0098,Hyades,0.1710696784488821,False,16.913895405561654,2.2585111303296954,20.056110989081617,0.1950106042367233,101.07304265836896,-27.64970934276658,0.0048544759569044,102.84625837441901,13.425129027118478,2,Hyades
SIM-Hyades-0099,Hyades,0.1865261856009556,False,16.23809795474859,2.119974169960116,21.798384927370368,0.1542420252645194,103.47545022735332,-27.05574333419281,0.0036653924035484,141.3258474140685,12.930219541323272,2,Hyades
SIM-Hyades-0100,Hyades,0.1561062883805729,False,17.346092245162843,2.3994155060834514,21.570837703627543,0.2862889855775961,100.99346175076232,-25.07950218800161,0.0075886695673278,75.34637652967253,14.015427301458725,2,Hyades
SIM-Hyades-0101,Hyades,0.263599663389111,False,14.233859329836456,1.627262919661704,21.984971380514057,0.0685226721881536,101.45788573879106,-28.138206162885776,0.0011174224062717,320.8422946517092,10.944488852848442,2,Hyades
SIM-Hyades-0102,Hyades,0.2559544739037461,False,14.42584285061149,1.664423637082482,21.659913537286236,0.0713728501190167,100.85180486344264,-28.50193333474808,0.0012124283373005,303.4755302775156,11.104126443924473,2,Hyades
SIM-Hyades-0103,Hyades,0.2381340403232819,False,14.762291767670751,1.7636970886538517,22.27867135433835,0.076458884987561,102.19539059689484,-26.135928956692048,0.0013819628329187,291.3810652347708,11.501738202718467,2,Hyades
SIM-Hyades-0104,Hyades,0.415543255147238,False,11.89614571448421,1.083705410213165,21.64896342984842,0.0426447200847381,99.5281292451158,-28.55209461745084,0.0004264472008473,507.6587063259035,8.573331248537555,2,Hyades
SIM-Hyades-0105,Hyades,0.1589132869075486,False,17.236098339480964,2.3711334261052475,21.432318383533733,0.2602174849619503,103.62040130763414,-25.121963079221803,0.0068065245488585,82.3630986467632,13.891444100596878,2,Hyades
SIM-Hyades-0106,Hyades,0.3593712107776164,False,12.69824304862096,1.243234541946116,20.832073133204887,0.0479897150540845,102.5097421706099,-27.498503664840182,0.0004798971505408,434.0945369174853,9.291905506259312,2,Hyades
SIM-Hyades-0107,Hyades,0.2852526824935708,False,13.947351510017311,1.5220385834227863,20.51657468536943,0.064236304544222,103.33601053735272,-28.180701345942307,0.0009745434848074,319.3922008892226,10.507875787485315,2,Hyades
SIM-Hyades-0108,Hyades,1.3654846673107144,False,7.050355155060123,0.1203528942745387,20.615218562596155,0.0226259034655927,100.00737430688868,-28.185501984598677,0.0002262590346559,911.1334976720731,3.6212948728246914,2,Hyades
SIM-Hyades-0109,Hyades,0.5645087345518826,False,10.556752550879846,0.7819097548964182,20.565123335981717,0.0337123254997035,102.05087443406757,-27.425348604264965,0.000337123254997,610.0179394673496,7.122409143197393,2,Hyades
SIM-Hyades-0110,Hyades,4.48365799295502,True,-3.088728432347755,0.7800208652760968,21.8646919204974,0.02,103.063496424927,-24.44462262015885,0.0002,1093.23459602487,-6.390011620369304,2,Hyades
SIM-Hyades-0111,Hyades,0.5524191020027759,False,10.628351952252078,0.8017797547467131,20.790104858488576,0.0341857089509708,99.6919918446595,-28.129747831910954,0.0003418570895097,608.1519294599325,7.217635351133602,2,Hyades
SIM-Hyades-0112,Hyades,1.1971303621803286,False,7.46668816565093,0.2026766171088027,20.99443335157697,0.0236658286996049,102.91241467766538,-27.15736771085897,0.000236658286996,887.1201434804381,4.077208952374892,2,Hyades
SIM-Hyades-0113,Hyades,2.115865620591832,False,5.574208375340746,-0.1182933729608895,21.64464990093805,0.02,101.9577045927868,-30.24258405512991,0.0002,1082.2324950469024,2.2509612031204913,2,Hyades
SIM-Hyades-0114,Hyades,0.6594577091177232,False,9.803630949906642,0.644170993973531,21.19463010097852,0.0295086109156788,100.04023292048376,-29.473156069421176,0.0002950861091567,718.2523827211801,6.434760157162989,2,Hyades
SIM-Hyades-0115,Hyades,3.753928121443666,True,-0.4418721159560076,0.6984811664324322,20.052512973473977,0.02,102.4374325149391,-30.510166833646128,0.0002,1002.6256486736988,-3.931028086006675,2,Hyades
SIM-Hyades-0116,Hyades,2.64367715610976,False,4.9311311778994185,-0.2217431470218661,22.032315975045016,0.02,102.46799839004136,-27.903053056237702,0.0002,1101.6157987522508,1.6464319347191196,2,Hyades
SIM-Hyades-0117,Hyades,0.7623250602561292,False,9.144761401612238,0.5249831454247836,21.54312931619241,0.027861531370516,102.80157089123524,-25.740233035109068,0.0002786153137051,773.221293176658,5.811305343507362,2,Hyades
SIM-Hyades-0118,Hyades,0.5647728733317967,False,10.519909315103234,0.7812535187846318,20.95140117183964,0.0334617462547217,103.27319941782778,-29.13083840728536,0.0003346174625472,626.1299399126021,7.125974678547882,2,Hyades
SIM-Hyades-0119,Hyades,6.586700381122192,True,-4.455800879315625,0.6999027044751441,21.124393715559417,0.02,105.76874420414818,-27.75081344447936,0.0002,1056.2196857779709,-7.831879613044963,2,Hyades
SIM-Hyades-0120,Hyades,4.167992882638947,True,-2.812979215623465,0.6965567533047838,21.126090937061285,0.02,101.1309877927685,-27.61731993010634,0.0002,1056.3045468530643,-6.1888834912514845,2,Hyades
SIM-Hyades-0121,Hyades,0.7430390352080278,False,9.418360857789924,0.5460414655934993,20.006930656418337,0.0285462255621128,104.559843408921,-27.719751762773527,0.0002854622556211,700.8608060244571,5.924263192218927,2,Hyades
SIM-Hyades-0122,Hyades,1.1631291360985103,False,7.604667099227577,0.2196499617035809,20.64521088935712,0.0240121147413595,101.50332670470397,-28.952723624895416,0.0002401211474135,859.7831183022344,4.178763716830299,2,Hyades
SIM-Hyades-0123,Hyades,0.5056252342281145,False,10.967302449310598,0.8866296445205057,21.514289109896627,0.036448925724679,102.9640649548293,-29.50394516857905,0.0003644892572467,590.2585242815438,7.630937451287316,2,Hyades
SIM-Hyades-0124,Hyades,1.0638236371030447,False,8.005649099702794,0.2799718161406658,19.94402859626695,0.025014737626337,102.60931140085069,-28.752542013604312,0.0002501473762633,797.2911366965006,4.504713540697232,2,Hyades
SIM-Hyades-0125,Hyades,1.942799228887032,False,5.921940493855351,-0.0756325037030366,20.681287051521025,0.02,100.9270816302514,-26.326464998255204,0.0002,1034.0643525760513,2.4998283066758002,2,Hyades
SIM-Hyades-0126,Hyades,1.783764403702249,False,6.080237824982847,-0.0319243993342779,21.59872696863109,0.0202008824513616,100.5921494940405,-28.30228668806861,0.0002020088245136,1069.1972006982928,2.7523785976838884,2,Hyades
SIM-Hyades-0127,Hyades,0.8707142040549285,False,8.526739170592204,0.4232168831668129,22.369429113866257,0.0263158990956378,100.72163840283562,-28.490858825372143,0.0002631589909563,850.034765392997,5.275013674029896,2,Hyades
SIM-Hyades-0128,Hyades,1.281898479893676,False,7.208862505533466,0.1588579430334392,21.16156147681638,0.0230222732311078,102.56333027285856,-28.328485337095405,0.000230222732311,919.1777573129826,3.8366010576386476,2,Hyades
SIM-Hyades-0129,Hyades,1.967238284594521,False,5.855076266452764,-0.0822867834940788,20.981797322435376,0.02,104.58242740658312,-25.956825843233368,0.0002,1049.0898661217689,2.464289704277837,2,Hyades
SIM-Hyades-0130,Hyades,1.1069985145909065,False,7.703937929356376,0.2525724201553387,21.431809532381187,0.0242597697074831,103.111011910323,-26.80652821351996,0.0002425976970748,883.4300486278067,4.359232134250708,2,Hyades
SIM-Hyades-0131,Hyades,0.9848344959081357,False,8.151746030841615,0.3330382264630159,21.31578127155184,0.0253793191816614,101.24138426043064,-29.499180246835355,0.0002537931918166,839.8878283131492,4.795252306586754,2,Hyades
SIM-Hyades-0132,Hyades,0.6824605649444089,False,9.570830263634845,0.6152385316298585,21.99661356671435,0.0289276743262014,102.92631022636644,-28.214166473593718,0.000289276743262,760.4003460033009,6.282609389906522,2,Hyades
SIM-Hyades-0133,Hyades,0.57408248861429,False,10.32374334389729,0.767165939500827,22.07182892730968,0.0321581224428548,103.70683211039145,-25.69651517314548,0.0003215812244285,686.3531590356829,7.042934950831285,2,Hyades
SIM-Hyades-0134,Hyades,0.5683266918464132,False,10.523705662012636,0.7751742192273731,20.56212984016253,0.0334916540580126,100.97019271844364,-27.435512378654447,0.0003349165405801,613.9478750301738,7.089046147948704,2,Hyades
SIM-Hyades-0135,Hyades,2.5290351703718565,False,5.056364021124403,-0.2025970658270756,21.97638201987279,0.02,101.6707263480414,-26.44787801650225,0.0002,1098.8191009936395,1.7661450006570591,2,Hyades
SIM-Hyades-0136,Hyades,1.2394801164613878,False,7.390765678468069,0.1801633119041563,20.52735915462123,0.0234772941538889,100.23349470242474,-28.479122560003507,0.0002347729415388,874.3494467492103,3.9524310832978795,2,Hyades
SIM-Hyades-0137,Hyades,0.6953455030316066,False,9.564645470677393,0.5987356568056541,21.237793074172377,0.0289102288728827,101.20487623670805,-27.141579703080257,0.0002891022887288,734.6117240217723,6.200192395835153,2,Hyades
SIM-Hyades-0138,Hyades,1.0076449734640496,False,8.080472735239603,0.3172977430518433,21.193664773844464,0.0252001463169435,102.85346447651922,-28.93507170205595,0.0002520014631694,841.0135602901144,4.711503038718654,2,Hyades
SIM-Hyades-0139,Hyades,3.2454838045043264,True,-0.8843514386117491,1.057724913920216,20.466109752186146,0.02,101.21770662725794,-28.394679804787632,0.0002,1023.3054876093073,-4.329174944820959,2,Hyades
SIM-Hyades-0140,Hyades,0.6171027959843516,False,10.083214622661531,0.7024210665617189,21.30599754397298,0.0305551757876502,101.13991816060334,-28.20016789068809,0.0003055517578765,697.2958588765326,6.725723985773586,2,Hyades
SIM-Hyades-0141,Hyades,0.5529578618549645,False,10.549797514729663,0.802246905991123,21.53546308930957,0.033669552003551,102.84472568453856,-27.62462780981964,0.0003366955200355,639.6124037242404,7.215568590130905,2,Hyades
SIM-Hyades-0142,Hyades,0.8633613043110934,False,8.66885806711532,0.4287163105248049,21.333350447820173,0.0266710075654306,101.79471036631476,-25.67534183587001,0.0002667100756543,799.8704359212591,5.31415340548118,2,Hyades
SIM-Hyades-0143,Hyades,0.8163443705924582,False,8.97006551556707,0.4717664154545761,20.58945351856982,0.0274241269076884,103.23803204722824,-27.28721391710732,0.0002742412690768,750.778815598229,5.538289614606912,2,Hyades
SIM-Hyades-0144,Hyades,1.3883546129782285,False,6.815309553238164,0.1096018268254433,22.35205166521254,0.0220394600992072,100.52685811129152,-27.823573939198397,0.000220394600992,1014.183267856756,3.5618965163019176,2,Hyades
SIM-Hyades-0145,Hyades,1.1388400466214117,False,7.560080760574885,0.2333867731804655,21.87009345042889,0.0239010427309668,102.0073922528739,-28.30166242980592,0.0002390104273096,915.02674994566,4.259333954436799,2,Hyades
SIM-Hyades-0146,Hyades,1.0348256749378388,False,7.843721040344011,0.2994278606385145,22.57946910939529,0.0246089883010157,102.5999903462118,-27.69227055784372,0.0002460898830101,917.5293528203821,4.612289673025115,2,Hyades
SIM-Hyades-0147,Hyades,0.8230058539319033,False,8.769711050561428,0.4655329491541717,22.26781964620234,0.0269221983628307,100.80280763928089,-27.584234991940196,0.0002692219836283,827.11743469455,5.508099526396183,2,Hyades
SIM-Hyades-0148,Hyades,6.991448619201995,True,-4.093674850388025,1.0289113509108438,21.70713370912963,0.02,100.72938249808716,-26.994421711925835,0.0002,1085.3566854564815,-7.410662443500511,2,Hyades
SIM-Hyades-0149,Hyades,0.6135137242805591,False,10.142613273523263,0.706847898563057,20.94369305972165,0.030952919373755,99.948105486188,-29.052527627948635,0.0003095291937375,676.6306210676793,6.747879595777549,2,Hyades
SIM-Hyades-0150,Hyades,0.997656971951342,False,8.144580820278026,0.324133094004866,20.920453265589536,0.0253624719169208,102.01025930606828,-29.21327191965608,0.0002536247191692,824.8586073990788,4.747436269201595,2,Hyades
SIM-Hyades-0151,Hyades,0.5408056484604908,False,10.704883783355662,0.8217202952691414,21.095252432843477,0.0346967433877103,100.87385750737845,-26.30925622930957,0.0003469674338771,607.9894068765972,7.325807416665482,2,Hyades
SIM-Hyades-0152,Hyades,1.7842747318617371,False,6.053318542159494,-0.0320441213031253,21.89008844145988,0.0201334035840344,102.01192073290804,-26.06021879630821,0.0002013340358403,1087.2522546966932,2.75455612331126,2,Hyades
SIM-Hyades-0153,Hyades,0.7471591246939018,False,9.23755945510998,0.5415958039155995,21.48997636331726,0.0280950743045693,100.41696183827392,-27.56645068478171,0.0002809507430456,764.9019230328995,5.8987391441803805,2,Hyades
SIM-Hyades-0154,Hyades,0.5805989933321982,False,10.316870604666754,0.7564178997850898,21.652200155353857,0.0321151507524019,101.43319753181557,-27.602654234317598,0.000321151507524,674.2051538940536,6.994380770187867,2,Hyades
SIM-Hyades-0155,Hyades,0.514539593922002,False,10.892972840336062,0.8699458537607743,21.48050689284404,0.0359556942887032,101.60477811693504,-27.401859435714996,0.000359556942887,597.4159953738657,7.553195468063885,2,Hyades
SIM-Hyades-0156,Hyades,0.5782746036459973,False,10.354912322997736,0.759732451505491,21.510378654352824,0.0323647187781059,102.88358802680987,-28.619528687995597,0.000323647187781,664.6243028351038,7.018152600422859,2,Hyades
SIM-Hyades-0157,Hyades,0.5820476616065725,False,10.318176850999404,0.7545933700360761,21.54053015210238,0.0321178645298881,101.66054678977912,-27.247703833563627,0.0003211786452988,670.6713060595074,6.984458790400506,2,Hyades
SIM-Hyades-0158,Hyades,1.6041322867322698,False,6.380504112802395,0.0261177454056937,21.94907163333724,0.0209515819173515,102.6388841214684,-28.3870840648276,0.0002095158191735,1047.6092793336834,3.0875848921747977,2,Hyades
SIM-Hyades-0159,Hyades,0.716828059008872,False,9.356000997032464,0.574743955518781,22.030498984092628,0.0283905099828657,100.38435296498076,-29.32364259088516,0.0002839050998286,775.9810935903765,6.071122666532059,2,Hyades
SIM-Hyades-0160,Hyades,0.6270856556892517,False,9.96091301326669,0.687672093894587,21.84642142578141,0.0299016969672296,100.28630156343338,-25.4301276678828,0.0002990169696722,730.6080805287984,6.657814548787636,2,Hyades
SIM-Hyades-0161,Hyades,3.257089723189946,True,-1.442425309076564,1.0091337661694249,21.82960878953305,0.02,105.18945850788084,-27.449092891092818,0.0002,1091.4804394766525,-4.747195545342928,2,Hyades
SIM-Hyades-0162,Hyades,0.8191123317787156,False,8.857414542294725,0.4689249117222634,21.54132915409151,0.0271447076170257,101.35705579037412,-27.55386368776356,0.0002714470761702,793.5738140196567,5.523777026537795,2,Hyades
SIM-Hyades-0163,Hyades,1.6331643836326797,False,6.443970435426929,0.0154140152187616,20.730219242591755,0.021109592720881,102.36479437002322,-28.357976431634057,0.0002110959272088,982.0283847582724,3.0269899114882,2,Hyades
SIM-Hyades-0164,Hyades,0.7690734223530058,False,9.107120271024517,0.5180540579647309,21.615605736441463,0.0277673838721339,100.14951318098925,-28.70294059820241,0.0002776738387213,778.4530885581164,5.780957322630096,2,Hyades
SIM-Hyades-0165,Hyades,3.898678199809283,True,-2.4859285621543314,0.7809829872070265,21.47568057199176,0.02,102.03814276024048,-28.88650516351826,0.0002,1073.784028599588,-5.826193883810884,2,Hyades
SIM-Hyades-0166,Hyades,1.46223222340123,False,6.742157410946096,0.0799922565253718,21.31412700510555,0.0218560061070983,101.9356307836085,-28.04502118798869,0.0002185600610709,975.2068562143767,3.3854951574077754,2,Hyades
SIM-Hyades-0167,Hyades,1.7378944381628525,False,6.1778575903759965,-0.0175535255236689,21.436544697080933,0.0204456148174845,101.01922099956955,-29.637273211726868,0.0002044561481748,1048.4666217397883,2.8336315094896705,2,Hyades
SIM-Hyades-0168,Hyades,1.1045605320341672,False,7.761588559801373,0.2548426899669792,20.954479731012533,0.0244040778927472,102.04598994478584,-26.291618926572557,0.0002440407789274,858.6466500846617,4.367972971846026,2,Hyades
SIM-Hyades-0169,Hyades,1.0708617540184866,False,7.852941274689056,0.2760879138926289,21.16795886666789,0.0246326817169275,100.8288662164049,-26.80597898721779,0.0002463268171692,859.344472109236,4.481336189330288,2,Hyades
SIM-Hyades-0170,Hyades,0.8440699224490383,False,8.707560413948782,0.4459065445488695,21.84700413203273,0.026769130023976,102.44129049209867,-26.276800433745876,0.0002676913002397,816.1267890463856,5.404519868048164,2,Hyades
SIM-Hyades-0171,Hyades,0.8562740257581019,False,8.688997950580266,0.4347624045078369,21.40990580592307,0.0267213957641809,102.74398502489932,-26.219864812908725,0.0002672139576418,801.2270764172545,5.342071733559269,2,Hyades
SIM-Hyades-0172,Hyades,0.7062177035784737,False,9.43936948856787,0.5868627675708117,21.87483190309708,0.0285980520982623,99.96775583203195,-27.648292650593387,0.0002859805209826,764.9063589343644,6.139093110448114,2,Hyades
SIM-Hyades-0173,Hyades,1.2463152161141322,False,7.262987524802264,0.1765270446355887,21.55294435601159,0.0231576570421307,101.08389935074668,-29.819877990247843,0.0002315765704213,930.7048773025847,3.9305205632306945,2,Hyades
SIM-Hyades-0174,Hyades,0.5582307055757312,False,10.50628743855337,0.7926475562607489,21.564378068419536,0.033373923189823,101.02544623056082,-27.984534143733026,0.0003337392318982,646.144534634614,7.174972125099918,2,Hyades
SIM-Hyades-0175,Hyades,0.5246017980119653,False,10.805677255849428,0.8504890011182271,21.334451731852308,0.0353717688205802,101.61997054950032,-26.82020596336682,0.0003537176882058,603.1491339907033,7.451084688476966,2,Hyades
SIM-Hyades-0176,Hyades,0.7481858432182841,False,9.232074571076115,0.5401738148014197,21.586760077490755,0.0280795587433298,101.9422602536244,-26.45816598277965,0.0002807955874332,768.7713426984892,5.903011894360166,2,Hyades
SIM-Hyades-0177,Hyades,0.9754775119192564,False,8.228247229776574,0.3400272720706875,20.91581358301698,0.0255703554231243,102.9434419976768,-28.243586764280582,0.0002557035542312,817.9711715740161,4.830621041905303,2,Hyades
SIM-Hyades-0178,Hyades,5.373347411061782,True,-3.4530579041589635,1.0230347629583407,20.774196166649208,0.02,102.75866755003511,-28.29663205029551,0.0002,1038.7098083324604,-6.865436762851157,2,Hyades
SIM-Hyades-0179,Hyades,1.4990989811358122,False,6.676630857534558,0.065509056787977,21.1722112518381,0.0216915077724758,104.25159215191876,-27.900790823863357,0.0002169150777247,976.0599158857627,3.3054619507304324,2,Hyades
SIM-NGC752-0001,NGC752,0.464634031496388,False,16.330657652011237,0.9703283887782852,2.022429304760606,0.1599340969208548,9.419532081116238,-11.857884900873849,0.0038314111601915,12.645391718824209,7.860024399628157,1,field
SIM-NGC752-0012,NGC752,0.3590242072175684,False,17.530611576042435,1.2323739490242676,2.2517889883082245,0.3328981263769666,9.984574843801566,-11.4138760929325,0.0089869437913089,6.76419844357534,9.293250031124149,1,field
SIM-NGC752-0016,NGC752,0.4006196996503263,False,16.88499321630687,1.1262719664746483,2.4974057771172347,0.1930779043469499,9.885498408918751,-12.065563735895877,0.0047981055434527,12.934705219451418,8.872438776372597,1,field
SIM-NGC752-0020,NGC752,0.4777152789616223,False,16.028539642532927,0.9393092442639036,2.6481853052945103,0.1419254279026945,9.373964016723315,-11.575341684218554,0.0033061583138285,18.658991164783615,8.143281499262361,1,field
SIM-NGC752-0021,NGC752,0.2979922512721122,False,18.451545317629247,1.4596256077339955,2.9444304014377227,0.5633188105856479,9.718984866104364,-11.447752163684145,0.0158995643175694,5.226934279678287,10.796551783638577,1,field
SIM-NGC752-0028,NGC752,0.3439638346734127,False,17.68387804998501,1.302890905357226,3.010815994438562,0.3693746989713353,10.04786988023975,-11.119600426625547,0.01008124096914,8.151115934099783,10.077299122397951,1,field
SIM-NGC752-0029,NGC752,0.4097753231322942,False,16.80130348410136,1.0967948358229636,2.465268693312911,0.187928961942075,10.405736170512764,-11.911470801899402,0.0046479280566438,13.118088174577244,8.760624787083774,1,field
SIM-NGC752-0036,NGC752,0.4828762901206328,False,16.01683374131511,0.9258507953576932,2.146215912132857,0.1410549630600221,9.374006691104054,-11.881742764496282,0.0032807697559173,15.215458326124924,7.675200793423421,1,field
SIM-NGC752-0038,NGC752,0.4951051625280643,False,15.882669441147131,0.8988006228316651,2.427320394175577,0.1329675015290742,8.875123417325769,-12.427864632892044,0.0030448854612646,18.25498987543831,7.808304965243625,1,field
SIM-NGC752-0039,NGC752,0.3590279656837589,False,17.522509912314632,1.2872083671387295,1.9492879086619077,0.3323137580297268,9.57017770132513,-11.742021690438836,0.0089694127408918,5.865805617616157,8.971889856770744,1,field
SIM-NGC752-0040,NGC752,0.4718659592349531,False,16.12221777321884,0.9732754088995572,2.297763401238312,0.1474509906383954,9.78322167999055,-11.496004885233395,0.0034673205602865,15.58323475000098,7.928744311806396,1,field
SIM-NGC752-0051,NGC752,0.4862809446954955,False,15.96813598600584,0.9197996383842088,2.4434286233144227,0.1380321582884099,9.253648200392648,-11.91495195834058,0.0031926046167452,17.701879428770688,7.908134271368972,1,field
SIM-NGC752-0060,NGC752,0.377824180350937,False,17.221132412906243,1.2068177174586634,2.520802678079688,0.2541444735190515,9.144305753033017,-11.272707427997032,0.0066243342055715,9.918778257008688,9.228826670691316,1,field
SIM-NGC752-0064,NGC752,0.3843461190779869,False,17.129435209133938,1.158262193311482,2.332261240388065,0.2316263434407844,10.366468642720385,-11.709131914398007,0.0059487903032235,10.0690672992656,8.968321183360834,1,field
SIM-NGC752-0066,NGC752,0.4530458303236773,False,16.405371358199666,0.9995681978876374,1.8747789963802148,0.1641068532300012,9.538762043446171,-12.643105247550778,0.0039531165525417,11.424135918032928,7.770121755026221,1,field
SIM-NGC752-0072,NGC752,0.564194374209314,False,15.324993212607774,0.7839179177466344,2.2951797313499056,0.0997441713545735,10.376731782558782,-10.935653723465164,0.0020758716645083,23.01066518654943,7.129076712686995,1,field
SIM-NGC752-0073,NGC752,1.5449785568961614,False,11.454903630428657,0.0461802646209731,2.239914678919187,0.0396994642232625,9.996192920234453,-12.102322944003832,0.0003969946422326,56.421786105785145,3.206061009643438,1,field
SIM-NGC752-0074,NGC752,1.840587325950633,False,10.931640544669891,-0.048730796572461,2.218196956578641,0.036213772833176,9.72416079588485,-11.277912562936407,0.0003621377283317,61.2528544539418,2.6616410701415685,1,field
SIM-NGC752-0075,NGC752,0.7736459375318252,False,13.945212290321429,0.5139040321859851,2.393302967112121,0.0641735417616548,9.808868054872056,-11.2197970871436,0.0009724513920551,37.29423219309014,5.840200686473672,1,field
SIM-NGC752-0076,NGC752,0.7276283166146819,False,14.21274681335049,0.559960651756047,2.285511122250582,0.0681823989282268,9.73565484911107,-11.533418350690576,0.0011060799642742,33.52054427795154,6.007663508793582,1,field
SIM-NGC752-0077,NGC752,0.7841630649167849,False,13.838668625613126,0.5009671056984094,2.5176307969864498,0.0625877422248597,9.957983987365374,-11.553595205202962,0.0009195914074953,40.2256209840791,5.843628837896073,1,field
SIM-NGC752-0078,NGC752,0.5111554335265331,False,15.825163344699169,0.8772893314359085,2.202888468451264,0.1295133992132808,9.552958617019888,-11.803717948739552,0.0029441408103873,17.008961866745377,7.540125892272476,1,field
SIM-NGC752-0079,NGC752,1.3855442501117066,False,11.786934160771809,0.1090402036228942,2.2582614068445483,0.0419146246675943,9.659098977173244,-11.925769861924785,0.0004191462466759,53.87764830900398,3.5558052237810553,1,field
SIM-NGC752-0080,NGC752,1.0978187423771872,False,12.59161285333885,0.259142281064453,2.295596848655778,0.0472798393740646,9.786446314808938,-11.575527936179611,0.0004727983937406,48.55339779168179,4.396090952766544,1,field
SIM-NGC752-0081,NGC752,0.5108578977190927,False,15.78629573679544,0.879502512546135,2.288200601536936,0.1270579978922465,10.723967489841003,-11.456466123589758,0.0028725249385238,18.009103240218533,7.58376621397735,1,field
SIM-NGC752-0082,NGC752,1.0682010850242676,False,12.720325840339903,0.2761566575383898,2.302505801937348,0.0481390773052855,10.044943005885472,-11.42440736802572,0.0004813907730528,47.830285307203866,4.5313295064459,1,field
SIM-NGC752-0083,NGC752,0.6945454388572813,False,14.38139309661777,0.6008089352570439,2.3966136876971538,0.0707384662543486,10.4131346978152,-11.102852766535644,0.0011912822084782,33.879921556114084,6.279383273414211,1,field
SIM-NGC752-0084,NGC752,0.6305671212462195,False,14.859376002216788,0.6840306512199368,2.235920639381576,0.0778705852778492,10.088659456167344,-12.040684446690122,0.0014290195092616,28.713289252978022,6.606657926530417,1,field
SIM-NGC752-0085,NGC752,0.761939403764501,False,14.103464097835422,0.5253889523753204,2.256524858141652,0.0665341689527928,9.468176120313643,-11.89280548449734,0.001051138965093,33.91527832477622,5.870664708441941,1,field
SIM-NGC752-0086,NGC752,1.2871769232789092,False,11.96302125401732,0.1561072737332908,2.361364819811441,0.0430866468067917,9.459413113726551,-11.814539034875857,0.0004308664680679,54.8050264946406,3.8288366976517594,1,field
SIM-NGC752-0087,NGC752,0.6588797571339744,False,14.59896391563518,0.645887684200214,2.394319093069818,0.0740008743459183,9.752168020806971,-11.473667638624113,0.0013000291448639,32.35528112651121,6.494874059363623,1,field
SIM-NGC752-0088,NGC752,2.399524744546356,True,5.68978704867292,0.5622857452655979,2.2732630501435387,0.02,9.554928550392804,-11.577366411998485,0.0002,113.66315250717693,-2.5269644867016803,1,field
SIM-NGC752-0089,NGC752,0.5449768117314826,False,15.429257116554355,0.8095588746583945,2.419558800823873,0.1057568539322181,9.84025108327984,-12.343018833942544,0.002251241573023,22.878505844875278,7.347938021174832,1,field
SIM-NGC752-0090,NGC752,0.7449512328059705,False,14.119209709705924,0.5442942611979726,2.3466025780531337,0.0667849346971895,9.8410347907393,-12.438227370796316,0.0010594978232396,35.13670543653141,5.971407427035599,1,field
SIM-NGC752-0091,NGC752,1.469555864678218,False,11.610548622914331,0.0754642235568159,2.29744219612227,0.040735042669226,9.62958510765608,-11.932831456187422,0.0004073504266922,56.39965114994008,3.416771589427194,1,field
SIM-NGC752-0092,NGC752,0.6661810381448502,False,14.583320926556215,0.6401985422107287,2.2482361459644573,0.0737467548047717,9.883262233075632,-11.597003587409192,0.0012915584934923,30.48589937165598,6.342530556021339,1,field
SIM-NGC752-0093,NGC752,0.5614096565620612,False,15.376575970725792,0.7881477878006978,2.324765971393125,0.1024694515858301,10.177676543329024,-11.583204737087094,0.0021553590045867,22.687405225799054,7.208472170945559,1,field
SIM-NGC752-0094,NGC752,0.6095138406748152,False,14.93701843979957,0.7195223943848851,2.3577642124440445,0.0790697261661988,9.924010036803276,-12.051604899247309,0.0014689908722066,29.8187982526738,6.799520296956697,1,field
SIM-NGC752-0095,NGC752,1.1190180275498451,False,12.586916917552974,0.2449229205562554,2.17893304843557,0.047248792330547,9.97721839964522,-11.85388245361972,0.0004724879233054,46.11616384164934,4.278136347486184,1,field
SIM-NGC752-0096,NGC752,0.8497714006772942,False,13.60390318817101,0.4403763531881723,2.3070928007807945,0.0590457573597654,9.868978577996856,-12.01945016680652,0.0008015252453255,39.07296483172692,5.419228508102941,1,field
SIM-NGC752-0097,NGC752,0.8825638089752761,False,13.431453996617092,0.41176379168344,2.2352630348953264,0.0564636142507213,9.50141648739769,-11.913998497072823,0.0007154538083573,39.587671893794365,5.178097177317133,1,field
SIM-NGC752-0098,NGC752,0.5022882123132268,False,15.874621470066597,0.8986203235356888,2.230841673283571,0.1325874765221739,10.012032084750562,-11.807393944816832,0.0030338013985634,16.825432776906993,7.616965213777922,1,field
SIM-NGC752-0099,NGC752,0.5237704587029667,False,15.657356222491725,0.8563769661865617,2.35215328401895,0.119275301601971,10.463934523772618,-11.76776845084087,0.0026455296300574,19.720371715078365,7.514684323616038,1,field
SIM-NGC752-0100,NGC752,0.665941909665788,False,14.696835446772177,0.6345530027746791,2.1544957646706377,0.0754128832991217,9.592189766013188,-11.539275566186008,0.0013470961099707,28.569332856893038,6.3635636701960845,1,field
SIM-NGC752-0101,NGC752,0.927587267438722,False,13.198840127647587,0.3754161566206676,2.327569107319838,0.052980552363017,9.835851020547944,-11.515392176365305,0.0005993517454339,43.93251869802313,5.03335304956026,1,field
SIM-NGC752-0102,NGC752,0.7214683559816302,False,14.277728511224124,0.5701542652251658,2.2572159413848807,0.0691596583054524,9.836134635120246,-11.434117256088683,0.0011386552768484,32.63775438877388,6.045594055097183,1,field
SIM-NGC752-0103,NGC752,0.5803292519777422,False,15.254332439522502,0.7581436282261372,2.1130204576775595,0.0953688056072475,9.54206553052246,-11.609272695682808,0.0019482568302113,22.156306186527114,6.8788509484789735,1,field
SIM-NGC752-0104,NGC752,0.5229201070354869,False,15.709570316174617,0.8480462361903599,2.4145153881867145,0.1224684350633883,9.575771531583014,-11.643548321080436,0.0027386626893488,19.71540982733215,7.623720204126023,1,field
SIM-NGC752-0105,NGC752,0.5933153306343742,False,15.165794906498,0.7377409676451523,2.246928562535527,0.0899319069814639,9.1534807975161,-11.366103069593924,0.0017896806202926,24.984776126215664,6.923741231233143,1,field
SIM-NGC752-0106,NGC752,0.6150119096381359,False,15.037473536712575,0.710710153846744,2.20533556424454,0.0820972211718255,9.508009907196532,-11.380316853695136,0.0015611689508449,26.862487338382376,6.75484694249316,1,field
SIM-NGC752-0107,NGC752,0.575521853382446,False,15.233308501952578,0.7592591156929172,2.397575760614897,0.0940463943912393,9.62186935079328,-11.76047202095655,0.0019096865030778,25.493542587510813,7.132170198261289,1,field
SIM-NGC752-0108,NGC752,0.9603791293235042,False,13.21876608565146,0.3513816722292742,2.1330083354908167,0.0532836394821568,9.597271679486225,-11.59416579319528,0.0006094546494052,40.03120575510052,4.863728848718088,1,field
SIM-NGC752-0109,NGC752,0.7324754487074614,False,14.221992863043416,0.5573375192458897,2.268528449910724,0.0683423915184793,9.70996467317047,-11.75975374612847,0.0011114130506159,33.19357721477057,6.000714013942641,1,field
SIM-NGC752-0110,NGC752,0.6053379963572215,False,14.983076951580308,0.7199293427665017,2.3206212806254407,0.0797473975629755,9.306227600319003,-11.285623444361804,0.0014915799187658,29.099649036106488,6.8110983041079844,1,field
SIM-NGC752-0111,NGC752,1.778930052193104,False,11.021932877796344,-0.0301292006541303,2.2145985852714505,0.0368128854301969,9.965040728332612,-11.487926186249291,0.0003681288543019,60.15824511965199,2.748407968514579,1,field
SIM-NGC752-0112,NGC752,5.123771559704177,True,1.8819151447818208,0.787576080207711,2.2941409384003437,0.02,9.60757790502045,-11.276151365204845,0.0002,114.70704692001718,-6.314984380919904,1,field
SIM-NGC752-0113,NGC752,0.6854415605615962,False,14.430072472999283,0.6148405754890389,2.3332670289781365,0.0714592118512749,9.051428134187477,-11.606665465710211,0.0012153070617091,32.651731925539124,6.269894693704986,1,field
SIM-NGC752-0114,NGC752,0.6445828093695035,False,14.760455917106858,0.6627682461660727,2.36351213420334,0.0763958856749569,9.61686475698636,-11.837706114758609,0.0013798628558318,30.937688768468792,6.628245098607055,1,field
SIM-NGC752-0115,NGC752,0.7567956937046869,False,14.124531566348704,0.532573329956161,2.220475898610459,0.0668628510228481,9.748453361987476,-11.4667428460352,0.0010620950340949,33.20941097548603,5.856761884527016,1,field
SIM-NGC752-0116,NGC752,0.5402659192274669,False,15.485095302828814,0.8167772560159405,2.358840656589642,0.108931208736682,9.539868646093478,-12.03176804488469,0.0023438269214865,21.654406335393166,7.348588325821556,1,field
SIM-NGC752-0117,NGC752,0.5950731845592384,False,15.044876806372534,0.7383935400309793,2.2921268039406093,0.0827387984431945,9.889158922349242,-12.153290904619984,0.0015798816212598,27.70316764406848,6.846070005328302,1,field
SIM-NGC752-0118,NGC752,1.371947965515721,False,11.82140732201593,0.1170050478850498,2.1955781640109464,0.0421432085859625,9.132317946448223,-11.388523086705286,0.0004214320858596,52.09803044617425,3.52915183642447,1,field
SIM-NGC752-0119,NGC752,0.5088045102583504,False,15.834072927283133,0.8793771502302868,2.193687743911556,0.129886768274854,9.809298759395848,-11.97544018092646,0.0029550307413499,16.889231852081217,7.539946971582021,1,field
SIM-FIELD-00000,field,0.3851002494450142,False,14.234349816357176,1.1712975808063537,8.95469432816912,0.0684988476130363,-15.242657787620711,1.341334339676806,0.0011166282537678,130.72766389817212,8.994603644526894,3,field
SIM-FIELD-00003,field,0.404681237907154,False,16.27943518583688,1.1146425827374764,3.006073586741694,0.1569274617955897,-3.103230265458109,-7.208287329639687,0.0037437176357047,19.155816020635957,8.669433223985369,1,field
SIM-FIELD-00008,field,0.4348321725196554,False,16.03866654446005,1.0385277135174322,2.844133923366247,0.1424412139372121,1.9237716601135304,-10.523927965572124,0.0033212020731686,19.967071641357517,8.308416756523622,1,field
SIM-FIELD-00009,field,0.1344615529383281,False,19.667120349404644,2.693018763782499,13.575711816934795,1.0648354976444872,-0.1248911583949343,-7.141216880244079,0.0321611832548162,12.749116503878302,15.330933400768819,3,field
SIM-FIELD-00013,field,0.1565237747465566,False,19.69548119562359,2.4435528944103493,6.789371556223496,1.12113898758292,15.50732892567932,-17.39756234974888,0.0340379662527639,6.055780444189887,13.854629078590524,3,field
SIM-FIELD-00015,field,0.1699870534841491,False,17.942426572432215,2.234588946936964,13.061854810673482,0.432269257375135,-12.750546457989522,-5.949673925555902,0.011968077721254,30.21694138044624,13.52245083264204,3,field
SIM-FIELD-00017,field,0.3813503851009662,False,15.641318441629172,1.172937489715979,4.556001153465214,0.1186001421714,0.0677468578632492,-10.85624099618446,0.0026258374799991,38.414803473683165,8.934237568426903,1,field
SIM-FIELD-00025,field,0.4046438310176984,False,17.401243959792957,1.123161029092674,2.075664517433029,0.2993726222100033,-5.567984306465163,-7.987292427851521,0.0079811786663,6.933381222739185,8.987029766365499,1,field
SIM-FIELD-00027,field,0.3663746936316738,False,16.30572259759391,1.2188600619004313,3.7304987690574127,0.1585143673436975,1.833396023634054,-3.323997266367204,0.0037900023808578,23.53413656800452,9.164557102707239,1,field
SIM-FIELD-00028,field,0.142374621216277,False,19.87157441305507,2.587039745734199,10.267610409775203,1.1991803765042932,-0.250018493240033,-7.737553769265959,0.0366393458834764,8.562190151665181,14.928921321108799,3,field
SIM-FIELD-00036,field,0.1562937688976612,False,18.65393097480228,2.383832187882453,11.164542486016495,0.6262365475663729,1.8267293794314337,2.1041397310331007,0.0177870964269911,17.8279957140847,13.89313562846761,3,field
SIM-FIELD-00037,field,0.2451276202360196,False,17.051859690247134,1.7038013680209771,7.3820302346158755,0.2127907632993507,-7.032314505803737,-12.931470250443676,0.0053837228989805,34.69149750748792,11.392738788273277,3,field
SIM-FIELD-00038,field,0.330112756179922,False,17.695327703555495,1.3636363461132528,2.159206091481128,0.3761547914248815,12.023866804112972,2.178353045300276,0.0102846437427464,5.7402062680153945,9.366798187392899,1,field
SIM-FIELD-00040,field,0.1912689558951269,False,17.04823193236385,2.088467323533727,13.63600819798412,0.213748345722437,3.5527711474441834,-2.9238196840237,0.0054124503716731,63.79468412677759,12.72166820064027,3,field
SIM-FIELD-00045,field,0.2145100355877491,False,18.19850636098724,1.9285526078034927,5.548800108049262,0.5056396153943881,0.8966474131867388,-21.87116875866793,0.0141691884618316,10.973823923430755,11.919501760571823,3,field
SIM-FIELD-00051,field,0.1302180308885059,False,19.77778197978145,2.815771745408393,11.846457710991295,1.1525505999441747,0.4688743039256742,-10.871958485047845,0.0350850199981391,10.27847082077359,15.14572452199729,3,field
SIM-FIELD-00054,field,0.1277188253066841,False,19.658899682157426,2.73665454013797,15.497745599483247,1.0797503408457814,-7.194967128569134,-5.03827918960674,0.0326583446948593,14.353082386937407,15.610242319811427,3,field
SIM-FIELD-00057,field,0.184386940397848,False,17.286055218558925,2.1283693407399795,14.046638370979032,0.2736742125043772,-8.034712705339443,-10.980897186648985,0.0072102263751313,51.32613059315688,13.02391722708987,3,field
SIM-FIELD-00064,field,0.1785015921283411,False,18.74016179448445,2.160975260254101,8.242797153823746,0.6293229043799549,7.822168452357918,16.89990070509601,0.0178796871313986,13.097882019636682,13.320534856811678,3,field
SIM-FIELD-00065,field,0.211003362884749,False,17.923031200221356,1.93702295114808,7.303585027616323,0.4324738105494787,16.808785774570737,-8.764542066309312,0.0119742143164843,16.887924423300383,12.240711648443943,3,field
SIM-FIELD-00066,field,0.3351223346348167,False,15.705853313076425,1.3253999936451188,6.318546244856259,0.1226346278763765,-3.0900168005049253,1.7123035053869795,0.0027435099797276,51.523345031272534,9.708939155072208,3,field
SIM-FIELD-00069,field,0.1587326896338569,False,18.59357873161276,2.3596292670429446,11.51035481519729,0.6049324250962822,18.02500359433483,-4.214603085631186,0.0171479727528884,19.027505119047436,13.899022288035923,3,field
SIM-FIELD-00074,field,0.4083310586809366,False,13.313942653058422,1.1033143920410549,11.768805304283712,0.0547096585405509,-4.939263040890257,-5.701370652756802,0.0006569886180183,215.11385042845134,8.66760454412715,3,field
SIM-FIELD-00075,field,0.3997099255447412,False,14.934363992483236,1.127662074470988,6.018096361696463,0.0790743002563124,-3.5446518329873524,-6.208700450830783,0.001469143341877,76.10685573175269,8.83165967937559,3,field
SIM-FIELD-00079,field,0.3011557915436221,False,15.054835782311253,1.455564660645435,10.882095607810408,0.0831986352815771,-6.970726533836886,10.788935327036578,0.0015932935290459,130.79656380157067,10.238398468345798,3,field
SIM-FIELD-00081,field,0.133299757815742,False,19.399827736673668,2.715299971476923,13.166838635132503,0.9404977640228864,1.479259127878695,-23.176019057113905,0.0280165921340962,13.999861710263563,14.997235302398057,3,field
SIM-FIELD-00084,field,0.3458493505788607,False,17.163715232863222,1.2836301303308966,2.736247751174642,0.2414730299443651,-15.013756491939594,-17.841322100436,0.0062441908983309,11.331483900314119,9.349492321087439,1,field
SIM-FIELD-00085,field,0.2211156600326027,False,17.760290427077177,1.88277878404298,6.752489876293309,0.3890725554189147,17.23547386062566,-5.959310176116772,0.0106721766625674,17.35534871901437,11.907610135785394,3,field
SIM-FIELD-00086,field,0.3556189663146429,False,14.809880026521554,1.2560027860656924,8.119481073264769,0.0771178791713339,1.1408821459384886,-14.526346748398373,0.0014039293057111,105.2866230310302,9.357521395498848,3,field
SIM-FIELD-00091,field,0.2579377152314157,False,18.69056575840294,1.6441753065590916,3.5498503032769744,0.6252715468259911,3.0474641990390428,-4.364864231826905,0.0177581464047797,5.6772938434457085,11.441615954901604,1,field
SIM-FIELD-00094,field,0.3529440702187265,False,16.74556644319833,1.2628209515448587,3.2804529946221628,0.1846838020085981,-2.454673403551676,4.744400725354113,0.0045532775585841,17.76253769385492,9.325235539014,1,field
SIM-FIELD-00101,field,0.430406509048455,False,13.032855075445957,1.0464572595108623,11.8127857251066,0.0504828486070399,-4.704965406662022,-2.845958388895951,0.0005160949535679,233.99602144200895,8.394616706772831,3,field
SIM-FIELD-00103,field,0.1329377492395019,False,19.667682993742563,2.632541371489239,11.05816372008243,1.093859282477058,9.007324250126558,-13.655139256893438,0.0331286427492352,10.109311039570903,14.886098071422465,3,field
SIM-FIELD-00105,field,0.4668214305477743,False,14.795314516638191,0.9666309295134417,4.350082790871914,0.0769555113628521,1.4285065286192906,7.425181537004023,0.0013985170454284,56.52724169891986,7.987802129315593,1,field
SIM-FIELD-00107,field,0.1855627608018563,False,18.179569389032064,2.140529417928302,9.346549094483334,0.4958261193480007,-16.018413563934995,-15.62047145563121,0.01387478358044,18.85045730703703,13.032825846675975,3,field
SIM-FIELD-00112,field,0.1233608036934671,False,19.867319726734024,2.7175502258666744,11.813596064998295,1.2701666247806522,2.2538478364945007,-17.431830627529223,0.039005554159355,9.300823871858867,15.229230312795778,3,field
SIM-FIELD-00117,field,0.3507182264069459,False,17.991505766603183,1.2829954394364858,2.747562216909784,0.4503038059353741,-5.0260026049540905,-12.467655463964578,0.0125091141780612,6.101574494140749,10.186243444336814,1,field
SIM-FIELD-00119,field,0.4023198242766376,False,14.09563863293345,1.1202424936679758,8.454739361543226,0.0664341837253816,0.1005539070612913,-11.977230087595212,0.0010478061241793,127.26489417695727,8.731139752573705,3,field
SIM-FIELD-00130,field,0.4284452375469976,False,16.855191764104685,1.0539223824767192,2.117113852006653,0.1914655275980618,7.50013321340465,-7.2587738048359,0.0047510778882768,11.057415288098497,8.483912832587928,1,field
SIM-FIELD-00131,field,0.2756006719108753,False,18.10778809467596,1.5893732579195572,3.8044077778026137,0.4719392389587493,7.739430057199606,9.328896395542245,0.0131581771687624,8.06122369946684,11.00922339909186,1,field
SIM-FIELD-00132,field,0.2420598568305267,False,17.1866237101459,1.7465741617543908,7.028156950021836,0.2469521612296795,-10.439044828577083,-6.458508977844567,0.0064085648368903,28.45958875203061,11.420830967266827,3,field
SIM-FIELD-00138,field,0.3084095825036368,False,16.415636347148375,1.4172476577677295,5.391622721853021,0.1647662893609529,0.2932634819902766,1.0426362335615422,0.0039723501063611,32.72285091061081,10.074233821581867,3,field
SIM-FIELD-00140,field,0.1711814943851799,False,17.611974622731207,2.26897025321694,13.729651529895436,0.3527035740581812,3.568845310408518,-0.768942139744612,0.0095811072217454,38.926885179878056,13.300272195818096,3,field
SIM-FIELD-00141,field,0.2426397343523887,False,16.30310360888231,1.7377921877732556,10.370939200395055,0.1582859850444981,-6.218655590013928,0.3727798238024306,0.0037833412304645,65.52026193272593,11.38219404997844,3,field
SIM-FIELD-00146,field,0.2951335856893463,False,17.477670740220063,1.4846032383528005,3.954194422147697,0.3157410608063998,-4.692268029590791,-10.408672097796938,0.0084722318241919,12.523535621400399,10.462960835960708,1,field
SIM-FIELD-00150,field,0.3918060053807351,False,14.813723610621205,1.149180082017709,6.430187780359759,0.0771829316272146,5.05352743712323,-11.061002958427324,0.0014060977209071,83.3110073016776,8.854841889537232,3,field
SIM-FIELD-00151,field,0.4433326356824767,False,12.78906472206701,1.0159963021055904,12.382739170484635,0.0485959914169199,-5.970043357324119,0.169363660988645,0.0004859599141691,254.80988882908719,8.253148347361924,3,field
SIM-FIELD-00154,field,0.2606130230123115,False,18.089923735359005,1.6369290581582223,3.9126306068017023,0.4770014709922978,-16.04489578981971,3.6125967872915385,0.0133100441297689,8.20255459309659,11.052267974861955,1,field
SIM-FIELD-00158,field,0.2291167496902253,False,18.1602780745924,1.8365168172142248,4.118342038336822,0.4865971921804159,-7.497068748001526,-6.576684624994219,0.0135979157654124,8.46355487561026,11.233890139564368,1,field
SIM-FIELD-00161,field,0.2945952994808976,False,14.620484861063066,1.47879242985354,13.82392611934224,0.0743095304860485,19.531644975841974,3.488089142708692,0.0013103176828682,186.031670889613,10.323641881540496,3,field
SIM-FIELD-00164,field,0.1874677446821298,False,18.232481080374296,2.1644437644641785,8.13926273157827,0.511619708238978,8.373309700136732,3.499203290538431,0.0143485912471693,15.90881391100832,12.785406418021436,3,field
SIM-FIELD-00166,field,0.3316742298100789,False,16.446162457784435,1.3304003467230103,4.497842708942465,0.1668804727774034,5.643292712594283,-3.562600552409211,0.0040340137893409,26.952480623314123,9.711183777496876,1,field
SIM-FIELD-00168,field,0.2094892807822609,False,17.12198593331907,1.9304934681031256,10.257483982481084,0.2298375149243224,-10.28916737086911,-6.22421651273491,0.0058951254477296,44.6292851097808,12.177190170665412,3,field
SIM-FIELD-00170,field,0.2601488257802218,False,16.648058069372166,1.632647153434684,7.754896861544847,0.1787946516652735,-3.35494387229466,-6.700449380154189,0.0043815106735704,43.373203780519155,11.095938200197779,3,field
SIM-FIELD-00172,field,0.4443440708154204,False,15.336563297266617,1.010054076444091,3.708368171874603,0.1004162177145264,-1.166903452929402,-15.207070960425549,0.0020954730166736,36.92997263068736,8.182477522088423,1,field
SIM-FIELD-00174,field,0.2901606288033372,False,17.355121712985266,1.5108488231247523,4.225274561073381,0.286497146044822,-4.8329732653062365,-2.2921998411441207,0.0075949143813446,14.748051139093524,10.484396387679944,1,field
SIM-FIELD-00180,field,0.2328162236623221,False,17.09028170734516,1.8023815733582207,8.554925535111073,0.2222993418155628,5.054473360798777,-2.210403109061825,0.0056689802544668,38.48380955715523,11.751362875602116,3,field
SIM-FIELD-00182,field,0.2582941686036603,False,17.73412804483754,1.645220568747266,4.467800485372047,0.3806037926969139,-4.760078177614129,-1.4275113837584026,0.0104181137809074,11.738717719321018,10.984596899691214,1,field
SIM-FIELD-00183,field,0.3279360907325906,False,17.10943665279859,1.346291726641443,3.640108917969635,0.2282693392728532,-6.054644368502377,0.4413447310085765,0.0058480801781855,15.946552128135647,9.915008545996482,1,field
SIM-FIELD-00186,field,0.1607576130586686,False,19.45902569193781,2.361280433483929,7.377381225111723,0.9577199110622564,4.1517169469005655,-6.297939058048984,0.0285906637020752,7.703067608701056,13.798536822652892,3,field
SIM-FIELD-00188,field,0.2210391398335163,False,19.038957779450925,1.9175160667850384,3.9971063860104383,0.7216211072799417,14.21037688971766,14.386868439196212,0.020720703575998,5.539065231998298,12.047686316901585,1,field
SIM-FIELD-00189,field,0.2999078021276326,False,14.520708591357948,1.4583337785079065,13.955191862300412,0.0727727155611904,5.406610439110536,-12.373125412619627,0.0012590905187063,191.76406644556627,10.244387650072941,3,field
SIM-FIELD-00193,field,0.2358290933502977,False,17.227162877883174,1.7800987643908677,7.411932376184713,0.2568940520340968,1.2282179632528905,-5.287926724437802,0.0067068215610229,28.852098043908576,11.57682011947163,3,field
SIM-FIELD-00196,field,0.1129285668311015,False,20.18981420717472,3.0680210682780613,14.477643093335251,1.3,-15.353215697952468,2.6766205057087795,0.04,11.136648533334808,15.99330353758782,3,field
SIM-FIELD-00203,field,0.3629282349711918,False,14.896282032010657,1.2322991876763827,7.467522539888336,0.0784279995094625,8.825640987377183,-15.3824190316872,0.0014475999836487,95.21500722439521,9.26216474274994,3,field
SIM-FIELD-00204,field,0.2618680731859968,False,18.336762459095343,1.5987841599043684,2.9524084903244434,0.5340066850532164,2.244063212343816,2.5572423709618426,0.0150202005515964,5.528785636888088,10.68764468694473,1,field
SIM-FIELD-00205,field,0.3907289223630759,False,15.554638731817438,1.146750277328925,4.6210538879085385,0.1133899659080506,19.738762436208656,9.165959218391167,0.0024738740056514,40.753640332300755,8.878343896943814,3,field
SIM-FIELD-00207,field,0.1528279444864664,False,18.937662750538035,2.4342157403901354,12.178324474681125,0.6859455382502666,4.957034316976737,-8.340231348340932,0.019578366147508,17.754069085055953,14.365600455792665,3,field
SIM-FIELD-00208,field,0.3884049721712954,False,14.649806663064508,1.1611442506755172,7.039337376978119,0.0747412078432381,-0.5833587460226016,-9.483627880436725,0.0013247069281079,94.18281534521621,8.887465564552178,3,field
SIM-FIELD-00210,field,0.4182113631297227,False,15.313784379107505,1.0764198078448488,4.558622911166086,0.0987243121867555,-6.08852077027747,-7.276436860669537,0.0020461257721137,46.175281551140095,8.607952723564356,1,field
SIM-FIELD-00212,field,0.1857573067763765,False,19.561641937690588,2.0974780803695654,5.36452933722806,1.0627294984641331,-0.1609937818112239,3.734972008305454,0.0320909832821377,5.047878453530206,13.20930006108177,3,field
SIM-FIELD-00216,field,0.2566173128343156,False,18.361700282141427,1.6094018344979542,3.055122436116818,0.537905523673502,12.726025627775956,-12.418223989523192,0.015137165710205,5.6796636242970004,10.786843380016986,1,field
SIM-FIELD-00219,field,0.4996663726112695,False,11.839209682930864,0.8982733132158568,14.79834564763108,0.0422642771014475,-18.24916668701732,-8.634577926306324,0.0004226427710144,350.13838311040826,7.690275517924647,3,field
SIM-FIELD-00222,field,0.2377334734509134,False,15.710546714384906,1.75947264654484,14.45722932073247,0.1225444892932292,5.684249125340813,5.28717458797051,0.0027408809377191,117.97535249535906,11.510972063681978,3,field
SIM-FIELD-00224,field,0.201781035452095,False,17.046014342814356,1.9888094122489728,12.245943018021071,0.2096070677729196,2.2462668177480287,9.915717745493389,0.0052882120331875,58.423330606808854,12.485975514190523,3,field
SIM-FIELD-00227,field,0.3184706167749982,False,15.625130933540408,1.3950290262359344,7.3508988944048115,0.1175245164616215,-1.2689237025541298,-3.0349858125328018,0.0025944650634639,62.54779101180392,9.956833180668877,3,field
SIM-FIELD-00231,field,0.1721427918128411,False,17.793713941347217,2.221699671252168,12.424175135873323,0.4005728588784281,4.710389483171173,-22.28684806593987,0.0110171857663528,31.016018335990157,13.265051765062122,3,field
SIM-FIELD-00233,field,0.3795983261063737,False,15.304891446645572,1.1833078952538216,5.579136710100845,0.0984649087143022,8.154874219290399,13.83276056483511,0.0020385598375004,56.66116774950572,9.037726463694717,3,field
SIM-FIELD-00235,field,0.2384051366703995,False,18.34997242822375,1.7626557976728827,4.087523962322383,0.542068088367311,0.6943145191166176,-17.39573313324828,0.0152620426510193,7.540609842268807,11.407273986441771,1,field
SIM-FIELD-00236,field,0.2206915115742911,False,19.04992669826829,1.9248951608928175,5.017562941234303,0.7273873628981917,6.149936610647951,0.1976050735911483,0.0209129120966063,6.898061744216173,12.552390843586878,3,field
SIM-FIELD-00238,field,0.4694689222471977,False,12.184243909881868,0.9604198458504224,14.38095281025254,0.0445664168807743,-4.3092133985842285,0.0319626155485333,0.0004456641688077,322.6858656536151,7.973182215820813,3,field
SIM-FIELD-00243,field,0.2777594030112161,False,14.840167569674424,1.5587228077001247,14.491043772884655,0.0775743678861034,0.0129350807714646,-11.221423119624522,0.0014191455962034,186.8019574991673,10.645665911274007,3,field
SIM-FIELD-00248,field,0.2223043036877349,False,16.480667021840723,1.860662979626306,11.76957353328474,0.1689029474929234,7.52053432298071,-8.194607508549154,0.0040930026352102,69.68246385266815,11.834470654878347,3,field
SIM-FIELD-00256,field,0.2822144675550883,False,16.516976487427332,1.5225853643275955,6.38170417463487,0.1709272972559072,5.38576811664951,-9.70907073142881,0.0041520461699639,37.33578121861001,10.541659829944663,3,field
SIM-FIELD-00257,field,0.1631459641006744,False,19.350823189326825,2.339262278834127,8.649447878189282,0.8900897800188815,2.139337459242994,-5.734195725700584,0.0263363260006293,9.717500495293633,14.035765119073647,3,field
SIM-FIELD-00258,field,0.4606198042460663,False,13.117719034437986,0.9786539670051384,9.847666687619611,0.0517762769983644,5.650443924932155,3.4624567358390137,0.0005592092332788,190.19650037662416,8.084385737822924,3,field
SIM-FIELD-00260,field,0.2856020049920427,False,17.19893008923032,1.5011343382015068,4.841818195817615,0.2491546584642535,-13.264780622488228,2.473119943319345,0.0064746397539276,19.432982813412966,10.623972480232313,3,field
SIM-FIELD-00261,field,0.1667986316671874,False,18.85263045612395,2.2698597697980203,8.309117059122428,0.6679184002200127,-2.327454301279488,-9.622835892095688,0.0190375520066003,12.440317644169408,13.450404842960502,3,field
SIM-FIELD-00266,field,0.4813884431109711,False,17.184236762563206,0.93995132524497,1.4549571589560013,0.2439558202873824,5.439679564635067,-7.260459027014339,0.0063186746086214,5.964019047555607,7.998487791362097,1,field
SIM-FIELD-00268,field,0.4958103298431466,False,13.248694427947854,0.9054603703239832,7.83742307849218,0.0537479683695002,3.077970489926903,0.6810037883031187,0.0006249322789833,145.81803398804558,7.7195608850203,3,field
SIM-FIELD-00269,field,0.1544090177540806,False,18.749053133075623,2.376539895329852,13.321897004348497,0.6406393487434634,7.552007917227965,5.758144737971285,0.0182191804623039,20.79469053918993,14.371883491428804,3,field
SIM-FIELD-00271,field,0.1433620747085355,False,19.71357073459971,2.538644596872925,10.52681531873736,1.147289425920191,3.945631129344788,-4.202437227333723,0.034909647530673,9.175379011529074,14.825055753541779,3,field
SIM-FIELD-00277,field,0.3966860519707088,False,14.795228880537744,1.1344548882067396,6.341157264676698,0.0769758139707644,10.522659333767976,-14.876712584652209,0.0013991937990254,82.37856720924165,8.806071501017852,3,field
SIM-FIELD-00288,field,0.3206205994978406,False,16.32756473351079,1.39038920298692,4.881397886560248,0.1596233368111255,11.2865968974615,-3.3106951630078885,0.0038223473236578,30.58072825739865,9.770285777422181,3,field
SIM-FIELD-00289,field,0.2653377673287692,False,17.521951907440805,1.6147503877709837,4.656326079761564,0.3338963001703774,16.209257646697797,0.8779143947401755,0.0090168890051113,13.945425802518862,10.862168837903399,1,field
SIM-FIELD-00292,field,0.1470240981470832,False,19.64102318839755,2.441769557408389,10.008357881750912,1.079256166498557,-12.244262204568695,-12.170647818762436,0.0326418722166185,9.273384940871955,14.642837321350086,3,field
SIM-FIELD-00293,field,0.4301809390505792,False,15.087088980246904,1.0510641419831794,4.65483655810593,0.0851987339325532,4.694327675119133,3.774982777475459,0.0016516297396994,54.63504377648251,8.426611162839231,3,field
SIM-FIELD-00296,field,0.2160827902789639,False,17.315356742184697,1.8910069722182608,8.992111856438557,0.2781987513056519,-4.849064805517296,-7.51983894470295,0.0073459625391695,32.32261760427202,12.084665245282428,3,field
SIM-FIELD-00297,field,0.4160883257614127,False,14.732735233463355,1.081777547717918,5.875925922201381,0.075981698042133,-0.9645801822662718,6.634376903407431,0.0013660566014044,77.33343783582055,8.578116793474154,3,field
SIM-FIELD-00300,field,0.2829289948909099,False,14.801328510773793,1.535613300393216,14.221493780351038,0.0769956544967926,0.7612950518783688,4.377876279342477,0.001399855149893,184.7051482748739,10.56605458925857,3,field
SIM-FIELD-00306,field,0.492071458584406,False,16.913441610344186,0.8965265349008279,1.3565917529457077,0.194601579870662,21.07563150641144,-19.596434862378903,0.0048425460795609,6.97112404661534,7.575687473115483,1,field
SIM-FIELD-00310,field,0.2906640962642832,False,15.346590393875784,1.499529088458312,10.18400153403477,0.1007972701253405,1.5384411058841427,-5.082045457428864,0.0021065870453224,101.03449747568617,10.386182674196663,3,field
SIM-FIELD-00311,field,0.1909739562116776,False,17.46933374958659,2.1010982473032835,11.752453307981131,0.3178429002780508,6.092365187936003,-4.0022905320871125,0.0085352870083415,36.975667217043444,12.819976421733635,3,field
SIM-FIELD-00314,field,0.4355815238732545,False,13.549782090923433,1.0336031218067745,9.06014587185053,0.0582414949407454,15.135832466275016,-2.550632440754129,0.0007747164980248,155.56169842598092,8.335458041134075,3,field
SIM-FIELD-00317,field,0.3499832655666339,False,13.578430363160695,1.272243586710529,14.82268834509388,0.0586798082974162,-4.739535622947117,-8.16405149362249,0.0007893269432472,252.60287610289544,9.433065250323718,3,field
SIM-FIELD-00319,field,0.3002689577540702,False,16.454166897643045,1.470346857695579,5.742542359350762,0.1673547509583223,28.17288784517317,0.5614166562486919,0.004047846902951,34.31359030124501,10.249687934709703,3,field
SIM-FIELD-00321,field,0.3905148134861871,False,16.762011205080682,1.1532251058148877,2.809391416034404,0.1858726315875378,-3.0923157599308877,-6.762893287410386,0.0045879517546365,15.11460504991723,9.005072460685364,1,field
SIM-FIELD-00322,field,0.2567435995880962,False,15.318651963568552,1.6580874978377067,14.064393664832266,0.0991125734784891,11.099828685096764,-2.5645276252338487,0.0020574500597892,141.90322348843793,11.059257032959234,3,field
SIM-FIELD-00325,field,0.2309286466674498,False,18.09027617349169,1.7980454863213304,5.342359461795545,0.4690543255837773,4.113451169370448,-8.569862518144513,0.0130716297675133,11.389639046919633,11.728941704818235,3,field
SIM-FIELD-00328,field,0.2487081135453324,False,17.155137101913613,1.7048885226565866,6.506202289377484,0.240242940421022,-1.904970230633476,-3.4827871843172336,0.0062072882126306,27.081762643994722,11.221774912623896,3,field
SIM-FIELD-00329,field,0.3389032451934874,False,16.045801257409828,1.3156358921532354,4.80609311057061,0.1427566174727641,-9.170379713577844,-4.895512421981605,0.0033304013429556,33.66634202780507,9.454762159053557,3,field
SIM-FIELD-00338,field,0.1912953903591515,False,19.481173132772245,2.1371266238163087,5.389033034330187,0.9917270278851475,12.55712796639971,-20.620161534140493,0.0297242342628382,5.43398826774165,13.138727361740813,3,field
SIM-FIELD-00340,field,0.3623615830839771,False,17.676022380038862,1.2388802558998222,2.054185210504634,0.3744443723881916,5.705651640158679,-13.06226906218883,0.0102333311716457,5.485955623803666,9.239220370585404,1,field
SIM-FIELD-00345,field,0.1361043557958322,False,19.99030770558599,2.69941555224461,11.417570751852478,1.2773951111742785,-5.670305719908208,-14.477231410358444,0.0392465037058092,8.938166939872332,15.278176263098507,3,field
SIM-FIELD-00346,field,0.1471963916325817,False,18.823210465400077,2.566063808792546,12.154561553486438,0.6511551085665921,-4.056219607639354,-1.4596320124468376,0.0185346532569977,18.666154029325902,14.24690695207604,3,field
SIM-FIELD-00347,field,0.3517224745978917,False,14.778391640735691,1.272555561399381,8.439487597235354,0.0766967698629719,-17.082531779504638,-6.557358995234541,0.0013898923287657,110.037066910556,9.409972037105305,3,field
SIM-FIELD-00349,field,0.3833827915965161,False,17.469934111011554,1.1752184889195598,1.9654204110053075,0.3186553947679574,6.309494799855401,-8.176156501882883,0.0085596618430387,6.167855442825666,8.937211420575977,1,field
SIM-FIELD-00358,field,0.3266276351665066,False,16.359592999084633,1.3518308067788871,4.8050579184514834,0.1614257379832132,-0.1796469127301488,-9.15398732476005,0.0038749173578437,29.766367981239558,9.76808613341784,3,field
SIM-FIELD-00361,field,0.3150641303698789,False,15.749281403948034,1.3998932200415208,7.036534884808037,0.1246774098795911,-8.900105024655216,-9.44325966244342,0.002803091121488,56.437929626575226,9.986075629429493,3,field
SIM-FIELD-00364,field,0.1700893354021432,False,19.51421291489989,2.1900320485365423,7.442059285716925,0.9920307932930662,-15.537469877093594,-8.595832335198345,0.0297343597764355,7.501843023453798,13.872678542008709,3,field
SIM-FIELD-00365,field,0.1850800766042071,False,18.616646809453712,2.112523546683525,7.0426092239761,0.5970195352894894,-2.588273690470424,-9.851816814806384,0.0169105860586846,11.79627936389251,12.855314765415663,3,field
SIM-FIELD-00366,field,0.4653967292382491,False,14.83459165118554,0.9659559220903996,4.2757527233643895,0.0775272606842566,0.0666112535131889,8.267521388208712,0.0014175753561418,55.151603263504235,7.989654556245739,1,field
SIM-FIELD-00369,field,0.197561266283074,False,18.059087556877174,1.9965496013373945,7.719092945577056,0.4638411586594138,0.7168270784162182,-8.023874158602839,0.0129152347597824,16.641673127685895,12.496918908377983,3,field
SIM-FIELD-00371,field,0.332652361539439,False,16.187117803628702,1.32405075666643,4.749153478219879,0.1512344200325428,4.969235997899885,-1.1733827010442592,0.0035776705842824,31.402596559684962,9.570198828067468,3,field
SIM-FIELD-00373,field,0.1677393698622782,False,18.97482170904144,2.263387170131348,9.29760271728045,0.6998809739464356,-18.210430283027787,-8.833457890846635,0.019996429218393,13.284548463796401,13.816676634140926,3,field
SIM-FIELD-00377,field,0.1664840702584617,False,17.977255515932384,2.2800435357737228,13.937710369582684,0.4445003494147304,0.9193825084907304,-8.19740547387521,0.0123350104824419,31.35590419205371,13.698212693376766,3,field
SIM-FIELD-00378,field,0.3977207660870459,False,16.74030800455911,1.1363022187148222,2.4895684352825773,0.1846681847671548,2.0472911712973274,0.50209338539822,0.0045528220557086,13.481306692983607,8.720928349637168,1,field
SIM-FIELD-00382,field,0.2441649181465473,False,16.78506040882,1.7337962478370763,8.297686344639471,0.1866620199193308,0.5702274550173965,-5.5227772402490665,0.0046109755809804,44.45299771332947,11.379845480441904,3,field
SIM-FIELD-00385,field,0.2045435522986871,False,17.995445918140483,1.9778225356206671,7.37221748896889,0.4438820148664983,-0.1791151632723445,-18.06326217773069,0.0123164604459949,16.60850686006315,12.333436612775959,3,field
SIM-FIELD-00387,field,0.3983926552036144,False,14.596227754230462,1.126800400535643,6.982504384745776,0.0739380168587854,1.5681053008125585,1.158208002183936,0.0012979338952928,94.43726896383626,8.81628383969775,3,field
SIM-FIELD-00389,field,0.4871231342390889,False,12.063166028221078,0.923086335925134,14.030541959376883,0.0437544119046367,-3.4704784621491487,-11.34648243036477,0.0004375441190463,320.66576485947587,7.798538262700335,3,field
SIM-FIELD-00390,field,0.4343955923505346,False,12.790803269375962,1.0395674480789234,13.030317983520376,0.048604498874693,-3.51173177839558,1.9722879890709268,0.0004860449887469,268.0887219332056,8.365578339805037,3,field
SIM-FIELD-00393,field,0.3694079159857628,False,14.094077145105684,1.2122185411940836,10.327552692460385,0.0663857964093137,1.142587175291283,-3.346612717015333,0.0010461932136437,155.56870974001697,9.16406424249981,3,field
SIM-FIELD-00394,field,0.1865687721925788,False,18.34924223981062,2.0765836985613566,9.251490179963843,0.53801332556457,0.1030378867796377,-1.012270217446258,0.0151403997669371,17.195652487335128,13.180300700700737,3,field
SIM-FIELD-00395,field,0.4940901663061502,False,16.019224248040015,0.9073990693085744,2.1954880957513097,0.1410840979517831,2.6405191160027197,-5.4209618992854125,0.0032816195235936,15.561556033775258,7.726879681241744,1,field
SIM-FIELD-00397,field,0.2410805016259121,False,16.4990646858785,1.7479670963854714,9.81486661112109,0.1701473639779364,-4.676823499825673,-1.6955137967951563,0.0041292981160231,57.68450584044204,11.458486694377932,3,field
SIM-FIELD-00399,field,0.2327616711508782,False,17.029052806562717,1.800231320339887,8.390586118521648,0.2084464243969417,-0.9236629570431196,-1.0591543574120266,0.0052533927319082,40.25296256722336,11.648014302690038,3,field
SIM-FIELD-00401,field,0.4189923708659238,False,15.86243775371905,1.070032094232949,3.409715490388664,0.1317425986247926,2.55363233248241,-16.077418285469065,0.0030091591265564,25.881647439638336,8.52602846670335,1,field
SIM-FIELD-00402,field,0.285189214458748,False,15.806147247851436,1.523323931404696,8.691788283994786,0.1287133411378254,2.91159904339323,-10.046785338446568,0.0029208057831865,67.52826247193502,10.501692943656794,3,field
SIM-FIELD-00409,field,0.4163491169429776,False,17.454584084236558,1.0689220649685074,1.7084695351080372,0.3141605628200963,8.911817372842911,-19.146068261473275,0.0084248168846028,5.438204973188791,8.617620279241944,1,field
SIM-FIELD-00410,field,0.4868778420634598,False,12.682007691195643,0.9212123441179836,10.589859030626382,0.0478767640226742,-0.6523541086179662,-10.240089481467914,0.0004787676402267,221.18994979717255,7.806458585865002,3,field
SIM-FIELD-00411,field,0.2396851035668396,False,18.18873208299381,1.743798356860722,4.018701714578555,0.4959880924979127,-5.693278365405876,-9.60601752528052,0.0138796427749373,8.102415713932622,11.209160943861804,1,field
SIM-FIELD-00414,field,0.469822290819868,False,14.28653209897005,0.9588036383658306,5.508303099553364,0.0693276485316455,-8.151248150356789,-13.444712635555048,0.0011442549510548,79.4531938731346,7.991621247491587,3,field
SIM-FIELD-00416,field,0.4307142695352972,False,17.488752671551815,1.0575271911309954,1.646469771248591,0.3223203122929854,22.712930214015643,1.3352544247505655,0.0086696093687895,5.108178754033872,8.571521479495834,1,field
SIM-FIELD-00419,field,0.1706258296154794,False,19.49959741139714,2.2487414542154025,6.42147436191314,0.9731104988757806,-5.066638084688515,-11.18776652778585,0.0291036832958593,6.598915918933944,13.537771176142293,3,field
SIM-FIELD-00423,field,0.4368442759107742,False,13.178014408198926,1.033723643990102,10.629351884094715,0.0526693712650264,12.364414255096252,-6.67966778107865,0.0005889790421675,201.81277332150032,8.310548331124714,3,field
SIM-FIELD-00424,field,0.2323548999202279,False,16.42773351452007,1.7855465025930803,10.95465931835868,0.1656625787782301,-0.9561836356720336,4.891513538297081,0.0039984918810317,66.12633582761929,11.625727893899835,3,field
SIM-FIELD-00432,field,0.2334896476472595,False,18.932300677760782,1.7490571060568103,3.5007522645727667,0.6858574060973133,-8.545703114969468,-8.88720930747768,0.0195757221829194,5.104198385044573,11.653107569866709,1,field
SIM-FIELD-00433,field,0.1730233686834994,False,18.45512221932367,2.245290682203396,9.264632840276462,0.5652304814649287,9.37715971841204,-3.485442374916844,0.0159569144439478,16.390893881492328,13.289263283307104,3,field
SIM-FIELD-00439,field,0.1904680438968876,False,18.081412305366623,2.093539597719351,8.66616081010873,0.469530298726595,3.22604589443712,-9.68313579341624,0.0130859089617978,18.4570853757725,12.770546023281945,3,field
SIM-FIELD-00440,field,0.4511186274565386,False,13.388496829983636,0.9998879394340046,8.932395098838201,0.0558269495827686,-5.127950111404048,0.8871032867250823,0.0006942316527589,160.00148970337528,8.143336452949233,3,field
SIM-FIELD-00442,field,0.3201492164681755,False,15.635513305130528,1.382488652907066,7.021094307718691,0.1178386812162014,6.576219916742542,-1.8509230349422308,0.0026036282021392,59.582254614992884,9.867537337834708,3,field
SIM-FIELD-00443,field,0.2610363618067466,False,16.400255366616754,1.6287461233765463,8.416893509671766,0.1640602550535665,-9.132994856270995,-4.292213122169332,0.0039517574390623,51.30367197663814,11.026014529254896,3,field
SIM-FIELD-00447,field,0.3407023565295668,False,13.793353913786596,1.3069297633006898,14.362900303023329,0.0619209010208335,-6.905904869655226,-7.575169369771086,0.0008973633673611,231.95560895005195,9.57956464340719,3,field
SIM-FIELD-00448,field,0.1966118594620066,False,17.035527437760788,2.038749051666147,13.021528103141684,0.2086931831708128,-5.571984567268095,0.9904883781585544,0.0052607954951243,62.39556034029019,12.608837200634607,3,field
SIM-FIELD-00450,field,0.4874067077280246,False,16.563655407565374,0.9154433500879772,1.490385338453434,0.1741946211666976,-6.339728520859341,-10.01389820748643,0.004247343117362,8.555863140155127,7.430148255425221,1,field
SIM-FIELD-00452,field,0.287423971842347,False,17.61123754673386,1.5168281752008503,3.9275562519192224,0.3543865281595229,-2.2002078425437235,-9.506186476981355,0.0096315958447856,11.082690621217068,10.581849616150908,1,field
SIM-FIELD-00454,field,0.2476409191223946,False,16.77995402398163,1.7183156262002477,7.79572833791565,0.1870277539617793,6.818487367052493,-8.03194943784852,0.0046216428238852,41.682200490461824,11.239237507020329,3,field
SIM-FIELD-00460,field,0.3557219993988135,False,17.664720751805582,1.2752337853170068,2.584390159852653,0.3693615626473556,3.5425584374490717,-8.141152891319527,0.0100808468794206,6.996911485129476,9.726511145712038,1,field
SIM-FIELD-00462,field,0.2432670325258115,False,17.04377073217513,1.7489201943296693,7.772681618694813,0.2101063073407665,3.582383172723785,2.168236935048583,0.0053031892202229,36.994042287785696,11.49662512558752,3,field
SIM-FIELD-00463,field,0.4815510819812142,False,15.622888416248792,0.9309978762756966,2.632615795662542,0.1170901194173409,0.5223245151478384,-14.311179876351632,0.0025817951496724,22.483671626289713,7.724825829897787,1,field
SIM-FIELD-00475,field,0.2785308459533109,False,17.476347385079706,1.5713527663707367,4.264481681684438,0.3179528590393826,2.4844338939239266,-7.978773632913557,0.0085385857711814,13.412308021285087,10.625678651151215,1,field
SIM-FIELD-00476,field,0.1689583844862388,False,18.92619213834463,2.3212960901302644,6.928909024053297,0.677159674538532,-5.683748298141516,-3.3448596934760984,0.0193147902361559,10.232311941456322,13.129516433963166,3,field
SIM-FIELD-00477,field,0.3098247228232815,False,15.38838137956358,1.4205093571348368,8.854932483714228,0.1033712348106898,0.5291504503385143,-2.263210268326223,0.0021816610153117,85.66147536044063,10.124307650411364,3,field
SIM-FIELD-00480,field,0.3781951594149343,False,14.852343603483275,1.1849590619804806,6.982433179462008,0.0777702876214542,5.415702284752715,4.629798931414531,0.0014256762540484,89.78278714165113,9.072377544876034,3,field
SIM-FIELD-00481,field,0.1697767442537461,False,19.238959080667005,2.22695819397292,6.887208705878971,0.8569632821709519,4.238540871641655,-7.284646772525909,0.0252321094056983,8.036760558085465,13.429175299599862,3,field
SIM-FIELD-00482,field,0.3494248575833081,False,17.063038771099638,1.2794944636673828,3.0132080654700597,0.2191094950462283,-2.73461709854895,-0.2057922287566469,0.0055732848513868,13.752065216682304,9.458184377301905,1,field
SIM-FIELD-00483,field,0.3755000027334473,False,16.83569386489174,1.191303659362145,2.711427412106199,0.1906240036786441,-6.599282761708512,1.1949643109202128,0.0047265334406271,14.223955849113059,9.001683776822688,1,field
SIM-FIELD-00485,field,0.1641717746293449,False,18.64690734226485,2.3234049489242827,9.648105148341015,0.6178878721371983,12.113963571968208,0.0912286259469459,0.0175366361641159,15.61465369917264,13.569117481821227,3,field
SIM-FIELD-00487,field,0.149027131846002,False,18.882963661353354,2.4623858669213767,11.852647818858296,0.6706944878484424,8.8508176754968,10.254796147881589,0.0191208346354532,17.672201029832603,14.252040562731723,3,field
SIM-FIELD-00488,field,0.4437978480196127,False,15.731860339152467,1.0136350039421336,2.9211409216468525,0.1237374063213188,3.3934090947950777,-7.86825047093131,0.0027756743510384,23.60758163995528,8.059622882694205,1,field
SIM-FIELD-00489,field,0.2514425603870645,False,17.014608631537868,1.6769171600227455,7.328285835097351,0.203980381915694,-8.681305648998784,-7.29571697794262,0.0051194114574708,35.9264247192466,11.339620633379788,3,field
SIM-FIELD-00493,field,0.2464673098091991,False,18.876921483482132,1.7066028023439594,3.678075794322256,0.6706881297182121,-9.843313183472636,-2.155184706017636,0.0191206438915463,5.484032937734548,11.70502485611199,1,field
SIM-FIELD-00495,field,0.4626993276482822,False,15.312458745184353,0.9749644482816544,3.526129613558265,0.098574112600599,-4.650939653392441,-1.95725595630988,0.0020417449508508,35.77135538460671,8.048950105503646,1,field
SIM-FIELD-00499,field,0.3549509302556007,False,17.29803988677227,1.2478480212405128,2.867877599913074,0.2746217873558361,1.6092502823019783,-8.030329511307947,0.007238653620675,10.443008282504092,9.585842945989755,1,field
SIM-FIELD-00505,field,0.4237919427401131,False,13.342542250632984,1.0681937487636046,10.599761723822152,0.0551452274290655,12.923494090965292,-1.9188475746873992,0.0006715075809688,192.2153959280856,8.469022764130276,3,field
SIM-FIELD-00507,field,0.2362020249324695,False,17.48668941081914,1.7650250232100804,5.955190812444055,0.3239404241718267,12.47350379468785,-3.6635524307442062,0.0087182127251548,18.38359885978683,11.361167817968454,3,field
SIM-FIELD-00514,field,0.4349456798076835,False,15.258477686352522,1.0464464292082754,3.9025923133358806,0.0956405007651624,-1.059691452169466,-11.112527960044218,0.0019561812723172,40.804808445309,8.215243610429294,1,field
SIM-FIELD-00517,field,0.4887133868055928,False,12.277463720349092,0.918052159707476,12.603321967956626,0.0451835867839829,0.1944087325418039,-23.148717905780494,0.0004518358678398,278.93584518226805,7.779888875382044,3,field
SIM-FIELD-00518,field,0.3811157168795825,False,13.953975791534132,1.1770804112369178,10.19035736006965,0.0643264949635169,5.5058314454657165,-14.525707527793738,0.0009775498321172,158.41617619379326,8.994922863079987,3,field
SIM-FIELD-00519,field,0.2140469921879595,False,17.323266062969203,1.938846942220868,9.34944805820951,0.2803001607861997,1.2211759411015608,2.090918017971337,0.0074090048235859,33.35512913009296,12.177195928909724,3,field
SIM-FIELD-00521,field,0.2631256359353113,False,18.17520882986092,1.641685540744365,2.955508859756605,0.4981765712944976,-13.991645125811768,-11.95374828604554,0.0139452971388349,5.932653260021441,10.5283701577384,1,field
SIM-FIELD-00523,field,0.4950431376249912,False,12.329066324222126,0.9060551632298192,11.985859023231049,0.0455278877027947,1.1561954840815454,-13.507206392130682,0.0004552788770279,263.2641141068204,7.722412150480114,3,field
SIM-FIELD-00526,field,0.4471429113860322,False,13.362792042756542,1.0067959931605817,9.321103443498124,0.0554290872837094,-3.293628990397801,-4.164187549191871,0.0006809695761236,168.16267234906456,8.210128681273188,3,field
SIM-FIELD-00529,field,0.4569142988936955,False,12.94605431237887,0.9855360784865832,10.776771894333928,0.0496428753085237,9.799303658577264,3.975274583543254,0.0004964287530852,217.08597311009405,8.108497764856644,3,field
SIM-FIELD-00530,field,0.3999028447986861,False,16.38705454128667,1.12787508490485,2.8948862335775907,0.1631872306190895,5.638767410280053,-3.374999485160413,0.0039262942263901,17.739661507797837,8.695212046370244,1,field
SIM-FIELD-00531,field,0.3647429348743817,False,16.741532783085315,1.2203690864253185,2.9599720026483274,0.1843087582974193,0.6785130396529431,-1.2317405183014558,0.0045423387836747,16.059855375249267,9.097970799270476,1,field
SIM-FIELD-00534,field,0.3272522110929354,False,14.971621481391471,1.3546382911281285,9.18287251130064,0.0795957029270388,1.06319528800646,-15.462016755977162,0.0014865234309012,115.36894799105045,9.786514255953167,3,field
SIM-FIELD-00535,field,0.2267871803066367,False,18.609316421060687,1.866079888135599,4.004765793224425,0.6029190177216843,5.4988733011589686,11.636611024306273,0.0170875705316505,6.642294695492719,11.622202034791883,1,field
SIM-FIELD-00536,field,0.3879644189966674,False,13.823168324100289,1.1587985872154145,10.372129209496006,0.0623557992869491,10.892147620430208,3.4019696080487134,0.0009118599762316,166.33784392315317,8.902507915599971,3,field
SIM-FIELD-00539,field,0.4127024139176669,False,16.135729630097813,1.0982884874811794,3.079466322569423,0.1479771064781599,-8.087468409454251,-15.658916926559396,0.0034826656056129,20.810423962600762,8.578106924863958,1,field
SIM-FIELD-00542,field,0.4741852843683011,False,12.174890831787083,0.9498423999609824,14.16153824865685,0.0444983229936309,-7.046106309383952,-3.5724511647064103,0.0004449832299363,318.2488079535898,7.930442980130577,3,field
SIM-FIELD-00543,field,0.3582357500184199,False,17.98230018008259,1.1988600026142129,2.65358770294109,0.4449149572625692,5.888630141365098,5.09570946297539,0.012347448717877,5.964258246717158,10.101467409786986,1,field
SIM-FIELD-00547,field,0.2497198168113578,False,15.955573189797716,1.69549216027221,11.5756631114234,0.1372983938877393,0.4104555662076393,-11.963482175213615,0.003171203155059,84.31025872661067,11.273302584525549,3,field
SIM-FIELD-00551,field,0.1361888811643972,False,19.704489143035985,2.6108693949916235,10.78363322918273,1.1202898223225677,6.13995199995836,-8.640393090414973,0.0340096607440855,9.625753099163452,14.868314684554688,3,field
SIM-FIELD-00554,field,0.3849555895551571,False,17.35684634672004,1.171378019329586,1.579224208962832,0.2891415657462522,6.285707699313448,-4.252715170858868,0.0076742469723875,5.46176819955642,8.34906531152662,1,field
SIM-FIELD-00555,field,0.2597896933817904,False,17.688407984427656,1.6298683892011374,4.753980055920974,0.3710967576885096,-3.880818463624419,-19.53308375862524,0.0101329027306552,12.810621374146738,11.073694761563434,1,field
SIM-FIELD-00556,field,0.2394770716250255,False,15.700384983527778,1.7500316589823326,14.207043546320463,0.1219182668384101,5.93430089911433,-13.76166429581401,0.0027226161161202,116.52924467135357,11.462903541671269,3,field
SIM-FIELD-00562,field,0.4491567237486747,False,15.900435682191832,1.003183679127005,2.86122467202907,0.1340533083838408,2.202024325825819,-4.272954366652227,0.003076554827862,21.34393180238714,8.183195488504875,1,field
SIM-FIELD-00564,field,0.1849245825861772,False,18.33000412993505,2.1424771677953443,8.401309744259791,0.5348942074066148,-10.938112478527705,-1.441616156196105,0.0150468262221984,15.706488550311223,12.951739114032549,3,field
SIM-FIELD-00567,field,0.1322055409208451,False,20.479755486929974,2.636217819991706,8.246810153388568,1.3,-7.531563831821116,-7.309193180097921,0.04,6.343700117991205,15.061185471698604,3,field
SIM-FIELD-00568,field,0.216983809991632,False,18.54778456983385,1.9209542673685176,4.979832255544143,0.5862238354935305,1.6353102516610714,-11.937059030010284,0.0165867150648059,8.49476250202573,12.033858139336745,3,field
SIM-FIELD-00570,field,0.4219860155143582,False,13.439969217862403,1.0662231726519438,10.260487321475594,0.056587760622483,-8.10146873976437,-15.264864482061537,0.0007195920207494,181.31990396168777,8.495809158194481,3,field
SIM-FIELD-00571,field,0.2663761274810749,False,15.697487688125374,1.6127113981012184,11.005524805359943,0.1216613100961706,-3.6339470767915314,-12.111683961697072,0.0027151215444716,90.46035092553514,10.905541473066327,3,field
SIM-FIELD-00572,field,0.1647140737338269,False,17.878317233306092,2.3359556046232988,14.424671466679715,0.4229294157502721,1.720509445167511,-12.162068932261413,0.0116878824725081,34.106569393123216,13.673846886003712,3,field
SIM-FIELD-00577,field,0.354414985318617,False,15.66991465254465,1.2587405262272349,5.659790894301325,0.1202541947154175,5.373357974799879,3.9348454136303816,0.0026740806791996,47.06522635401837,9.43391658310735,3,field
SIM-FIELD-00578,field,0.3748188140158766,False,13.337233571751256,1.1961720970633016,14.068933159053262,0.055057452223451,2.899661942296024,-6.476120800305422,0.0006685817407817,255.5318597372507,9.078539403380356,3,field
SIM-FIELD-00579,field,0.3566587858365427,False,17.46663475034176,1.2785995812487576,2.3916539853145498,0.315295452105987,3.749607527293736,-2.195696184843471,0.0084588635631796,7.585437624741229,9.36012648992862,1,field
SIM-FIELD-00582,field,0.2943288968553279,False,16.588439409145963,1.4846877769302689,5.713536831871823,0.1754699061418205,14.21646732751546,2.8844667909588475,0.0042845389291364,32.56134888026871,10.372964566002604,3,field
SIM-FIELD-00586,field,0.1794838270616988,False,19.32988777940072,2.1034858007632478,7.031523670117102,0.8956654589598123,7.843448222828828,-5.860187529999314,0.026522181965327,7.850613864559669,13.565134994702023,3,field
SIM-FIELD-00588,field,0.223902711485625,False,16.318414341459736,1.842037541294102,12.688310827530223,0.159128743185521,4.639888477571518,-13.066005192305974,0.0038079216762443,79.73613423652505,11.835433386877403,3,field
SIM-FIELD-00591,field,0.2545004746717518,False,17.922346293107797,1.6503921787180085,4.28894335612053,0.4279494597545461,-5.65403175910566,-3.997539328558162,0.0118384837926363,10.022079145935804,11.084097845955375,1,field
SIM-FIELD-00595,field,0.2700195931256701,False,15.109269423711911,1.588901581716421,13.647126807398688,0.0865620077189849,-8.73994376409337,-7.763008994777133,0.0016913918918037,157.65723516606445,10.7844755586043,3,field
SIM-FIELD-00599,field,0.2495471052628023,False,17.98312612058182,1.7353027943584671,4.515294873191537,0.4486128697402047,0.0622403713029866,4.719219440322374,0.0124583860922061,10.065014130794733,11.256556707360218,1,field
SIM-FIELD-00600,field,0.1419813038816938,False,19.49671550309268,2.7129593829378176,10.026463165550712,1.0098499738519422,-8.319624599459134,-0.2556508761385628,0.0303283324617314,9.928666064431397,14.502454316465094,3,field
SIM-FIELD-00603,field,0.3112260149373679,False,15.983077757377911,1.4045056704338277,6.500539287281993,0.1391353808552972,7.935926159072116,-20.032368097843506,0.0032247819416128,46.7209652018177,10.047824694265577,3,field
SIM-FIELD-00604,field,0.1423593484962433,False,19.1719564853805,2.56429577489712,12.24626898083684,0.7827210237178619,-10.97031237539658,-2.6479291220550847,0.022757367457262,15.645764723001879,14.611975456294008,3,field
SIM-FIELD-00605,field,0.3581620444565357,False,14.192202291607334,1.2519989709549662,10.600558888412412,0.0678989209041062,-11.487099909038069,3.193495059563181,0.0010966306968035,156.1226415274494,9.318846106494831,3,field
SIM-FIELD-00608,field,0.2388236223634652,False,18.715671755453144,1.7740087472116717,3.5457083090480057,0.6351507429785277,9.179802465071369,-3.863210648655025,0.0180545222893558,5.582467387852641,11.46418678095214,1,field
SIM-FIELD-00609,field,0.3442925160587715,False,17.252040076020137,1.2787895016458086,3.006470762427528,0.2623610625986224,-16.783828973435174,-22.0204492314046,0.0068708318779586,11.459287184802378,9.64232499971813,1,field
SIM-FIELD-00622,field,0.332006234424023,False,14.889102003795676,1.3396123485422742,9.120252950290732,0.078331117568868,7.060289344305408,-5.0653486190624974,0.0014443705856289,116.43205450595403,9.689136422078127,3,field
SIM-FIELD-00624,field,0.1468765399652531,False,18.62131575335179,2.5155762218878803,14.614528261795314,0.6111193647692168,-11.770363999208518,-13.462774114659716,0.0173335809430765,23.914359623204458,14.445239760609459,3,field
SIM-FIELD-00625,field,0.3545729035595477,False,15.619464093025057,1.2628078494597814,5.6744535119437005,0.1171723531931029,-2.364583787729492,-11.409397815274948,0.0025841936347988,48.42826278816866,9.38908430501564,3,field
SIM-FIELD-00626,field,0.1576488849992635,False,19.22082858929605,2.360194480699837,9.847509022960349,0.8388357684306271,7.327174596981179,-15.265582066647823,0.0246278589476875,11.73949585075991,14.187460526354192,3,field
SIM-FIELD-00634,field,0.3705111599282162,False,15.603517764535438,1.210704377216132,4.840809266455016,0.1163346845999019,6.763659275630249,7.377477845369451,0.0025597616341638,41.61105764032044,9.02810762087357,3,field
SIM-FIELD-00641,field,0.241828904890905,False,15.850866154046017,1.7412911973412015,12.916746305069006,0.131433648319649,-5.431285814019257,-7.067518905544326,0.0030001480759897,98.27579520318304,11.40663180294789,3,field
SIM-FIELD-00647,field,0.4747088099201143,False,12.620051570592096,0.9503408996121115,11.578767130432796,0.0474668668561455,-0.1992943246088915,-4.487451222187624,0.0004746686685614,243.9336719974325,7.9383631685188405,3,field
SIM-FIELD-00651,field,0.4401595292038616,False,14.911503260378703,1.0196064812268193,4.744017721814738,0.078632125222157,-8.600336856550399,-6.599195893878778,0.0014544041740719,60.33180088178472,8.292234773955661,3,field
SIM-FIELD-00656,field,0.3142581707808763,False,14.189470736374677,1.4037789918853405,14.411553098543733,0.0678624682122311,2.534883807573124,-16.872229319896583,0.0010954156070743,212.36411639897125,9.983024667433295,3,field
SIM-FIELD-00658,field,0.2778137065177439,False,16.341954607860284,1.5634485440143155,7.057234747146745,0.1604599949659234,-11.846394816116137,-12.694108202563536,0.0038467498531727,43.98127239531247,10.585127426641318,3,field
SIM-FIELD-00659,field,0.2272664372747371,False,15.907621481203805,1.8270147651394355,14.719494208078444,0.1343954842826858,4.654162507227227,-1.9588896564442235,0.003086534958245,109.52372608827869,11.747085916260625,3,field
SIM-FIELD-00660,field,0.4324955156855596,False,15.47629011076592,1.0444024401774248,3.90845701229237,0.1085419321197473,2.3799616145818367,-11.430556848071168,0.0023324730201592,36.00872893970988,8.436316809121866,1,field
SIM-FIELD-00661,field,0.1866100562102904,False,18.55988283293329,2.127624391111272,6.951068182686874,0.5862692865657582,7.557176613460816,-2.479886416985181,0.0165880785969727,11.8564426654597,12.770140575452308,3,field
SIM-FIELD-00663,field,0.1169331831003506,False,20.485868607027456,2.9370521810395336,9.525363128310826,1.3,-7.541920741244763,-15.939408434163385,0.04,7.327202406392942,15.380276311766028,3,field
SIM-FIELD-00668,field,0.4420556114923837,False,17.27185012473931,1.0121660148288782,1.785101215391388,0.2678117038769592,-1.672296700575186,2.720232900518712,0.0070343511163087,6.665508600070435,8.53016435314213,1,field
SIM-FIELD-00671,field,0.2967583983693508,False,14.470657590949315,1.471359474203542,14.56744582348618,0.0720625299516673,-2.4677286754289987,5.609674396826685,0.0012354176650555,202.150074848283,10.287574649042131,3,field
SIM-FIELD-00679,field,0.3083900925366042,False,14.998797428119632,1.4286176739594367,10.612208321167913,0.0799856550245917,-6.385128201091163,-14.302022489766868,0.001499521834153,132.67639450980522,10.127826261812853,3,field
SIM-FIELD-00680,field,0.1990653878545993,False,17.321910004904378,2.028649218406252,11.814543002632254,0.2791178912259953,6.929084271885689,-15.46924884137587,0.0073735367367798,42.32814654316191,12.683994641824803,3,field
SIM-FIELD-00682,field,0.4075491893857497,False,15.80469319112918,1.1096549820510029,3.7127480866036446,0.1282044075394842,-1.7441979470740965,-6.14464435953492,0.0029059618865682,28.95959786296893,8.653170605844041,1,field
SIM-FIELD-00683,field,0.2874804918282025,False,17.57214144153416,1.4888456946349935,3.6539071891859054,0.3470132336063052,-8.417550386592795,5.877664143782303,0.0094103970081891,10.529590330642405,10.38592900098412,1,field
SIM-FIELD-00685,field,0.1472420472055781,False,18.949654267797538,2.482785084262008,11.92075446070463,0.6881039924247598,-3.1689746500671125,-13.28480023135569,0.0196431197727427,17.32405943278711,14.331172980956179,3,field
SIM-FIELD-00686,field,0.2160745736412684,False,17.250623162342848,1.9066227132147853,9.321289224000552,0.2641828609615027,-5.254451886263194,-6.118121911247557,0.006925485828845,35.2834744467351,12.098003080415122,3,field
SIM-FIELD-00689,field,0.1193896134950079,False,20.229927377712933,2.6769975520617115,12.598638785781256,1.3,4.146863206052783,-4.84086097645938,0.04,9.69126060444712,15.731545500221792,3,field
SIM-FIELD-00690,field,0.2233141569643853,False,18.83005144375458,1.878491676920043,4.6623508669673335,0.6564056390342834,2.917692558332877,-1.2363995715357377,0.0186921691710285,7.102850112358379,12.173076210799163,1,field
SIM-FIELD-00695,field,0.2761112972305993,False,15.947835737595277,1.566500957546252,8.841254786269277,0.1368774021264703,2.03083153074285,2.28695698767387,0.0031589242286887,64.59250868963925,10.680405268588455,3,field
SIM-FIELD-00697,field,0.2287407989927724,False,15.925412961580708,1.8184217131458809,14.570946158671488,0.1355935269272776,-6.509871485029549,8.309123028182785,0.0031214778687122,107.460484942517,11.74285172871774,3,field
SIM-FIELD-00700,field,0.1377452134856933,False,19.00888106876602,2.579758721189885,14.886368552801567,0.6909302889514579,-12.288484798022068,4.933072363812686,0.0197279086685437,21.545398704973298,14.8728249034542,3,field
SIM-FIELD-00702,field,0.2179529748020866,False,16.45883907380717,1.8898869711124309,12.953311876233254,0.1679076177080498,-5.964729367402929,-11.237428996047347,0.0040639721831514,77.14546875863542,12.020743184496842,3,field
SIM-FIELD-00706,field,0.3064863954451785,False,14.453834143176216,1.4312252660696834,13.677734649885515,0.0718132610035776,-11.532476237048153,-5.805664502437128,0.0012271087001192,190.46251985694002,10.133905013677749,3,field
SIM-FIELD-00707,field,0.1333961631169537,False,19.71565264028237,2.6044564852672467,12.966719911381368,1.119847647128919,12.456947101505872,-9.384129890390488,0.0339949215709639,11.57900357662547,15.27980328995976,3,field
SIM-FIELD-00710,field,0.1187241739717024,False,20.276639324471557,3.0314130512610578,10.505919324675876,1.3,12.211158206989124,-0.7516042266495075,0.04,8.081476403596827,15.383809632057996,3,field
SIM-FIELD-00713,field,0.1237350083322472,False,20.399845196485607,2.738410618666005,9.689934682684866,1.3,6.508390578034991,-17.55648569864654,0.04,7.453795909757589,15.331449444461239,3,field
SIM-FIELD-00715,field,0.2087147025850123,False,17.61268478835701,1.933944888862713,8.015542701990205,0.3511305193668395,5.838126563037866,-5.870185657068921,0.0095339155810051,22.827815469996388,12.1323494489448,3,field
SIM-FIELD-00716,field,0.1426570945676411,False,18.91884165812692,2.4827880946006955,14.67529120884026,0.6700547010482552,-4.296778334575028,-2.6190264152227005,0.0191016410314476,21.90163159199057,14.751775297720952,3,field
SIM-FIELD-00718,field,0.3933163826448971,False,15.193261443854944,1.1465705373173598,5.517585513217946,0.091559941170635,-2.653075679113943,1.7671027033916629,0.0018371649508101,60.262003695864536,8.902006807423856,3,field
SIM-FIELD-00719,field,0.1797951082771524,False,19.54105347488102,2.255208213441187,6.78772429635843,1.0458415037067377,6.002961844267484,-14.5811254676394,0.0315280501235579,6.490203603797466,13.69967444408014,3,field
SIM-FIELD-00746,field,0.4105652382081491,False,13.963615070926444,1.097257996108754,8.602775092109336,0.0644302103757639,19.035032560201813,-3.4643826918312315,0.0009810070125254,133.5208288462358,8.636807915970131,3,field
SIM-FIELD-00750,field,0.4254718980482423,False,13.155884300726942,1.0606575862622405,11.543373533109545,0.0523403579199732,-0.2464639474313374,-1.979944552711304,0.0005780119306657,220.54441337139897,8.467548047037608,3,field
SIM-FIELD-00755,field,0.2080231217313221,False,19.086551512193957,1.9623526934366704,5.189359512561385,0.7411411856367891,6.100692628603256,-8.920134918298315,0.0213713728545596,7.00185013750475,12.662120307866571,3,field
SIM-FIELD-00760,field,0.4437513489220028,False,14.504971524942274,1.0140775567928542,5.540763701547318,0.0725529319834534,-4.76267141934144,-10.487339608571222,0.0012517643994484,76.36857050533752,8.222819670343535,3,field
SIM-FIELD-00764,field,0.3038942635961585,False,15.320613261651928,1.443797151949892,9.44098848170106,0.0991494470574063,14.639946301145237,1.6928879016261316,0.0020585255391743,95.21977945308001,10.195700600554229,3,field
SIM-FIELD-00765,field,0.4386378386598032,False,15.000616145883273,1.025640827594926,4.637954917046446,0.0800881016288573,1.7868518138193186,-7.947630252576892,0.0015025696308416,57.91066116836637,8.33224875983262,1,field
SIM-FIELD-00766,field,0.3614949326894166,False,17.783946245320788,1.2021790514822377,2.5528028390527906,0.39608470817343,-6.092863248391276,-14.634080960855863,0.0108825412452029,6.4450931489509005,9.819032616212558,1,field
SIM-FIELD-00769,field,0.4435153941724419,False,12.791112645717016,1.0147478966481904,12.279358072359985,0.0486085813486397,-3.305436419478238,-8.73635910688049,0.0004860858134863,252.61708389075667,8.236990964710698,3,field
SIM-FIELD-00770,field,0.1497965974803874,False,19.00107594135981,2.40945564226031,11.104740367153338,0.6972597526741111,-2.0002180028580314,7.557614601084152,0.0199177925802233,15.926260370779682,14.22861798656536,3,field
SIM-FIELD-00778,field,0.197266505067492,False,17.309488882110312,2.0114290058741418,11.15534576023942,0.2792453226746694,14.006623214588648,-13.226571172576056,0.00737735968024,39.94819198184311,12.546904061097933,3,field
SIM-FIELD-00781,field,0.445477945670059,False,15.86588195072921,1.0144536710744148,2.964000518580778,0.1320268922228032,-0.2524227839562075,-16.63309083974867,0.003017451023165,22.44997567297768,8.225273327185958,1,field
SIM-FIELD-00785,field,0.1269926947189948,False,19.875874672239657,2.660546609535217,10.41618292456963,1.234386986115196,-1.8807792337507685,-18.79848702241129,0.0378128995371731,8.4383447344588,14.964417663169005,3,field
SIM-FIELD-00789,field,0.1255207057901077,False,19.81159100660138,2.848710009036309,12.755760669644417,1.1746961172062456,0.9930308593943564,-6.423840854392383,0.0358232039068748,10.858774863392897,15.340122817519697,3,field
SIM-FIELD-00793,field,0.4790482742465786,False,12.905625853277265,0.9390171608023512,9.954438958115617,0.049372345026472,11.921574763404289,12.371808660397464,0.0004937234502647,201.6197317096917,7.895709792241188,3,field
SIM-FIELD-00794,field,0.2370428692217097,False,16.56308217442479,1.7691522283885168,9.683056780445003,0.1741149005965521,1.528534417876383,-5.732545519790484,0.0042450179340661,55.61302764593343,11.493144567018392,3,field
SIM-FIELD-00795,field,0.4553093605982246,False,12.396702244357703,0.989143955849597,13.955100104552091,0.0459796480385698,6.5437144518679,3.1357176485543152,0.0004597964803856,303.5060227700292,8.120367025227157,3,field
SIM-FIELD-00797,field,0.378536054393662,False,13.728627963887163,1.1842749387900822,11.50001478817888,0.0609509083419426,-0.492565453799074,-11.68232661885043,0.0008650302780647,188.67667604988407,9.032119958011899,3,field
SIM-FIELD-00800,field,0.2460513945962357,False,15.907605648550824,1.7125252388439884,12.03604604809384,0.1342026548413116,6.584822041891166,4.556121906054935,0.0030809107662049,89.68560318218671,11.310024851632317,3,field
SIM-FIELD-00803,field,0.3993457801839864,False,15.00897301860952,1.1266758002652624,5.628069116882936,0.0804890783881384,-12.48854198590326,-8.910122642243772,0.0015142647863207,69.92338873285371,8.760770129886234,3,field
SIM-FIELD-00808,field,0.3812028725458002,False,16.907364380295853,1.2017473774494307,2.2503783707125224,0.194179570432402,2.935315929945508,-4.78506573406535,0.004830237470945,11.589161340203534,8.66864210529118,1,field
SIM-FIELD-00809,field,0.4043653358039227,False,17.08999600246539,1.122361619294523,2.2447709091273214,0.2192953129652746,11.101000854424337,1.5171176486791804,0.0055788593889582,10.236292234311367,8.845856130100682,1,field
SIM-FIELD-00810,field,0.3978632870220777,False,15.828433494441695,1.1256510627929033,3.862662082928405,0.1298987418509219,4.655715881774543,-7.995859530208955,0.0029553799706518,29.735946845130982,8.76286707666379,1,field
SIM-FIELD-00814,field,0.1782938364185615,False,18.420449317954134,2.200038601711974,9.14377482132508,0.5625833360887718,-12.680135033882436,-6.866197069360758,0.0158775000826631,16.253191722483326,13.226076929901136,3,field
SIM-FIELD-00815,field,0.2881988922816281,False,14.71901999760587,1.5046653852363,14.11504168683539,0.0757962912305874,-10.434242879690256,-23.132468602724757,0.0013598763743529,186.2233818788656,10.467430823175304,3,field
SIM-FIELD-00818,field,0.226024168436069,False,16.46443295134125,1.843178251945914,11.731142851371418,0.1679524046488915,-0.2784051818384686,-3.0340166129163046,0.004065278468926,69.84801959754998,11.811134567701913,3,field
SIM-FIELD-00819,field,0.2886442290325771,False,18.32674191046163,1.510139357719548,2.7153167117513592,0.535897858446116,15.836304895541192,2.6702216210078147,0.0150769357533834,5.066854940649817,10.495844373168898,1,field
SIM-FIELD-00820,field,0.2316423845413404,False,17.51916444615111,1.796041568982946,7.104132366599175,0.3289311171239821,9.924600711120116,-7.101763270991032,0.0088679335137194,21.59762940251547,11.776719669989795,3,field
SIM-FIELD-00822,field,0.2424937069795186,False,17.618483614603704,1.72667269446795,5.97307772496529,0.3536174456573036,-10.84638719456404,8.659860674183829,0.0096085233697191,16.891354762948822,11.499474444913574,3,field
SIM-FIELD-00825,field,0.3639208567282069,False,14.573133179460871,1.2303065475057329,8.638671087997123,0.0736008110500608,-2.365822191159188,-22.41279917760004,0.0012866937016686,117.3719550742639,9.255367873603596,3,field
SIM-FIELD-00829,field,0.1524559736493927,False,19.529365274801982,2.491446948144522,7.088107823907065,1.0212574347585324,-13.80908850119594,13.55477798339266,0.0307085811586177,6.940569128471498,13.782016851767274,3,field
SIM-FIELD-00832,field,0.1539674874298916,False,18.9400901438974,2.3879090679065,10.95939592929069,0.6867430841008992,-18.84548806917713,-1.8281782238252369,0.0196022925230269,15.95850935090085,14.139023228596415,3,field
SIM-FIELD-00837,field,0.4182607669178784,False,15.887294315707084,1.0839645035727687,3.432592574756712,0.1331144588241943,4.890896726821508,2.8633519627959765,0.0030491717157056,25.786774818280065,8.565405609218784,1,field
SIM-FIELD-00844,field,0.3713808713537368,False,16.26733939265129,1.2104449727997162,3.662566467680708,0.1561087240571889,3.554392904968662,5.973634186722105,0.0037198377850013,23.461638609889366,9.08626696735976,1,field
SIM-FIELD-00847,field,0.4268591821089124,False,13.86787920756728,1.055805897536103,8.248895214428869,0.0630069785171879,-13.691989269126466,-4.951487944010214,0.0009335659505729,130.92034261218578,8.44985814158595,3,field
SIM-FIELD-00848,field,0.2525174104850881,False,16.960832434073218,1.6892945968884931,6.732085108405152,0.1976615289604704,5.152040842084771,-5.462045106221626,0.0049317945946803,34.058651391649796,11.101580422966688,3,field
SIM-FIELD-00850,field,0.1799252681268103,False,17.880126260326538,2.1792732641501744,11.624327237543554,0.4224517362086215,-5.646765589371711,-1.738376847731083,0.0116735520862586,27.51634385946293,13.206965396963493,3,field
SIM-FIELD-00853,field,0.3748310951151449,False,13.744615331568586,1.1974458101967242,11.694944653731422,0.0611627982649197,2.2958527267040805,6.666892723503159,0.0008720932754973,191.21009805790933,9.084606185836167,3,field
SIM-FIELD-00855,field,0.1552723602973021,False,19.872010208991004,2.486726990283874,8.441866602825286,1.1830791778139926,-3.6659777184917695,-7.868012691835375,0.0361026392604664,7.135504335748307,14.504202635056057,3,field
SIM-FIELD-00863,field,0.3469654076935494,False,17.935489518139057,1.2978888711620022,2.337795240928195,0.4417292366240575,-24.04215720004893,2.3339128445452038,0.0122518770987217,5.292371541433248,9.779521869143199,1,field
SIM-FIELD-00871,field,0.3346695499864683,False,14.456302334649193,1.3272300354603812,10.973213607144665,0.0718522280479943,-3.038366996246144,-3.61608538045056,0.0012284076015998,152.71918359741073,9.657971501449458,3,field
SIM-FIELD-00873,field,0.1753332377940459,False,18.366724275502072,2.189293857396885,10.022553459646476,0.5456076853979972,-3.892362970574291,-18.634566789496564,0.0153682305619399,18.369523978269214,13.371616182637965,3,field
SIM-FIELD-00874,field,0.3985066907383052,False,14.344804229034406,1.1304777809382491,7.784615862168655,0.0701754463480033,-4.499103604815047,-8.789377682898872,0.0011725148782667,110.93076378259688,8.800990163229779,3,field
SIM-FIELD-00881,field,0.4466650540064363,False,14.550188946072987,1.010427335992223,5.3735993750970605,0.0732468158911972,12.325320848940578,-11.522901046545746,0.0012748938630399,73.36290744814286,8.2015153700028,3,field
SIM-FIELD-00882,field,0.2201880350715733,False,16.659013062914966,1.8663429185563276,11.277443216947782,0.1794593036811138,-4.910424530588729,-5.250864384394318,0.0044008963573658,62.841229101094605,11.920066308210911,3,field
SIM-FIELD-00889,field,0.3135194410545014,False,14.71724063149654,1.4045965400812104,11.340797528179916,0.0757568623609041,-5.756241417963888,7.309233612774206,0.0013585620786968,149.69993707174135,9.99045861588092,3,field
SIM-FIELD-00890,field,0.2353729710364484,False,17.763759535768582,1.781321557226193,6.152671491710453,0.3905857065626674,-6.664383031197872,-13.958649327448091,0.01071757119688,15.752423573962222,11.709078173336064,3,field
SIM-FIELD-00891,field,0.254804774343269,False,16.134133225500403,1.6698983815281487,10.1099414554757,0.1481930025032119,3.3078151947213423,-1.2531745366075606,0.0034889625730103,68.22144962787011,11.157876428956166,3,field
SIM-FIELD-00893,field,0.318509927039533,False,16.25132700429899,1.3739995333102264,5.264066356611099,0.1551171018760492,-6.838699493652929,-9.22887571072174,0.0036909154713847,33.9360798580256,9.85793378017081,3,field
SIM-FIELD-00895,field,0.2151082651940651,False,16.91724581252539,1.8964983960999888,10.799439649065445,0.1948338506384497,11.854572818689867,3.968258201209105,0.0048493206436214,55.42896993349377,12.084251921611878,3,field
SIM-FIELD-00896,field,0.3130514548866717,False,18.200048034650155,1.4257127758350638,2.875830139205983,0.5009333375939498,1.3685048636980484,-16.65851391010333,0.0140280001278184,5.740943801063395,10.493864189059579,1,field
SIM-FIELD-00897,field,0.4104702702045067,False,16.56899961206572,1.0860448577018718,2.65520612423242,0.1743750142199377,-1.3734006247388788,-5.565907882371699,0.0042526045814148,15.226987284333244,8.689490817574935,1,field
SIM-FIELD-00910,field,0.2459243001838297,False,15.491435531543203,1.720650809622827,14.563246217338516,0.1093670758013836,-7.769697381943762,-2.788636256407389,0.0023565397108736,133.15932707011515,11.307726491984038,3,field
SIM-FIELD-00911,field,0.2057601727302783,False,18.655569805235267,1.9648623061694028,5.707447669022643,0.6178389058633946,-6.871668897744078,-8.642677676219684,0.0175351671759018,9.2377602233495,12.437779496139587,3,field
SIM-FIELD-00913,field,0.3588249264210615,False,15.197346853034752,1.245546607848592,6.524451348050673,0.0916663195522355,6.990319019138215,-3.0627840330098266,0.0018402676536068,71.1761024105779,9.270066838042412,3,field
SIM-FIELD-00914,field,0.4769029106345968,False,16.11373647244861,0.9483061454878804,2.20478832600215,0.1466934733247791,-4.239286910695915,-0.6831393501116065,0.003445226305306,15.02990062223663,7.830570976021253,1,field
SIM-FIELD-00922,field,0.3137732377740283,False,15.525076309653253,1.404496736784079,7.807460495281941,0.1113109602502959,-2.3025599205677034,-5.2157833965163976,0.0024132363406336,70.14098591662437,9.987625286828878,3,field
SIM-FIELD-00926,field,0.1888137767601996,False,20.05293226404523,2.150778098136656,6.8523945855291295,1.3,3.903781565798308,-12.247463297504217,0.04,5.27107275809933,14.232144080305282,3,field
SIM-FIELD-00927,field,0.3738955277702294,False,13.572233139967746,1.200195462806765,12.682714748973646,0.0586055457612897,0.3605023799167262,-11.953579420450684,0.0007868515253763,216.40809899855705,9.08829426349554,3,field
SIM-FIELD-00928,field,0.1867177372024744,False,18.810755198326245,2.0677327868144544,7.591674483779016,0.6511176226579918,-4.02594066318157,-17.075098894947395,0.0185335286797397,11.659451717476621,13.212443088909431,3,field
SIM-FIELD-00932,field,0.2198556916213959,False,17.618841404842282,1.919022250378472,7.72148025439951,0.3575263060096965,-4.038633426315778,-4.161635445214085,0.0097257891802908,21.5969569919985,12.057344230803931,3,field
SIM-FIELD-00933,field,0.1552370281566882,False,18.773161824575823,2.4070026841297025,10.800542066768983,0.6446892830637949,-9.849098005801928,-12.62485057775736,0.0183406784919138,16.753096957717258,13.940389588445223,3,field
SIM-FIELD-00934,field,0.4461983608879417,False,14.928751282168268,1.0123151917987463,4.589203922817915,0.0789417879647392,3.8174559412898303,-7.390467706160153,0.0014647262654913,58.13402560463625,8.23743806289137,1,field
SIM-FIELD-00936,field,0.2311944626924917,False,18.49806083929814,1.7766607188625607,4.173442464060755,0.5762368643172484,-4.439912273926284,-8.991082364759599,0.0162871059295174,7.242581518982891,11.600532992323952,1,field
SIM-FIELD-00937,field,0.2312989875466903,False,18.78471939099035,1.8096974359326536,3.78122104964662,0.6457800430786189,-3.1421044258106723,-4.425202213332758,0.0183734012923585,5.855277025317248,11.672879725483018,1,field
SIM-FIELD-00938,field,0.2631648657837918,False,16.643166299259125,1.6297832124140712,6.942804899172616,0.1790924162027987,15.381461373401978,-2.929671496735836,0.0043901954725816,38.76660467471051,10.85084110551938,3,field
SIM-FIELD-00939,field,0.2800800104699991,False,16.890789279530487,1.5390083164621728,5.196792465732477,0.193587877263771,-10.339521524202455,-0.5412633372943049,0.0048129797535266,26.84461723112778,10.469466147475014,3,field
SIM-FIELD-00941,field,0.1543490526399654,False,19.240516856191142,2.4211012772266414,6.68643522133159,0.8521600376837413,-1.3292977791483578,-8.128667602991651,0.0250720012561247,7.846454803848828,13.366490063623381,3,field
SIM-FIELD-00943,field,0.243954462549745,False,16.78796685545519,1.7392842182467083,8.554150878961941,0.1875226918516309,11.978848251493346,-1.9079122650890723,0.0046360785123392,45.61661735172849,11.44885138604274,3,field
SIM-FIELD-00946,field,0.4272158691903881,False,12.837462513070014,1.0540111081804509,13.14544268302888,0.0489134878186693,0.5950738585269475,-15.206801507204029,0.0004891348781866,268.7488312377415,8.431338592539234,3,field
SIM-FIELD-00947,field,0.4733267759521256,False,15.508524375651048,0.9531206178670966,3.00339674940762,0.1107190578661816,13.767661289695136,-5.390563859440674,0.0023959725210969,27.12628527816427,7.896587907603479,1,field
SIM-FIELD-00950,field,0.1677790214764208,False,18.83935211065954,2.2585763304375326,9.1025482895384,0.6653033928360121,2.2031563884884937,-2.255947511206202,0.0189591017850803,13.68180049516454,13.635167068505119,3,field
SIM-FIELD-00953,field,0.2465300329192155,False,17.038750115441307,1.6996652105511978,7.1461775610176606,0.209390373131251,2.841445467501534,-2.769572129134766,0.0052817111939375,34.128491459052235,11.309119130001612,3,field
SIM-FIELD-00957,field,0.3571835533344351,False,16.004049521613478,1.2485961238453052,4.547801330257346,0.1400188692952113,5.4215513791106575,-3.211150038964325,0.0032505503544436,32.479917550747444,9.293056943449312,1,field
SIM-FIELD-00959,field,0.1312625754327242,False,19.50865345885069,2.769548970666423,13.461211504820564,1.016854011190817,-0.3872474292869553,-15.982527831552884,0.0305618003730272,13.238096478624707,15.154074198922354,3,field
SIM-FIELD-00960,field,0.4875814997336452,False,16.66094489096496,0.9256950477654826,1.557564313322234,0.1797109456039819,18.82722301857067,-10.666145980576731,0.0044082359134494,8.667053128497493,7.623174831647654,1,field
SIM-FIELD-00964,field,0.3151026825051953,False,15.707660163844311,1.405996755026182,6.980372058317144,0.1224601732225167,6.95594080719846,-13.392178049849706,0.00273842171899,57.001161068369825,9.927053020919837,3,field
SIM-FIELD-00967,field,0.1937732990847898,False,19.011077264699487,2.11318186025988,5.6977132186488895,0.6956205627959704,-12.807172140683186,-1.840806111178817,0.0198686168838791,8.190834951381479,12.789580195874679,3,field
SIM-FIELD-00979,field,0.2730491981062311,False,16.085217961931217,1.5619612560480434,8.755447236870417,0.1450318099121455,7.403447029217245,0.9884312462384884,0.0033967611224375,60.369151030895345,10.79660963781155,3,field
SIM-FIELD-00981,field,0.2648470931248783,False,15.586947047222417,1.6155458216073273,11.665111900990262,0.115204064396712,7.742270645596672,1.864379589973585,0.0025267852115707,101.2560794801541,10.921391593453997,3,field
SIM-FIELD-00984,field,0.4352735883886298,False,15.760108025749098,1.0367921826324384,3.357893113135648,0.1259264104343945,-1.26009493885917,-9.284287611968049,0.0028395203043365,26.66551918340476,8.390442364577318,1,field
SIM-FIELD-00985,field,0.4801169529368498,False,17.00612761590293,0.9386606356296896,1.1597829045111006,0.2033637971615565,-8.619871102962025,-14.256018425705587,0.0051009139148466,5.70299591519598,7.328011130155613,1,field
SIM-FIELD-00988,field,0.2063347320828178,False,17.05781185167178,1.9756833713692536,11.55191685146288,0.2145245153072295,1.854281197301701,-6.223695308324992,0.0054357354592168,53.848935796073924,12.371082123003543,3,field
SIM-FIELD-00993,field,0.385029939009294,False,16.941365508239343,1.1633157742611655,2.27634267797912,0.1963088908987585,7.633042911625949,-3.229879584536186,0.0048923426512137,11.595718704116607,8.727553712392753,1,field
SIM-FIELD-00998,field,0.3319110226282999,False,17.734173922396856,1.322868784435781,2.4106671157628905,0.3827390043715375,5.328339794395076,-8.866852974699691,0.0104821701311461,6.298462106628609,9.644860140670463,1,field
SIM-FIELD-01001,field,0.1360940143140488,False,19.600331357546462,2.6696862470501497,10.35226624829056,1.0834696438194171,4.935278351878471,7.197526064848215,0.0327823214606472,9.554735850094552,14.675508522641602,3,field
SIM-FIELD-01007,field,0.449031286899798,False,12.724418414762614,1.003264019533955,12.410559858686536,0.0481572914475698,11.64095191801656,7.010789923962074,0.0004815729144756,257.70884295264534,8.19337528279367,3,field
SIM-FIELD-01008,field,0.409442755343356,False,15.924772495917145,1.1066408220414925,3.6680335301194567,0.1355011694737179,-0.7133611173616226,-6.760914237577527,0.0031187841096501,27.07012451896894,8.746938980797058,1,field
SIM-FIELD-01011,field,0.3625994019634351,False,13.850280377017498,1.2350605471491742,11.929494948842455,0.0627502335526744,2.262118554448391,-17.631194259310263,0.0009250077850891,190.11076570461663,9.233390665120346,3,field
SIM-FIELD-01012,field,0.3470925510890091,False,17.743280808003203,1.2869494720140828,2.322300995822057,0.3835582898738827,18.15419576582929,-3.5774538862902565,0.0105067486962164,6.054623396578522,9.57287335003062,1,field
SIM-FIELD-01013,field,0.3903271806315541,False,13.868119267302395,1.1554167210249868,10.10104386858914,0.0630168032067397,-0.7614466046966467,-16.869330975275524,0.0009338934402246,160.2912771606419,8.889950553513767,3,field
SIM-FIELD-01019,field,0.3713885238316501,False,14.013273990081244,1.2101212450000636,10.52504312020079,0.0651847978001501,-1.3227797819381002,0.5690315745432355,0.0010061599266716,161.4646892434873,9.124393408974596,3,field
SIM-FIELD-01023,field,0.279454412310597,False,15.280028827669922,1.5439063857701285,11.605136198463176,0.0968923099509433,-13.205159683606462,-1.3839321841149044,0.0019926923735691,119.77355276532133,10.603280036288762,3,field
SIM-FIELD-01025,field,0.2520036671722718,False,15.651294231963815,1.6778443901921731,12.77380627260891,0.1191494458571131,-1.945678471296714,-5.49374705588754,0.0026418588374991,107.20827260856562,11.18289585879913,3,field
SIM-FIELD-01027,field,0.2463529733923286,False,18.039604027900328,1.6984954756417028,3.8610465348366128,0.4639704141664758,-2.8914515698599788,-15.307694956655435,0.0129191124249942,8.321751596538746,10.9731292076095,1,field
SIM-FIELD-01028,field,0.281857990222852,False,18.19950072317852,1.4770223351085363,3.249762345596193,0.4997571382583474,1.5769095088029776,-2.617587765950674,0.0139927141477504,6.502683197125724,10.75875873458056,1,field
SIM-FIELD-01029,field,0.4065988052387013,False,15.35452626498673,1.1119915193673535,4.75568870289496,0.1012538945784618,3.6845186299322,5.990077124634833,0.0021199052585384,46.96795834563943,8.740593359480693,3,field
SIM-FIELD-01032,field,0.2564106015777353,False,16.173450843149553,1.6558777981933814,9.794803008944545,0.1504099025362654,5.292561499270034,10.739917179201532,0.0035536221573077,65.1207323705493,11.128429373037802,3,field
SIM-FIELD-01033,field,0.3743943348988089,False,15.243854609743984,1.2009610406316469,5.945415825929397,0.0949026363788088,-19.96542885205925,-13.42295627413349,0.0019346602277152,62.647530698704315,9.114765783904504,3,field
SIM-FIELD-01036,field,0.2985569212975368,False,17.906372131772354,1.4580623226487135,2.7792200148208748,0.425985575070533,3.9516534099293543,-10.65647012044244,0.0117795672521159,6.524211563644386,10.125986775411686,1,field
SIM-FIELD-01039,field,0.2337993857143581,False,16.19644675442684,1.7837621270338195,12.3741472669991,0.1513629085265974,17.389658785305365,7.427855527754863,0.003581418165359,81.75151619014194,11.659023156092465,3,field
SIM-FIELD-01048,field,0.2088100555169067,False,16.66433961473908,1.9489466942247504,13.105940814602157,0.1800470162869953,-0.6992871869302841,5.437128905053709,0.0044180379750373,72.79176897722793,12.251680626663223,3,field
SIM-FIELD-01052,field,0.1610548419055554,False,19.14099525536732,2.3213911975444703,8.385355835978453,0.7613709162898274,-13.506089636677276,-0.4474203644844647,0.0220456972096609,11.01349638733303,13.758602739346133,3,field
SIM-FIELD-01060,field,0.3250763097638056,False,16.058004040850673,1.362284445557836,5.614288122189351,0.1438564731498859,17.858986811865712,-4.985966102574071,0.0033624804668716,39.0270107368735,9.804477523976276,3,field
SIM-FIELD-01062,field,0.2573856471738532,False,17.58860622898218,1.6360337229184618,4.744622041768438,0.350986581788036,-2.955771331416596,1.797111524644276,0.009529597453641,13.51795848604195,10.969614339445615,3,field
SIM-FIELD-01066,field,0.3440822780586912,False,16.478150391809404,1.302577838886268,3.951653372848209,0.1684083233370678,10.808496264512064,-10.854644337086096,0.0040785760973311,23.46471536884201,9.462044604710371,1,field
SIM-FIELD-01067,field,0.2096433576925543,False,16.38375438162013,1.9476051072188143,15.12186907505846,0.1628665258865405,5.434261481844048,-7.660859426748333,0.0039169403383574,92.84823258029691,12.281781749753247,3,field
SIM-FIELD-01070,field,0.3211059690218512,False,17.593254933572172,1.3877784262033277,3.1423547410722503,0.351019710097989,-3.675839510788864,3.8023451936241375,0.0095305913029396,8.952074913955816,10.079530988896218,1,field
SIM-FIELD-01073,field,0.3538552283288114,False,17.004835146886915,1.2694882298396772,2.7837342704770283,0.1995949235523364,-3.877129047613721,-3.713586405546605,0.0049881852702764,13.946919194801549,9.227974027201869,1,field
SIM-FIELD-01074,field,0.4467416112477658,False,16.49908648011895,1.0026671242950147,2.550009155420165,0.1698778012276293,10.270324602156542,2.4157881082487327,0.0041214358691391,15.010843894802106,8.531795178644254,1,field
SIM-FIELD-01078,field,0.3067795250097943,False,16.05058924652512,1.422787374897237,6.474434229688745,0.1429370100868854,6.277843425970125,-14.92859632700834,0.0033356627942008,45.29571610427005,10.10659836383624,3,field
SIM-FIELD-01079,field,0.2484648170542092,False,18.443740908656117,1.715516707891231,3.9707048042796673,0.5619865330705573,3.3892770603888227,-15.960081209794462,0.0158595959921167,7.065480346272187,11.438078915320553,1,field
SIM-FIELD-01080,field,0.1617010935094042,False,19.29640057779797,2.374294979458829,6.801045958162419,0.8694625044210824,3.6111723111222656,3.4306553923616803,0.0256487501473694,7.822126800845524,13.459279125833383,3,field
SIM-FIELD-01086,field,0.1915243709664871,False,16.899648388913416,2.0708936874830504,14.99465877328369,0.1940362073424229,-14.89212420559214,-6.865954288773501,0.0048260560474873,77.27763276068399,12.77933132473088,3,field
SIM-FIELD-01087,field,0.2460992181032491,False,17.173174717826456,1.6995740064243032,6.646893889739427,0.2450858877758282,1.165067528943177,-15.937793297294755,0.0063525766332748,27.120671655395828,11.286268446834463,3,field
SIM-FIELD-01090,field,0.2434263224841738,False,16.96312724196312,1.7174639786637451,7.990646621992818,0.1978866784177993,7.0391803966423305,-14.586302562624128,0.0049383614538524,40.37991180549364,11.476036866318163,3,field
SIM-FIELD-01091,field,0.243247982834028,False,18.16139948508815,1.7144915221360733,5.087046670346467,0.4889083045024847,-16.065452847851876,-11.86041117075745,0.0136672491350745,10.40490951677139,11.693728095184145,3,field
SIM-FIELD-01092,field,0.1672149720266151,False,17.75518898012722,2.292127889403181,14.177221429159992,0.3922149203615646,-12.08370019363728,-5.497361449502191,0.0107664476108469,36.14656325692729,13.513144592674507,3,field
SIM-FIELD-01094,field,0.3712618244689125,False,13.50758360048333,1.208371393609938,13.386206508679914,0.0576242070185457,-11.402884606714004,-3.9609237141704328,0.0007541402339515,232.3017912311004,9.140871203330805,3,field
SIM-FIELD-01096,field,0.1190669044556039,False,20.443960254114074,2.9073863175399577,11.7309487535577,1.3,4.203856914775196,-12.873490704168477,0.04,9.023806733505923,15.790625942045647,3,field
SIM-FIELD-01103,field,0.4505844805450135,False,14.286706611269834,1.003400837380508,6.041953949881624,0.069300450041775,-13.027526686526,1.32320513190578,0.0011433483347258,87.18491649389686,8.192593665651179,3,field
SIM-FIELD-01105,field,0.1902521487419743,False,18.97445345465937,2.1519426045788506,5.854661743240625,0.7041188978613917,15.54161612541363,1.4174279544199386,0.0201372965953797,8.314876594028208,12.811962497143046,3,field
SIM-FIELD-01107,field,0.2443337119447874,False,16.050641995737145,1.7188118540267927,11.63781905043694,0.1428975216286554,-1.903946104583059,1.1626367906274977,0.0033345110475024,81.4417137386041,11.379999997346808,3,field
SIM-FIELD-01108,field,0.2049666817775255,False,19.488283993584425,2.01415484776304,5.389353779939067,0.974198866509596,2.962701133249209,-2.9655445048678564,0.0291399622169865,5.532087918813013,13.145967460861538,3,field
SIM-FIELD-01121,field,0.1987437601783788,False,16.873556557530822,2.020448337843557,13.852467116023892,0.1926465556815024,5.349680652449616,1.9402409548926447,0.0047855245407104,71.90612397413334,12.581192196900306,3,field
SIM-FIELD-01122,field,0.2722874294533229,False,18.087179796103527,1.5456466442096704,3.423955713157584,0.4655672118651466,1.8033185824929043,-14.710237909298211,0.0129670163559544,7.354374676516838,10.759820489599214,1,field
SIM-FIELD-01125,field,0.4908642107433865,False,14.5282313246784,0.9151219247671244,4.503894759982344,0.0728910162995485,-10.4478066207663,-16.64766112115138,0.0012630338766516,61.78943563461114,7.796172494892936,1,field
SIM-FIELD-01127,field,0.3870405747268787,False,13.85616748801356,1.1607722182445888,10.216920090369332,0.0628469920154419,-4.154997627207932,-2.9930211930997306,0.0009282330671813,162.56816376922177,8.902767471240752,3,field
SIM-FIELD-01128,field,0.3738450391828604,False,17.630783592008843,1.185875761061908,1.948426001760352,0.3580211448218253,-4.718351264534078,-10.859092681784755,0.0097406343446547,5.442209293895242,9.079203175017286,1,field
SIM-FIELD-01131,field,0.396627349884821,False,16.63697069525503,1.1361880932153854,2.6017149307605787,0.1785071286775935,6.579669703095363,-6.671149262810952,0.0043731245864298,14.574851716200117,8.713269241740324,1,field
SIM-FIELD-01133,field,0.3610532080477409,False,16.554737941169787,1.2366500362718835,3.396489158454275,0.1731015274165823,-6.697890261207324,-7.749146052691718,0.0042154612163169,19.62137023944543,9.209889104505123,1,field
SIM-FIELD-01145,field,0.2110175672176945,False,18.326032399037,1.962961204537824,5.879127762224944,0.5311294261687578,5.773698470244851,-7.892911749357634,0.0149338827850627,11.069105706745283,12.17259688983305,3,field
SIM-FIELD-01151,field,0.2236312900948467,False,17.802340804888345,1.848943000731496,7.029533128354355,0.4016023517075824,-2.7498508152187267,2.130881842034411,0.0110480705512274,17.50371505163085,12.036973214829192,3,field
SIM-FIELD-01153,field,0.2662669916957174,False,15.50124346822158,1.6149053760260228,11.938257668640318,0.109996379068657,7.8139130374617345,-11.637671118704782,0.0023748943895024,108.53318781692582,10.88594820934506,3,field
SIM-FIELD-01155,field,0.2563708421840108,False,18.368307661327567,1.5740009100999832,4.306447605549068,0.5453510316597778,14.295949484138095,0.9221402792986542,0.0153605309497933,7.896652533034327,11.53890350000184,1,field
SIM-FIELD-01156,field,0.1929944087571403,False,18.295408820979038,2.07454834793706,9.376384370235272,0.5172573544739698,-9.337100331172564,2.43539299439838,0.014517720634219,18.127116587391363,13.1555858322942,3,field
SIM-FIELD-01157,field,0.1626499182370167,False,18.970976416571904,2.3014715794142413,9.456990402930302,0.686692345473874,6.051981368277411,-14.91056311146117,0.0196007703642162,13.771801106074953,13.84974115811766,3,field
SIM-FIELD-01158,field,0.1214189336913335,False,20.018801353032178,2.8246642033550624,15.7546336725727,1.3,0.573528721457722,-1.7510990120221022,0.04,12.118948978902077,16.00584289999837,3,field
SIM-FIELD-01161,field,0.2399642339810691,False,17.796967893001323,1.753660734590758,5.058584470121762,0.3962502008673494,-10.788399582210248,-6.951830212387416,0.0108875060260204,12.766137301757981,11.317112925006716,3,field
SIM-FIELD-01163,field,0.1428889090895031,False,20.375107860654342,2.624993144260124,6.68987215552412,1.3,4.11188864021381,-15.593768056049305,0.04,5.146055504249323,14.502196952721462,3,field
SIM-FIELD-01166,field,0.2513013470825639,False,18.2270586388666,1.7286649549416837,4.522878698096811,0.5052285131562992,0.4029084390416108,0.2799073754321391,0.0141568553946889,8.95214458471705,11.504133340304978,1,field
SIM-FIELD-01167,field,0.3361748393302011,False,15.10286492561522,1.3215082393536974,8.09243052460212,0.0860409962685219,3.3313048587290264,1.4179492958326687,0.0016761957244985,94.05319412326165,9.643259823472706,3,field
SIM-FIELD-01169,field,0.4810076866962002,False,11.991513349981991,0.9353320288686652,15.017524768878316,0.0432734253164708,-1.9644653095371336,-0.6689064959760723,0.0004327342531647,347.0380414550249,7.874505134559996,3,field
SIM-FIELD-01171,field,0.1791930676003576,False,17.66170933938904,2.174501273844696,12.349336437426208,0.3664609578898721,-16.44598950037062,1.467356422965097,0.0099938287366961,33.698914363306876,13.119927451534899,3,field
SIM-FIELD-01172,field,0.4404990336329916,False,14.97787904306298,1.024743415940747,4.519962071032673,0.0796604718603901,-9.026909759780466,-3.4014493704182795,0.0014886823953463,56.74033765396451,8.253552995427052,1,field
SIM-FIELD-01174,field,0.47746949962514,False,16.44777026686172,0.9509731608175274,2.0919098905703315,0.1670501724436292,1.9786609338427703,-14.550241186483111,0.0040389633629391,12.522644304819517,8.05048513325159,1,field
SIM-FIELD-01175,field,0.1238110603827917,False,20.11112130208144,2.8577421910357512,13.181889135359247,1.3,-4.670316105806855,-4.339197361390412,0.04,10.139914719507113,15.711009575780109,3,field
SIM-FIELD-01178,field,0.3621342756486932,False,15.81596229185108,1.2369905273554258,4.836683748549508,0.1289765171456012,0.3559993310441603,-2.8694437524792478,0.00292848175008,37.50049897137004,9.238700749519005,3,field
SIM-FIELD-01179,field,0.1610462249340668,False,19.42909802532858,2.32305964023197,7.176155969108194,0.9584917732221484,-3.6282463136828897,-7.372601180336405,0.0286163924407382,7.486924947706344,13.708557371569885,3,field
SIM-FIELD-01181,field,0.4747722982638607,False,13.76028254175049,0.9458419933296348,6.749970505885193,0.0614145982876099,5.532263584193575,-7.586736480276116,0.0008804866095869,109.90824159224317,7.90679191763947,3,field
SIM-FIELD-01182,field,0.2601961895971604,False,15.48604470991695,1.634291664348773,12.998410041918572,0.108965171915063,3.417714800742043,-14.391221081535708,0.0023448175141893,119.2895841255651,11.055495874431559,3,field
SIM-FIELD-01184,field,0.121980341350729,False,20.1777371053491,2.827674639929124,12.338853622831689,1.3,2.0604543441509664,-3.742810538235795,0.04,9.491425863716684,15.634111166231698,3,field
SIM-FIELD-01189,field,0.2151762748233096,False,18.809533295649768,1.9118477587386309,5.283616981817543,0.6552489892711983,12.645980304997718,-22.64344400095868,0.0186574696781359,8.063525573224087,12.42418993242108,3,field
SIM-FIELD-01193,field,0.2044104820009536,False,16.749997603745317,1.983526993501076,13.34992691425826,0.1853554107401717,-8.508077226500264,-7.702422512503122,0.0045728661465883,72.02340013139394,12.377392044300262,3,field
SIM-FIELD-01195,field,0.2334183702365449,False,15.869403983830658,1.7990365269774389,14.132050608701832,0.1318688050008746,-7.389835235718413,4.1638108415228805,0.0030128401458588,107.16750340315969,11.620429903982295,3,field
SIM-FIELD-01199,field,0.3217247038585837,False,15.323141582509354,1.375440526923706,8.150701219711548,0.0992965926514579,1.9309234597194165,-17.23553621356085,0.0020628172856675,82.08439989800473,9.879116449982897,3,field
SIM-FIELD-01201,field,0.1367926480697865,False,19.71073575683756,2.51692956045239,10.691064039028278,1.144870519686822,6.569550821250035,-0.3094851995579231,0.034829017322894,9.338229830525119,14.85584041163821,3,field
SIM-FIELD-01202,field,0.1727299724170569,False,18.69338636287469,2.260695840173789,7.6234540602171155,0.625097362188918,-14.623370459281936,-11.707732696755118,0.0177529208656675,12.195626667695235,13.104145300550798,3,field
SIM-FIELD-01207,field,0.3461542042177979,False,13.765770131672564,1.2880389883946008,14.009479029707192,0.0614883940043586,7.875364264351351,-16.99502288109308,0.0008829464668119,227.83940378592635,9.49788005908994,3,field
SIM-FIELD-01209,field,0.2284733404304383,False,18.053497838792097,1.847036355439717,5.351653091257484,0.4616201017900836,-4.000564888823564,-18.96023590889103,0.0128486030537025,11.59319767597791,11.695937606391748,3,field
SIM-FIELD-01210,field,0.4876558651753995,False,13.54040626158536,0.9205061526358582,7.053028410992829,0.0581075320401731,0.9922218687384904,-1.674335840712028,0.0007702510680057,121.3789015530149,7.782284427946156,3,field
SIM-FIELD-01212,field,0.4574612088415445,False,17.133394687550474,0.9936452692678448,1.6420553751190978,0.2333640541399802,7.09567859777887,-14.884097192397292,0.0060009216241994,7.036453755359142,8.210333681379733,1,field
SIM-FIELD-01214,field,0.3554583087819687,False,16.46979093315551,1.2593703749999805,3.659968103984504,0.1686683363951618,-6.727517765935627,-10.938577665314956,0.0040861598115255,21.69920082338281,9.287177436187832,1,field
SIM-FIELD-01215,field,0.2404702091408233,False,18.56860982273796,1.7610639325711055,3.2489814791647857,0.5931413835946058,3.809309356264484,0.4701347294599579,0.0167942415078381,5.4775835391471634,11.127346001008796,1,field
SIM-FIELD-01220,field,0.4712849853297008,False,17.07199222404529,0.9484175667579788,1.8293283424014488,0.2196789654785325,-2.0232483207139915,-5.247329796932886,0.0055903689643559,8.327280394900688,8.3834505395496,1,field
SIM-FIELD-01221,field,0.4867687611973714,False,16.95318554264242,0.9334109891983626,1.6605333812342593,0.197579847408775,-5.633406910287087,19.21072677972088,0.0049294122160892,8.404366148733603,8.054423595250661,1,field
SIM-FIELD-01226,field,0.346638166599828,False,14.536893508205871,1.286876206613322,9.685997495541708,0.073038489593597,-2.1243542415490686,-2.4894327712381736,0.0012679496531199,132.61497532926586,9.467615270292152,3,field
SIM-FIELD-01232,field,0.3469301208831145,False,14.131816060812902,1.2880932123705184,11.721531124458584,0.0669739626109304,-7.328979461285364,-21.253913935681418,0.0010657987536976,175.01624015517916,9.476737786233272,3,field
SIM-FIELD-01239,field,0.3331124207994212,False,16.85966977598035,1.3255110007677806,3.699283901647364,0.1913853709355599,7.7535524786674515,-5.243285655344645,0.0047487399856204,19.328979448972227,9.700258088663727,1,field
SIM-FIELD-01240,field,0.3751156335565072,False,14.369030202867254,1.195911046477124,8.827939758322554,0.0705286953163771,3.344278891592004,5.766174267144614,0.0011842898438792,125.16805704007777,9.098327007283306,3,field
SIM-FIELD-01243,field,0.1722758702709992,False,18.810621561346277,2.2310620741766827,8.961685996432351,0.6558862942070156,6.151327433118968,-7.398279295618039,0.0186765888262104,13.663475019351141,13.572570175541488,3,field
SIM-FIELD-01244,field,0.1249838668316734,False,19.58134195964921,2.726676277975685,15.653570096937267,1.0300271722798549,-8.647728429758436,2.389926119333367,0.0310009057426618,15.197239954640969,15.554408971482848,3,field
SIM-FIELD-01251,field,0.228202054514116,False,15.92451694943034,1.8262851772792592,14.784186360874063,0.1351531213789688,9.741297317551105,-11.70935811856129,0.0031086327068865,109.38841966823146,11.773504091304115,3,field
SIM-FIELD-01252,field,0.3460127287533375,False,17.712398695017978,1.2747108300096393,2.721105726621371,0.3767415572317005,10.65371526235273,-2.126290427859934,0.010302246716951,7.222738438031828,9.88612577656692,1,field
SIM-FIELD-01255,field,0.2130920367069407,False,18.49811894566093,1.933989672318031,5.219999006969501,0.569602658184597,-1.46872560824929,-4.275901842450983,0.0160880797455379,9.164281331843437,12.086471047580567,3,field
SIM-FIELD-01259,field,0.3476058406327157,False,13.642401332768149,1.2828745549910092,14.59936439665587,0.0596382892967211,-5.4261777246459095,12.2796923744206,0.0008212763098907,244.79851063498796,9.464071075719849,3,field
SIM-FIELD-01261,field,0.3453321659894314,False,16.58128706860015,1.2876960670199435,3.6321222786272327,0.1746350506143726,-5.538803686341019,2.8733865403676986,0.0042601889762525,20.79835786601425,9.382089373626142,1,field
SIM-FIELD-01267,field,0.2897080401470462,False,17.817257182061336,1.5284018482844213,3.61315086924714,0.3998202904780725,2.6702982890664275,-1.5090061573208622,0.0109946087143421,9.03693723229211,10.606687662906644,1,field
SIM-FIELD-01268,field,0.293156659462492,False,15.929062191052749,1.4826798146067983,7.811120559096937,0.1358507885228546,5.246193206999735,-4.669247841487454,0.0031289813319165,57.49779330712422,10.392628895473782,3,field
SIM-FIELD-01272,field,0.1860811027801519,False,18.199937071230597,2.139795454498696,9.028555957638504,0.5010672159723837,8.11269830295432,-10.538265443409774,0.0140320164791715,18.018652328146157,12.978028541635645,3,field
SIM-FIELD-01273,field,0.1819542048663384,False,18.09346841486964,2.1620998523866937,10.236050326284904,0.4777155033847744,13.147432896041902,1.6602992946016228,0.0133314651015432,21.42708422431145,13.144130477173448,3,field
SIM-FIELD-01280,field,0.2179595013260703,False,17.446568198837834,1.8947053555019635,8.118295637329119,0.3142641047421797,1.2579199653841864,3.225177423563163,0.0084279231422653,25.8327168608369,11.993892511917887,3,field
SIM-FIELD-01291,field,0.4381744741483278,False,16.265264596056376,1.0209930208232385,2.8046695457267803,0.1559378556196713,6.687277817363251,-20.878148142167248,0.0037148541222404,17.985815789126292,8.504673089932261,1,field
SIM-FIELD-01292,field,0.4050336489248905,False,14.42096292166508,1.1140194361262028,7.0833168750348205,0.0713084255649135,13.250609521848936,-1.1942373750182282,0.0012102808521637,99.33351941120526,8.672146274523223,3,field
SIM-FIELD-01294,field,0.409627674059861,False,14.210198762408591,1.0967010392560892,7.74742705081,0.0681625238515719,11.315877548167476,-19.39069040302444,0.001105417461719,113.66109429399211,8.655986240640683,3,field
SIM-FIELD-01295,field,0.3758772933156794,False,14.649915728431194,1.194252138437946,7.765589030821508,0.074728812774819,1.4399268106699048,-1.060965403123158,0.0013242937591606,103.916933007107,9.100787744229502,3,field
SIM-FIELD-01296,field,0.4963105412072234,False,16.05985726239402,0.9064531911827076,1.9126211403659763,0.1435308173736398,1.6184491120931104,-1.4454255582902051,0.0033529821733978,13.325508593649516,7.468002021198991,1,field
SIM-FIELD-01297,field,0.3252518599202575,False,15.68168642800674,1.370100275021633,6.679642582689827,0.1209446215547701,-2.958762374281163,-5.960564009263566,0.0026942181286807,55.228934505904704,9.805452551373707,3,field
SIM-FIELD-01298,field,0.1168854096742615,False,20.26690964348153,2.826373728203534,11.91853571187828,1.3,-15.343018879742896,-0.5043540398360049,0.04,9.168104393752522,15.648024154011729,3,field
SIM-FIELD-01299,field,0.2792730128433093,False,15.743838692786971,1.5554208643712013,9.457632446282885,0.1247861876914642,9.24096646926941,1.268228780269388,0.0028062638076677,75.79069944557509,10.62275085249036,3,field
SIM-FIELD-01301,field,0.2509736230315709,False,16.37133666177095,1.681589709058724,9.212538195583392,0.1620501373003846,-0.2498956081157878,-13.968421005159374,0.0038931290045945,56.84992527039055,11.193233169144055,3,field
SIM-FIELD-01302,field,0.2345634379249186,False,16.350544496054304,1.794642125410455,11.039773977455123,0.1608133506002618,-13.623039280378604,-19.42584889191584,0.0038570560591743,68.64961109414973,11.56534540588757,3,field
SIM-FIELD-01311,field,0.1195065296382674,False,20.470491872172303,2.7443688216304656,12.952568573026788,1.3,-2.3206632620257874,7.7591944844737935,0.04,9.963514286943683,16.03227137313035,3,field
SIM-FIELD-01312,field,0.3765216425454116,False,13.20598959281178,1.1923119091042738,14.835614022000891,0.0530929482543878,4.20584742224184,0.4035189061935634,0.0006030982751462,279.4272028540969,9.062517221656885,3,field
SIM-FIELD-01319,field,0.2654306324083206,False,15.594927131871192,1.624028012094735,11.461628641617912,0.1154860339268247,2.9712705130577417,-0.7289705573672922,0.0025350093228657,99.24688078629778,10.891158797607725,3,field
SIM-FIELD-01320,field,0.2977927840933672,False,18.986027605884452,1.482222241672554,3.764424556683646,0.7020380828190085,-5.088725826800654,0.6432995468274202,0.0200679360939669,5.362137252679705,11.864520594946303,1,field
SIM-FIELD-01321,field,0.2532632720594228,False,18.43748665286395,1.6875870123484369,3.762433411074255,0.5620290673591579,9.337353810162648,-5.3853825732213165,0.0158608720207747,6.694375130370112,11.314830764698808,1,field
SIM-FIELD-01322,field,0.131576806869186,False,20.443288590080236,2.6499112630032093,9.162530812796753,1.3,-8.587583525942655,-2.73664350519553,0.04,7.048100625228271,15.253365830811887,3,field
SIM-FIELD-01323,field,0.4785174363275702,False,16.91421222782707,0.953745288094596,1.342734086013356,0.194467832460738,-4.367682619279364,-16.23565324437372,0.0048386451134381,6.904659084347262,7.554162297084339,1,field
SIM-FIELD-01326,field,0.3387262199595091,False,17.56591779627421,1.3380922352113391,1.730926718105401,0.3422697994931745,2.5117281879408444,-14.33202533624595,0.0092680939847952,5.057199673089823,8.757311204408712,1,field
SIM-FIELD-01328,field,0.2794123943615799,False,15.38250108975876,1.547087017777751,11.156140617647642,0.102720558619647,-1.7762623099531007,-5.935595302271603,0.0021626829597397,108.60669731126097,10.620070988239556,3,field
SIM-FIELD-01330,field,0.1856862132684502,False,18.06871390845274,2.1057891633839687,9.986425102283004,0.4680966080060134,-5.640072394315516,-10.886181453451275,0.0130428982401804,21.33411123148902,13.06576415428345,3,field
SIM-FIELD-01332,field,0.2253980051313961,False,16.72745343587778,1.84500500336674,10.455812942622812,0.1835907251558797,-16.16069515139167,-7.404009150209747,0.0045213961503798,56.95174924411454,11.824242460847435,3,field
SIM-FIELD-01334,field,0.1711982424541611,False,19.034443161294632,2.2711016461900373,8.69128721353704,0.6973996007578263,-7.912764497171258,-8.260335593933672,0.0199219880227347,12.462420689792037,13.729863670889449,3,field
SIM-FIELD-01345,field,0.2857142791050531,False,14.747471198863742,1.5195134229174674,14.094043591347411,0.0762292008413714,0.0198818737811779,-12.887215399442448,0.0013743066947123,184.89034957451946,10.4926492508089,3,field
SIM-FIELD-01346,field,0.427344143557069,False,13.13746766334527,1.054489263513061,11.563924980461334,0.0520597916001907,-10.759851798025476,-8.277089217058293,0.0005686597200063,222.12776165663664,8.452993991224327,3,field
SIM-FIELD-01348,field,0.4353795138515777,False,16.789613378244105,1.044931664198883,2.031924795536024,0.187591436448512,19.51392765130524,1.9320679225526929,0.0046380835630816,10.831650068918384,8.32915152846856,1,field
SIM-FIELD-01351,field,0.2745034280270044,False,18.27648073455695,1.5311589182974938,3.308605980597296,0.5211473161484406,0.2799882093829118,-1.742946650145891,0.0146344194844532,6.348696190262816,10.87470598673389,1,field
SIM-FIELD-01353,field,0.1939752032746861,False,18.01420408363027,2.069920852905325,8.6422160272026,0.4607240731140434,-6.157088372102585,-7.99568485315144,0.0128217221934213,18.7578998613849,12.697329673909838,3,field
SIM-FIELD-01355,field,0.3629830453370627,False,14.761142101964303,1.231648640024671,7.964996791620719,0.0763714537038108,-18.096242544853126,-2.3164309940805348,0.0013790484567936,104.2928529619344,9.267070127959723,3,field
SIM-FIELD-01359,field,0.455634713523019,False,13.478462782231189,0.9891573427873184,8.382188148290588,0.057200001927886,-7.192204117084533,-2.8430725129832517,0.0007400000642628,146.541745905154,8.095249806576268,3,field
SIM-FIELD-01360,field,0.2931926763236785,False,15.78597757334714,1.4841663966299443,8.176171155634544,0.1271328559474155,-2.902462152514293,-2.066694030051605,0.0028747082984662,64.31202299912431,10.348727444228906,3,field
SIM-FIELD-01362,field,0.3115848267419797,False,17.683213072647455,1.4242778812010577,3.111442300771961,0.3692873729770889,-11.351675892285442,2.851769391920246,0.0100786211893126,8.425531248708575,10.148021831390846,1,field
SIM-FIELD-01364,field,0.2483325625709346,False,17.8821453806079,1.713313105133666,4.362376562987328,0.4185567332649247,-7.244330593795366,0.5621383439150801,0.0115567019979477,10.422425961132896,11.08076113772557,1,field
SIM-FIELD-01366,field,0.1726916261356475,False,19.473465100845683,2.2666129635373937,6.956817031306569,0.9620364086147049,-0.1889407079988894,10.734880227452198,0.0287345469538234,7.231344852451183,13.685518007285461,3,field
SIM-FIELD-01369,field,0.198733877274361,False,17.151709555320707,2.0110762839328693,11.922313489095757,0.24051431302865,-12.77388571507418,-12.27621348215158,0.0062154293908595,49.57007896521973,12.533512240923578,3,field
SIM-FIELD-01373,field,0.4830349346398561,False,14.27274902175611,0.9323888134151416,5.173723086706238,0.0690923642289427,12.641590288268317,-3.521693155790288,0.0011364121409647,74.88125705993676,7.841764923003748,3,field
SIM-FIELD-01375,field,0.371667362332309,False,15.350793328790648,1.1987523518777836,5.803361231370394,0.1007347193668483,4.721009515968665,-8.933836462991506,0.0021047626481997,57.61033800308848,9.169191349550758,3,field
SIM-FIELD-01377,field,0.3788979274990053,False,13.490710464400513,1.1835297989283384,12.8351300030472,0.0573659624455215,2.1554277881155417,-9.420707029326495,0.0007455320815173,223.74121266136316,9.032711823719124,3,field
SIM-FIELD-01379,field,0.1350520040503536,False,19.05640500518101,2.6318290244328533,15.379200921541862,0.7236886366918348,-7.685299883735818,-11.086773317433035,0.0207896212230611,21.25112947999862,14.99107385923742,3,field
SIM-FIELD-01382,field,0.3940862258961288,False,17.41864353249994,1.132786163264714,1.6968110210862974,0.3051207629528292,3.537006183211074,-6.781360098292715,0.0081536228885848,5.561112933335905,8.566810914183847,1,field
SIM-FIELD-01385,field,0.4059910864716837,False,13.626629113359822,1.110282092326127,10.314765394428122,0.05939299183223,4.652091014086491,-8.039026874889935,0.000813099727741,173.66973907569252,8.693925886120418,3,field
SIM-FIELD-01393,field,0.3338035422019407,False,14.464858537933392,1.331592868258253,11.00120244070444,0.0719626250495919,4.116173880541111,-0.6847854938496696,0.001232087501653,152.8738346207234,9.672059320462033,3,field
SIM-FIELD-01402,field,0.3552271894348775,False,16.3867274870328,1.249991737710474,3.7801674167566848,0.1633973261455613,2.097834830831565,-1.7360663471534377,0.0039324220125788,23.134818089918745,9.274282658922004,1,field
SIM-FIELD-01408,field,0.223171006697362,False,19.139432711670896,1.8535341065680957,5.438488200569753,0.7893615661965221,-4.213775010972566,-8.99847295754582,0.0229787188732174,6.889730173682879,12.816823664758774,3,field
SIM-FIELD-01412,field,0.4854997230127757,False,13.967099116429283,0.9218909798917708,5.913298162701794,0.0645111241894306,-3.727141858332877,-0.2964341919093738,0.0009837041396476,91.6632323029742,7.826248005041785,3,field
SIM-FIELD-01417,field,0.2236863252175395,False,16.294334397942645,1.8554144087072184,13.19290647242144,0.1578212919598142,0.2632425628088002,9.934070376674876,0.0037697876821612,83.59395813196568,11.896036816115013,3,field
SIM-FIELD-01423,field,0.1761436827321423,False,19.21195591117185,2.2107225106045654,6.177352609344556,0.8320895127524117,25.2325240142275,-8.105119955377655,0.0244029837584137,7.423903936622054,13.165967871172557,3,field
SIM-FIELD-01425,field,0.2536645812704008,False,15.744608427696358,1.677892119413109,12.13772211253594,0.1245951631630205,7.483965814570814,-4.072567976074836,0.0028006922589214,97.41728173392194,11.165294379193705,3,field
SIM-FIELD-01426,field,0.148101620382022,False,18.604832599799646,2.529619164382888,13.929754165590928,0.5991906351929266,0.470055306345231,-9.11403604536723,0.0169757190557877,23.24761661387756,14.324549859783996,3,field
SIM-FIELD-01427,field,0.3040070781075411,False,14.971280497217428,1.441971187065707,10.997958610624114,0.0795319577432056,12.818354026251605,-5.817650189670152,0.0014843985914401,138.2835142337945,10.177840901910278,3,field
SIM-FIELD-01434,field,0.1984595161262005,False,18.740754350161,2.0555435723475144,4.845255807152101,0.6318059688468132,-0.3500535915030008,-1.665653977401249,0.0179541790654043,7.668898437277782,12.167337903846075,3,field
SIM-FIELD-01435,field,0.3348510339186824,False,16.281125226345768,1.3297100444856016,4.537600643309053,0.1565982483075146,8.179029321196454,0.8619895817587004,0.0037341155756358,28.976062582759493,9.56525658003662,1,field
SIM-FIELD-01439,field,0.3522981075397183,False,15.85572796573867,1.2696679522449683,5.042157972016016,0.1314593862626928,3.4443821103968544,7.934319653820619,0.0030008987659952,38.355252640084345,9.368810206256862,3,field
SIM-FIELD-01440,field,0.4106178178989088,False,14.615282292767631,1.0954613712811887,6.30781336315539,0.0742535410202311,-4.85410130310682,1.5242994919456654,0.001308451367341,84.94966403604596,8.614676467042077,3,field
SIM-FIELD-01441,field,0.4310803923225141,False,17.019066919856535,1.0617984650972687,2.2655279415159,0.2046560973899563,1.055566472821111,2.36771000486714,0.0051396829216986,11.069926429795602,8.794914034095193,1,field
SIM-FIELD-01442,field,0.3858243824796067,False,16.98437414934048,1.1637771695550907,2.636161209959983,0.1993132769109138,-7.721967838293139,4.310854802708868,0.0049799705765683,13.226219802398095,9.089233975716756,1,field
SIM-FIELD-01444,field,0.332585580881243,False,16.81991728617104,1.345162254806039,3.862398339051109,0.1891774228189215,7.857150894246637,-17.608750606754555,0.0046843414988852,20.41680387383305,9.754202594458262,1,field
SIM-FIELD-01447,field,0.1480065091150858,False,18.991653630756137,2.5106262848149505,11.428066629565768,0.6923774423410645,-7.530198083883088,-10.55381872917411,0.0197713232702319,16.505544419421327,14.281517449778857,3,field
SIM-FIELD-01448,field,0.1634273359182058,False,19.070630535399346,2.391875140239516,9.241718674861012,0.766737552178175,-1.9887637391520967,6.767320388736911,0.0222245850726058,12.053301222311093,13.899394256001663,3,field
SIM-FIELD-01449,field,0.4946219023435023,False,15.81978145300069,0.903342435659986,2.439085849257544,0.1295407993605464,10.22310132446964,-7.623940371092569,0.0029449399813492,18.828707722181957,7.755916885899136,1,field
SIM-FIELD-01453,field,0.2894501136423109,False,18.6450957482592,1.4484366396162256,3.462276078796874,0.6111643154930124,-8.584406160170282,4.263717590576561,0.0173349294647903,5.665049465468111,11.341904224127058,1,field
SIM-FIELD-01456,field,0.1710602516699345,False,18.867109214904733,2.2636060975573784,8.8945581423718,0.6718695716585852,16.168773979535086,-4.908044953409664,0.0191560871497575,13.23851907806241,13.612731106798673,3,field
SIM-FIELD-01460,field,0.3416657022139939,False,15.196930024762418,1.3057672818777424,7.622766997391475,0.0916972501849026,1.6205940283678597,-4.577139944402257,0.0018411697970596,83.12972288722479,9.607493249944937,3,field
SIM-FIELD-01464,field,0.2086880676719868,False,17.47076636811149,1.9651465286813203,9.197270535126291,0.3150281452377619,-3.2481281013614005,-3.0420290515359487,0.0084508443571328,29.195075659620237,12.289061174725386,3,field
SIM-FIELD-01465,field,0.1242390376114862,False,20.11980132236042,2.91396389315899,12.381858173501785,1.3,3.273355966741919,1.103926493351091,0.04,9.524506287309064,15.583730448018988,3,field
SIM-FIELD-01466,field,0.1290072854145227,False,19.74865953820882,2.709849942991088,9.069919530210468,1.15929469505098,1.890041415119904,14.680806345347785,0.0353098231683659,7.82365309608496,14.536676707941169,3,field
SIM-FIELD-01467,field,0.3102315572489476,False,14.871176736791694,1.4168212224321677,11.039149279259204,0.0780601098165022,1.3300606839339455,4.950027258785949,0.0014353369938834,141.41857224143294,10.085854767906527,3,field
SIM-FIELD-01468,field,0.3770535677765897,False,16.814078994725616,1.1883255511501778,2.724835255184766,0.1886932014634695,-6.08054875686682,-15.966167445905354,0.0046702183760178,14.440558716749988,8.990780243519122,1,field
SIM-FIELD-01473,field,0.2033695215425079,False,18.19734414271817,2.021950124817785,6.5112619285711375,0.5010589153340586,11.047527224761966,-6.836717518434865,0.0140317674600217,12.995002642014754,12.265669973042787,3,field
SIM-FIELD-01474,field,0.2222835011198819,False,16.610516420268983,1.8664177118138032,11.153577471655469,0.1768108733980874,0.9251294091758648,-5.6923320358212,0.0043236504741108,63.08196581634056,11.847587361227701,3,field
SIM-FIELD-01477,field,0.3278524713438417,False,14.391232689592268,1.3523573746097155,11.912355142081193,0.0708576074963242,2.044263573653216,-15.979295947286351,0.0011952535832108,168.11681290112932,9.771220852209364,3,field
SIM-FIELD-01478,field,0.3757338762302969,False,13.996178464198469,1.1945300959635226,10.327556664091649,0.064940239718922,14.32755752598488,-13.268400220430074,0.0009980079906307,159.0316991251027,9.066166396668077,3,field
SIM-FIELD-01481,field,0.4156505317233567,False,14.46407169137314,1.08340666062199,6.539903533339254,0.0719610569912514,8.116183345446922,4.446076461004679,0.0012320352330417,90.8811488710392,8.541928402988793,3,field
SIM-FIELD-01482,field,0.4191202831996353,False,14.272737514306932,1.0745587235113123,7.050190478329654,0.0690902923531267,4.624490451289201,-15.09286762657555,0.0011363430784375,102.04314149223013,8.513741767753281,3,field
SIM-FIELD-01484,field,0.155427774222646,False,18.242595516305894,2.4173423742085363,14.309395048910684,0.5175337387394083,3.644360648056892,-2.2583745384962755,0.0145260121621822,27.649202318219945,14.020701884799598,3,field
SIM-FIELD-01488,field,0.2806386080346869,False,14.885709262226325,1.541113801551182,13.883388179232568,0.07829390422316,-1.7865326022455703,-26.408835228014432,0.001443130140772,177.32399880916583,10.598186595694148,3,field
SIM-FIELD-01491,field,0.3996648156796924,False,15.934846720293596,1.1235797668728926,3.8632080255880106,0.1363599645636556,-1.635397040475821,-5.188209919878834,0.0031438322997732,28.33095504204672,8.869587193366257,1,field
SIM-FIELD-01492,field,0.3340015454660752,False,14.844807921870284,1.3252784389543368,9.259603074486485,0.0776935131852441,-3.9671908437402568,5.619527456914671,0.0014231171061748,119.18116062545502,9.677769774148802,3,field
SIM-FIELD-01494,field,0.1785334781734428,False,18.96272602374308,2.219841276798196,4.9333700944935055,0.7018140483150063,-6.003475228136624,3.3121616745212634,0.0200604682771668,7.029454748502246,12.428444507973808,3,field
SIM-FIELD-01501,field,0.1504236886389485,False,20.138771933199045,2.587483778052737,7.04064466746532,1.3,6.781227113443404,-1.2623596630948353,0.04,5.415880513434861,14.376834066057805,3,field
SIM-FIELD-01506,field,0.183999527635418,False,19.52222611866357,2.0930120284541704,5.495726976743537,1.0013115867236195,5.051094771811412,-10.996240777212943,0.0300437195574539,5.488528295898426,13.222351864613403,3,field
SIM-FIELD-01508,field,0.2244966445558773,False,17.509577400602865,1.8477291239580824,7.223546735040181,0.3273238157316782,1.6627122818879454,1.1108859257084966,0.0088197144719503,22.06850338370014,11.803329835298182,3,field
SIM-FIELD-01510,field,0.282957085512285,False,18.12491473705256,1.5006541301405143,3.671060743073668,0.484388298315652,11.531462684730226,-14.215562708704278,0.0135316489494695,7.578756043114441,10.948872590059358,1,field
SIM-FIELD-01516,field,0.1523618754398092,False,18.465784175094715,2.438908303577544,14.321294705229482,0.5636416645614541,-0.1574737414694365,2.500535409912556,0.0159092499368436,25.408509706911534,14.24569558405994,3,field
SIM-FIELD-01517,field,0.2837440651596171,False,15.999548158522185,1.5239215265289587,8.207671124074498,0.1398594812109994,4.119542929074479,-10.064777966370656,0.0032459015353208,58.68512490541826,10.570647889648189,3,field
SIM-FIELD-01518,field,0.3345400262893145,False,16.360660339490416,1.3342468094773352,4.61625769815812,0.1616299140842986,7.261843826034988,3.406464224060924,0.0038808724941253,28.560664183428912,9.682110563976824,1,field
SIM-FIELD-01522,field,0.4568601341812817,False,14.30878128052533,0.985534389834956,5.758108490720745,0.069596061490711,-4.75014384825826,-17.739560497621387,0.0011532020496903,82.73612568563641,8.110180497161906,3,field
SIM-FIELD-01524,field,0.4425363941240451,False,14.49809757033207,1.0174122778122123,5.602961293331334,0.0725052427531647,1.303634949813397,-9.209238721690562,0.0012501747584388,77.27663656552308,8.240185681643068,3,field
SIM-FIELD-01534,field,0.364923988365196,False,16.111660666636805,1.2301027424277775,3.9718967263394296,0.1462343855523358,0.8527843868613745,5.256608412914777,0.0034318362452764,27.161168088731962,9.106650405829056,1,field
SIM-FIELD-01535,field,0.2892248333972043,False,16.472054250801374,1.510652482241347,6.564686315702466,0.168255880796955,4.378716204383146,-3.2917477055327606,0.0040741298565778,39.01608838043817,10.558124144654503,3,field
SIM-FIELD-01542,field,0.3012797428443711,False,14.51066845508868,1.4537939296618327,13.897959231726627,0.0726849101823255,17.128773207998698,1.7414689786054616,0.0012561636727441,191.20831541050924,10.225423622018054,3,field
SIM-FIELD-01546,field,0.4521890400722554,False,12.570245041263204,0.9982350637201488,13.027396106778284,0.047137264803509,-6.867466007106854,-9.42699263078709,0.000471372648035,276.37148996834657,8.144533133077495,3,field
SIM-FIELD-01550,field,0.1407831081987416,False,20.41470601448089,2.610574323755931,8.217194510026028,1.3,9.382642462198993,-9.358563347301944,0.04,6.320918853866175,14.988323851096098,3,field
SIM-FIELD-01558,field,0.2326229974581488,False,15.986745396796058,1.788766376694636,13.517516255606155,0.139177111674902,-4.453719347082664,-12.461567761328832,0.0032259990905179,97.12456375141021,11.641229899358878,3,field
SIM-FIELD-01574,field,0.1849363570048607,False,18.885324683771287,2.11727146298355,5.94397915958152,0.6719490566548643,-12.842492616787174,3.3003333559541344,0.0191584716996459,8.84587767586457,12.755711074062638,3,field
SIM-FIELD-01576,field,0.4134722129942698,False,17.27060142183442,1.0812244633383714,1.5300727198969724,0.2664847491138332,-7.794894156325316,-13.768183909930125,0.0069945424734149,5.741689627586822,8.194161782129838,1,field
SIM-FIELD-01578,field,0.4359428728173878,False,14.997662109448118,1.0404751913402273,4.701314703890794,0.079943085240777,1.1299219883415563,-7.527254564879358,0.0014981028413592,58.80827203167246,8.358758727640657,1,field
SIM-FIELD-01580,field,0.1434453866164071,False,19.403456817732238,2.597613585875467,10.874420870921057,0.9418031605418308,-8.939894678263517,-13.888712944114763,0.0280601053513943,11.546383922373833,14.585487504826318,3,field
SIM-FIELD-01582,field,0.4904506586392849,False,15.870815801061974,0.9182828073784692,2.4359914518462453,0.1324240845922931,1.8009971453405378,-14.925108172784368,0.0030290358006085,18.395380714514047,7.804194600951304,1,field
SIM-FIELD-01585,field,0.2593926970904791,False,16.743091261498762,1.6420220405029475,7.316679531586168,0.1847179715393594,6.554217545619196,-8.676031350954656,0.0045542741698979,39.610003675398424,11.064661428895002,3,field
SIM-FIELD-01586,field,0.1537398585803339,False,18.83833930493856,2.427875304465571,11.681371329576953,0.6558872870442893,-0.678186031287727,-3.724137044292445,0.0186766186113286,17.810028583140014,14.175808452856836,3,field
SIM-FIELD-01591,field,0.4446792999878672,False,15.851464126166356,1.0258840316852715,2.803774363577383,0.1311119383885783,-3.752651133883265,-3.342514182567089,0.0029907648696668,21.384584790957767,8.090179428352407,1,field
SIM-FIELD-01592,field,0.1330218827592002,False,19.395629134594724,2.718397077895041,12.013614567109231,0.974484374761476,-5.004095830025424,-9.601226199134942,0.0291494791587158,12.328175677572867,14.793997606402536,3,field
SIM-FIELD-01598,field,0.2602824673342574,False,18.230205993165413,1.6554694984549667,3.5430880081030343,0.5026307633625613,-5.993445379668799,-8.434058979855454,0.0140789229008768,7.0490870562717785,10.977115693525638,1,field
SIM-FIELD-01603,field,0.1941907560906505,False,19.17373073545965,2.053085112054537,4.686438515219148,0.7964482618043305,-12.139026085661031,19.94993016936061,0.0232149420601443,5.884171941818489,12.527945353338811,3,field
SIM-FIELD-01604,field,0.2991745573287669,False,15.898900722983836,1.4664547421260792,7.585310277902351,0.1340284672772185,-1.2310514395011332,-3.542637157042372,0.0030758302955855,56.59476999176028,10.298767474718076,3,field
SIM-FIELD-01606,field,0.3966612735473829,False,17.484122410182707,1.1431171924507626,1.6465207683135523,0.3203224729946566,0.578277647644416,-1.876417179513496,0.0086096741898396,5.140197479497539,8.566958475361877,1,field
SIM-FIELD-01607,field,0.1708893378851665,False,18.012217407825194,2.2611165864927245,11.356751218715797,0.4542010120603217,-4.2609657807402606,-5.067550232460911,0.0126260303618096,25.003799897318427,13.288487968936687,3,field
SIM-FIELD-01619,field,0.4086630223390772,False,15.339220406355484,1.1012474233425469,4.527189741866476,0.1004183496504239,-2.8107254912481414,-2.8023236104750278,0.0020955351981373,45.08329162574885,8.618363890670416,1,field
SIM-FIELD-01622,field,0.3261293649927122,False,15.788288363503243,1.3568103847735744,6.571434210916544,0.1270303866719493,-1.3052315230919636,-18.53005147241544,0.0028717196112651,51.73119899167905,9.876589185359633,3,field
SIM-FIELD-01625,field,0.1458215806847722,False,18.64721834161708,2.4760171716794104,13.334774805394716,0.6133552510642388,1.8242312133013097,-12.401661206396874,0.0174006575319271,21.740703747554807,14.272146770730341,3,field
SIM-FIELD-01632,field,0.4351425818990554,False,13.591658768662631,1.0356207264138904,8.916373894737443,0.0588827057794462,4.010728171184523,11.360086505698764,0.0007960901926482,151.4260218974146,8.342600127044506,3,field
SIM-FIELD-01633,field,0.2933492411227816,False,15.910177781295207,1.490421743509245,8.029882886475972,0.1346896105199564,-0.2072723278790323,-13.25615973862869,0.0030951136401653,59.617685844345196,10.433723837621276,3,field
SIM-FIELD-01635,field,0.3084602270738457,False,15.862825385165433,1.4285820533741396,7.037288732011407,0.1320137542388781,6.421351159858624,-7.463378351171831,0.0030170678319672,53.307238875105966,10.099852235191474,3,field
SIM-FIELD-01636,field,0.3681265718946492,False,16.436908615356288,1.216244269350078,3.6903691748882537,0.166873146352156,-11.503115529479471,-15.704598899749335,0.0040338001019378,22.114817485974573,9.272257685442957,1,field
SIM-FIELD-01637,field,0.1510899948214015,False,18.89678448037293,2.459162735419261,12.217248549268335,0.6661974926100711,-1.1574865323428645,-3.0520063383515077,0.0189859247783021,18.338778942866956,14.331651526920215,3,field
SIM-FIELD-01642,field,0.1579596326604365,False,19.885630343425877,2.4429995725271687,9.445583166295483,1.2085944512469835,3.007719407062212,5.07400829282439,0.0369531483748994,7.815345467249065,14.761774224638767,3,field
SIM-FIELD-01643,field,0.1822715500800498,False,18.00587813411949,2.163019582265021,9.629582594126708,0.4534246362627836,7.876535743035253,-2.191522187912378,0.0126027390878835,21.237449013568497,12.923915446691144,3,field
SIM-FIELD-01644,field,0.4612564509498982,False,14.08765041122707,0.9758654962228046,6.3276375225157,0.0663016748399605,-8.201068798542364,-14.049785297944997,0.001043389161332,95.43706909047775,8.093858374863458,3,field
SIM-FIELD-01647,field,0.165786666048619,False,17.9784911151269,2.309241447726103,13.65538816781496,0.4459929105174784,6.780347506233726,-6.157283141069418,0.0123797873155243,30.617948953428055,13.655011364618094,3,field
SIM-FIELD-01651,field,0.3818971981736652,False,14.47357947767167,1.1751213775156395,7.946534374552603,0.072115083382382,3.0469684960529038,-11.707950160294368,0.0012371694460794,110.19240361155809,8.974468309531776,3,field
SIM-FIELD-01653,field,0.192647028096549,False,19.154124542485714,2.047488310495494,5.651359847228649,0.8174030705129027,10.470461343887372,-1.8481251560915744,0.0239134356837634,6.913798162860513,12.914889350688277,3,field
SIM-FIELD-01654,field,0.3841768881573076,False,16.660507376653236,1.1591837654544854,3.0323636422982894,0.1792888442989937,9.030787943788928,3.777404394819854,0.0043959246253873,16.913286792352363,9.069413780935125,1,field
SIM-FIELD-01655,field,0.1878691559970667,False,18.664536789614317,2.1271940437037107,7.927870603273698,0.621583023050597,1.658043095681306,-0.8584020709628851,0.0176474906915179,12.754322929164633,13.160319555058676,3,field
SIM-FIELD-01660,field,0.1788308577995858,False,18.736764471701708,2.166618584240441,7.081246402546493,0.6224229644920267,-6.321856500973144,-10.034133188526091,0.0176726889347608,11.376904141584262,12.987313004576066,3,field
SIM-FIELD-01663,field,0.3868925631020299,False,16.881425963238684,1.152089682378097,2.153517050678968,0.1932326013186883,-5.222327569613407,-5.046165268881149,0.0048026175384617,11.144687987340637,8.547167536642096,1,field
SIM-FIELD-01665,field,0.1999741127061718,False,17.81702905627534,1.994770800383299,8.68282540530769,0.410043841165282,9.241849652490398,9.954537260088232,0.0113013152349584,21.17535866563055,12.510334397750718,3,field
SIM-FIELD-01668,field,0.3216497761667913,False,15.911827336518872,1.375123130555488,6.45110079115512,0.1346683189918411,5.625531682781328,-6.854599898694649,0.003094492637262,47.9036260306031,9.95999647305511,3,field
SIM-FIELD-01674,field,0.4134706245591516,False,15.730486827843707,1.0849332104802338,3.5829787537628306,0.1239796473413457,-2.8446171459073035,7.142106997284191,0.0027827397141225,28.899733388481344,8.501707992382157,1,field
SIM-FIELD-01675,field,0.2231716949938139,False,19.099135875856973,1.8255273651361432,4.438455267221701,0.7619768101173832,2.228530182494312,-24.629392331421936,0.0220658936705794,5.824921714530857,12.335295111958628,1,field
SIM-FIELD-01686,field,0.200530472369364,False,16.61717948291668,2.001887266267243,15.206988643260422,0.177089715823094,11.896178081253383,-17.471269669769303,0.0043317833781735,85.87166438536518,12.527395590954097,3,field
SIM-FIELD-01698,field,0.2471834483802035,False,17.691322502883267,1.7186255806315638,5.0782986118660265,0.3740787113207442,-6.149993921484112,-3.9423520119988593,0.0102223613396223,13.575481464679687,11.219913675284976,3,field
SIM-FIELD-01705,field,0.493886828389087,False,13.552382206804634,0.9086619568445378,6.888849000670992,0.0582870109794203,-6.00727167775244,11.020313375557846,0.000776233699314,118.18840741556079,7.743115533748657,3,field
SIM-FIELD-01708,field,0.1989960973290243,False,17.007803472055,2.016295508301486,12.643903316513674,0.2015098658923858,-4.841487503265582,-11.18182659435701,0.0050452959767715,62.745827657222584,12.517209303469608,3,field
SIM-FIELD-01715,field,0.301418004535039,False,17.115921616724112,1.432469994446111,4.294046096752402,0.2311413673804424,-4.887742968117103,7.849166680116825,0.0059342410214132,18.577575037378338,10.280255128191431,1,field
SIM-FIELD-01716,field,0.3340831685536368,False,17.054382314870004,1.326200335744892,3.187872089964124,0.2119710465484424,1.6840807188822544,-11.94131776507088,0.0053591313964532,15.039186444907182,9.571886752177328,1,field
SIM-FIELD-01720,field,0.4778390918744804,False,13.860426780292986,0.9426341096810352,6.365916549182445,0.0628939381652425,4.208705913206003,18.52381817739557,0.0009297979388414,101.21669488174115,7.879731486066696,3,field
SIM-FIELD-01721,field,0.3321727214773426,False,17.557053221716238,1.337140806758641,3.0175701629634184,0.3369802081039281,-2.750745683364306,8.867216396939574,0.0091094062431178,8.954740042278,9.955340106091079,1,field
SIM-FIELD-01723,field,0.4119739613221943,False,16.669715730936506,1.093354519518841,2.5851806492673752,0.1805164042318462,7.670190917190198,-6.362738361182754,0.0044317284567621,14.321028940655715,8.732170213228958,1,field
SIM-FIELD-01724,field,0.2657520224547893,False,16.494913260768787,1.616131092064878,7.624880433942682,0.1696020724499157,-2.861706997205321,-1.979798297828052,0.0041133937797892,44.9574720626975,10.906078450183527,3,field
SIM-FIELD-01726,field,0.1874711389473786,False,17.623262750039963,2.0935105299185954,10.793172106851788,0.3507037164711295,-9.10574387360139,-6.636924687982518,0.0095211114941338,30.775756286404505,12.789008261702804,3,field
SIM-FIELD-01727,field,0.2478652508949639,False,17.90321707921852,1.7030915313482164,4.996221984081091,0.4303023352948025,9.748579252198262,-7.841157257883193,0.011909070058844,11.610957167262761,11.396425709233982,3,field
SIM-FIELD-01729,field,0.1441579494246313,False,19.79308781793081,2.51467980505468,8.89589718435749,1.2144783025169652,2.7670621304257272,-19.423413863394973,0.0371492767505655,7.324871235592307,14.539036592153417,3,field
SIM-FIELD-01731,field,0.4343955817031099,False,17.317966679361515,1.0314558319520155,1.6419856672175834,0.2784070546073368,-5.72124079522164,-18.399800294702622,0.0073522116382201,5.897787574145446,8.394813488724784,1,field
SIM-FIELD-01734,field,0.1368786321448262,False,19.60326461152567,2.645396507293336,11.61979140201468,1.0794203741262975,-4.359615618644801,-5.3188808612435245,0.0326473458042099,10.764843503551571,14.929256269969727,3,field
SIM-FIELD-01739,field,0.1833265790382782,False,18.3431934401286,2.1913935310910206,8.593098222295708,0.5326040543645723,4.673157787964192,-8.033371684057345,0.0149781216309371,16.13412093257115,13.013942319966834,3,field
SIM-FIELD-01744,field,0.2560146995940831,False,17.561439200448973,1.626593452684451,5.049912538578439,0.3424444354391223,6.606368285753431,1.0207561515383063,0.0092733330631736,14.746662570536007,11.07785848278318,3,field
SIM-FIELD-01745,field,0.1898461522767379,False,18.193211748747267,2.094877589135154,8.153333474832623,0.4992712613844119,3.042398969348741,-11.311644315155382,0.0139781378415323,16.33046823529263,12.749887776335708,3,field
SIM-FIELD-01747,field,0.4225551917391368,False,14.691041285952286,1.0683929140427797,5.657813088338775,0.0753663772083857,-3.0256769036270805,-3.2898254933723066,0.0013455459069461,75.07078485005452,8.45428426592273,3,field
SIM-FIELD-01748,field,0.1761461157574823,False,18.985646652517616,2.167826222716085,7.126400217260029,0.6960122330952776,2.020093681039986,2.214955105982295,0.0198803669928583,10.238900810073105,13.249997695488245,3,field
SIM-FIELD-01751,field,0.1774461461563987,False,19.573654289763983,2.232378890225962,7.393382582003412,1.0468935588513262,-18.40853982767364,4.930093877617616,0.0315631186283775,7.062210402856607,13.917870189853392,3,field
SIM-FIELD-01753,field,0.3188366226255499,False,14.403084272284165,1.3861936316675858,12.712937103908605,0.0710591542173375,12.855110958316152,3.954618527488091,0.0012019718072445,178.90639487525473,9.924313764102195,3,field
SIM-FIELD-01757,field,0.2396838901294476,False,16.936909269515326,1.7460668287711316,8.13635532535313,0.1958870907245827,2.46906505630836,-9.464930949146398,0.0048800401461336,41.53594448341084,11.48905880221961,3,field
SIM-FIELD-01758,field,0.3090435725543745,False,17.56242141055124,1.3928175883110423,3.1060583868085843,0.343239132260648,-13.424551495766035,1.8423978370795044,0.0092971739678194,9.049254863078707,10.023469486622849,1,field
SIM-FIELD-01759,field,0.2123884631658031,False,16.699112334928408,1.9226705301083984,12.334232916825377,0.1818008659775121,2.143265367206228,-1.7604610019029672,0.0044691919243441,67.84474238066095,12.154673061353938,3,field
SIM-FIELD-01760,field,0.4063873844674631,False,17.283887945347356,1.1216721411594537,1.5064402513495756,0.2701610587694255,-3.860836820459385,3.561116306376792,0.0071048317630827,5.576082127495947,8.173647501850391,1,field
SIM-FIELD-01764,field,0.3391054610532876,False,15.556494633259645,1.3182188756386128,6.306115710298404,0.1136004394883703,4.248716032948522,-3.3885276476851938,0.0024800128184108,55.51136719804666,9.555304309818801,3,field
SIM-FIELD-01768,field,0.2946304408366878,False,15.430971499781476,1.478316831244512,9.598554060094823,0.1056737541218841,-9.56363698398312,-2.435728864230829,0.0022488178285549,90.83195860557629,10.342000575907296,3,field
SIM-FIELD-01773,field,0.3544878154637801,False,16.03975717206004,1.2582959946069965,4.768067449538183,0.1419721534021637,7.038781641679182,-10.21241181783349,0.0033075211408964,33.584525805083096,9.431469123794605,1,field
SIM-FIELD-01776,field,0.41863564548193,False,15.041700973343474,1.0784008489346255,4.958933138027636,0.0825830024638646,-0.3222088798475064,-6.91430226806542,0.0015753375718627,60.047866874269786,8.518642236737513,3,field
SIM-FIELD-01778,field,0.3984169194212031,False,15.284647235737893,1.1323439135371935,5.112004243052445,0.0971180656008974,16.065964370350777,-8.287705511537506,0.0019992769133595,52.637006425354585,8.827603263850232,3,field
SIM-FIELD-01780,field,0.1167490933802369,False,20.258060832644937,2.9851615929084354,14.543606727486994,1.3,-3.0222457435623613,-17.949464189279503,0.04,11.18738979037461,16.071421444215538,3,field
SIM-FIELD-01782,field,0.2172079909893368,False,17.84699336062766,1.8976856379849605,6.713230781134306,0.4157439229628454,5.244376544850079,-25.258215228647224,0.0114723176888853,16.147513915036253,11.98165124667172,3,field
SIM-FIELD-01784,field,0.1902516592565354,False,17.388334416091784,2.095663300723066,12.109305085627469,0.2955674814250713,-14.805963710213298,-7.240964880534011,0.0078670244427521,40.969679841783524,12.803930521511084,3,field
SIM-FIELD-01786,field,0.1966151051415134,False,16.74100739215066,2.054411302179624,14.754397126444092,0.1846864613754454,14.039312374243831,-3.528804723043971,0.0045533551234504,79.88889394794442,12.585614735472301,3,field
SIM-FIELD-01790,field,0.3124660270504779,False,15.442496374182388,1.4024215910083355,8.136806585866301,0.106453798467827,-12.998648890303604,-8.985749687586754,0.0022715691219782,76.43509863413138,9.994766338276644,3,field
SIM-FIELD-01791,field,0.2725157337269508,False,18.69165135721646,1.5227341703768555,3.927512996863345,0.625538370947029,10.76736310523013,0.5463215820213261,0.0177661511284108,6.2786124389417015,11.662239511590256,1,field
SIM-FIELD-01793,field,0.4867345472919118,False,12.74424296101055,0.923500156721578,10.25961667132321,0.0482953460924853,2.8655550158384635,-0.6439817647827135,0.0004829534609248,212.43489282955142,7.799898633973804,3,field
SIM-FIELD-01796,field,0.4149219000499078,False,13.199452126881097,1.0878480576648306,11.938388899303511,0.0529937961561366,4.527724491056332,-2.379165215542689,0.0005997932052045,225.27899047143586,8.584180737668484,3,field
SIM-FIELD-01798,field,0.1547501110793326,False,18.841092407013303,2.43041290433576,11.388101770186056,0.6609306690335177,-5.031652145764811,-3.3381404976159623,0.0188279200710055,17.230402981357994,14.12334910491684,3,field
SIM-FIELD-01800,field,0.5267841312474209,False,13.042809386793715,0.8485929389990622,7.467396846111604,0.0506353458505492,-1.2446768207111218,-4.814259879900896,0.0005211781950183,147.4739970800577,7.408655546874618,3,field
SIM-FIELD-01802,field,1.3236178304864128,True,7.78148940015225,0.7251605975851161,1.4136223466911482,0.0244536850271154,-1.3497753179227636,-6.860598347321215,0.0002445368502711,57.808152232420476,-1.4668435902180175,1,field
SIM-FIELD-01803,field,0.689374050550948,False,10.50987616830806,0.6076167010842046,14.036895427468147,0.0333991496916378,-0.3722135287099765,-24.39732259845734,0.0003339914969163,420.27702971679514,6.24623149081993,3,field
SIM-FIELD-01804,field,1.249658512740219,True,9.510459908502344,0.7424451564401722,0.9212773821974384,0.028775516385677,0.9612273123083732,-4.490211564869007,0.0002877551638567,32.01601562417152,-0.6675880457210184,1,field
SIM-FIELD-01805,field,1.4497035658676538,True,8.168819832387776,0.8077095736165648,1.4387754568480728,0.0254233273095943,-14.20181720137599,-6.732187476976259,0.0002542332730959,56.59272837608102,-1.0412150633253745,1,field
SIM-FIELD-01806,field,0.6237893989728005,False,15.967587098937264,0.6903684522125342,1.298962811417294,0.137902692106984,2.7353761907321377,6.697240936409664,0.003188828519787,9.419415905307833,6.535570687145162,1,field
SIM-FIELD-01808,field,0.8754514106360077,False,10.980520249914631,0.418631928061747,7.178691015765264,0.0365373272699567,4.781589420912527,-4.009029013740755,0.0003653732726995,196.47553754343818,5.260746554373696,3,field
SIM-FIELD-01809,field,0.5600738808823604,False,11.33835195939293,0.7895459655790836,14.582342429440716,0.0389267661943348,-5.655829421060585,-13.292073797479349,0.0003892676619433,374.6096543607302,7.1574884210272725,3,field
SIM-FIELD-01810,field,1.7238483309160422,True,6.218363987069868,0.9193099531655784,4.836014710660951,0.0205464451764388,9.78874122020332,9.65291920757671,0.0002054644517643,235.36989825405652,-0.3591979465799682,3,field
SIM-FIELD-01811,field,1.1813116674898636,True,9.070922875453142,0.6563059880110048,1.1719889573115303,0.027676854496678,8.96487109513152,2.080624946499041,0.0002767685449667,42.345453579351,-0.5844595260394883,1,field
SIM-FIELD-01812,field,0.7715106678865989,False,12.428695286941954,0.5159130794952833,4.760164738800185,0.0461945262590868,5.353982743027071,-0.8178330892500061,0.0004619452625908,103.04607762621715,5.8168052017144305,3,field
SIM-FIELD-01813,field,1.162748211454384,True,7.570940137746946,0.6372241621186104,1.5931979226389843,0.0239274999292095,4.238853736729468,-6.441122313219252,0.000239274999292,66.58438730968662,-1.4177112049343341,1,field
SIM-FIELD-01815,field,2.9740905075479573,True,4.485165142626992,0.5929904308389372,2.385521200164041,0.02,-5.688793381440775,-12.42290479912939,0.0002,119.27606000820205,-3.626918454903425,1,field
SIM-FIELD-01816,field,1.0472626616709977,False,12.92180278667048,0.2900801228900935,2.150223408457304,0.0494852728162532,5.651688113516646,-6.110598897782045,0.0004948527281625,43.4517844620445,4.584220714201031,1,field
SIM-FIELD-01817,field,1.1936343963111251,True,8.377630297072278,1.0344017500633318,1.2197531254879534,0.0259449227590425,2.6837421927976264,-6.456774262833144,0.0002594492275904,47.01317235808061,-1.191010004831444,1,field
SIM-FIELD-01818,field,1.327082155186367,True,6.851171892462753,0.7897101350387429,1.878200118051236,0.0221276944705873,-9.087602088244708,-9.173343614611548,0.0002212769447058,84.8800637837705,-1.7801187899976103,1,field
SIM-FIELD-01819,field,1.5931466486650414,True,6.915359664692726,0.7944839812489909,1.4172324489685058,0.0222882448417379,-8.852874049206708,-11.89670770022189,0.0002228824484173,63.58654344619083,-2.3274348983781135,1,field
SIM-FIELD-01820,field,0.5313270223778155,False,16.59242575044335,0.8364095107675759,1.3897056687688505,0.1753896855910939,1.3577398949901176,-9.586938086875303,0.0042821991630735,7.923531330165165,7.307039895724561,1,field
SIM-FIELD-01821,field,1.538320067566075,True,8.80996672980732,0.8791717326021598,0.8406129265198031,0.0270233557208266,-18.844114901356857,9.797896396900942,0.0002702335572082,31.106903791076995,-1.5670529497860084,1,field
SIM-FIELD-01822,field,1.1060665407878247,False,15.401745954248412,0.2489642054615533,0.52362874873579,0.1041769912474634,4.338287063743922,-8.12790888452078,0.0022051622447176,5.026337797488846,3.996863367043133,1,field
SIM-FIELD-01823,field,0.8181494101779153,False,14.088346610860103,0.4707879113651062,1.915589737004374,0.0663170306308644,-6.922296101747603,-10.319906722675798,0.0010439010210288,28.88533637259756,5.499859118827205,1,field
SIM-FIELD-01824,field,1.2675004548928963,True,10.888685836351268,0.6709375846351203,0.3965934203524341,0.0359304203538746,-8.959723911586801,6.663870770234517,0.0003593042035387,11.037817438438818,-1.119586639621705,1,field
SIM-FIELD-01826,field,0.9176195803746108,False,9.897474451415242,0.3842790563064007,10.851689407180803,0.0297414579923544,-4.482639089297553,4.552409690635627,0.0002974145799235,364.8674321874346,5.074961226716589,3,field
SIM-FIELD-01828,field,2.172911751978217,True,2.7585607415309856,0.768350137216329,14.881825474656514,0.02,2.504233362870114,-21.056747603627365,0.0002,744.0912737328257,-1.3781582230701535,3,field
SIM-FIELD-01829,field,0.911946236483802,False,12.083151958060975,0.3876037892239815,4.013641176366598,0.0438839077862661,6.312251393040917,3.2640862798548502,0.0004388390778626,91.46043228225692,5.1008446756373615,1,field
SIM-FIELD-01831,field,0.5044667226608227,False,17.55043886233198,0.8794871226955421,1.9010291957379184,0.3379397181993233,-6.136473011618012,-2.898989092557736,0.0091381915459797,5.625350005815697,8.945382796081885,1,field
SIM-FIELD-01836,field,1.8087848494080097,True,6.307181485262896,1.0245626022505472,2.0329291584395253,0.0207673540972793,9.162680506447526,-14.169320051422636,0.0002076735409727,97.89061952316094,-2.152207289610982,1,field
SIM-FIELD-01837,field,1.4903851459594677,True,3.4684786728767536,0.935059579083995,13.43510002115634,0.02,7.34986551605104,6.004126663750584,0.0002,671.7550010578169,-0.8903168071163217,3,field
SIM-FIELD-01838,field,1.2430903248762382,True,8.516027709765446,0.6705297849009387,1.2100220187028727,0.0262906987618898,2.7903067819081024,-8.431616544651407,0.0002629069876188,46.02471884303372,-1.0700059241310207,1,field
SIM-FIELD-01839,field,2.8889389497469296,True,5.015207781127494,0.9940385151305434,1.917874294426262,0.02,0.6020120493823384,-2.0400499907019825,0.0002,95.89371472131309,-3.570691527499374,1,field
SIM-FIELD-01840,field,0.9748701983265048,False,15.021126199571825,0.3434760980000038,0.9750076787798752,0.0813929759313163,11.058094744562132,-21.872256780568687,0.0015406284646633,11.979014990220266,4.966166379800896,1,field
SIM-FIELD-01841,field,0.800463260347003,False,12.953281360423029,0.4869706980391112,3.384451206868793,0.0496934571404365,-5.246319563577054,0.8165385125675287,0.0004969345714043,68.10657582756104,5.600722647019335,1,field
SIM-FIELD-01845,field,1.6815637174904,True,5.125652532763365,0.9411729611757078,3.41457429464266,0.02,0.9781861131909968,-9.359658995379991,0.0002,170.728714732133,-2.207664634340679,1,field
SIM-FIELD-01846,field,0.7040834110749475,False,13.282396366803404,0.5900284718268619,3.763887623029308,0.0542408632125438,3.923312132563261,7.582507250503133,0.0006413621070847,69.39210403566858,6.16057960871602,1,field
SIM-FIELD-01847,field,1.3288810695553857,True,5.598404825339148,0.8780106841039858,3.424382658418081,0.02,-2.3414779949088187,5.826625769148779,0.0002,171.21913292090406,-1.7286837293989867,1,field
SIM-FIELD-01848,field,0.5169052934267329,False,16.773599043218113,0.8661851434202931,1.4520733553299852,0.1864822639156982,-20.700468971321072,-4.604805891661417,0.0046057326975411,7.786656622671711,7.58354182548727,1,field
SIM-FIELD-01849,field,0.7619003661626058,False,12.691412918140424,0.5255467744465258,4.260246773440115,0.0479335891479944,12.084418264712276,-18.68206601559961,0.0004793358914799,88.87810925834602,5.8385866991461555,1,field
SIM-FIELD-01851,field,1.1966401063227146,True,5.32850315676685,0.695155650815982,8.355631487963207,0.02,-2.620852537887584,-1.0683007121124115,0.0002,417.78157439816033,-0.06160045396875802,3,field
SIM-FIELD-01852,field,0.8292588438964164,False,10.711381914791378,0.4594325400977772,8.985258423310578,0.0347453908780874,7.439581877890464,1.805952061702361,0.0003474539087808,258.6028879294387,5.479034776219915,3,field
SIM-FIELD-01853,field,0.580758931003653,False,14.939880117740593,0.7551105605236896,2.4928434638011905,0.079106331022771,-9.121166957494747,4.428611951492138,0.0014702110340923,31.51256582843689,6.923355158591228,1,field
SIM-FIELD-01854,field,0.8621971555046875,False,10.399623952692783,0.4304774909151665,9.590325168322508,0.032664639230767,0.8848298855611848,-1.746420678056687,0.0003266463923076,293.5996047765723,5.308790615456452,3,field
SIM-FIELD-01855,field,0.5296046074042472,False,12.161917614886546,0.8410744569456983,11.235626005833751,0.0444152075905081,2.09424321569873,-14.189815274380944,0.000444152075905,252.96799486838148,7.414903988117246,3,field
SIM-FIELD-01856,field,1.4688196985113742,True,7.371548264598549,0.9880793950835464,1.883231081044931,0.0234290219508841,9.400206519948403,-1.7601887517220105,0.0002342902195088,80.38026875355192,-1.253933669398612,1,field
SIM-FIELD-01857,field,2.71936345174672,True,2.141216168694544,0.8542972135577462,8.536893950049791,0.02,-0.9118495268789788,6.779847226303305,0.0002,426.8446975024895,-3.2022843992435064,3,field
SIM-FIELD-01858,field,0.8424719109239738,False,9.699011366341134,0.4469262653037929,13.880473413360717,0.0292477545967707,19.176719918226485,-16.506209964744382,0.0002924775459677,474.58253136783657,5.411032759364717,3,field
SIM-FIELD-01859,field,1.6217593016754064,True,8.041089890425065,0.9635118013322084,0.9687983380636774,0.0251024891685022,-9.623858570074807,-8.870475381804729,0.000251024891685,38.5937160080242,-2.0277431839742395,1,field
SIM-FIELD-01860,field,2.457038074774818,True,2.4911939148055287,0.7850912084145519,11.881834090591806,0.02,6.923824330503684,9.78989736810709,0.0002,594.0917045295903,-2.1343886656625344,3,field
SIM-FIELD-01861,field,2.533899838385146,True,5.671349926406535,0.6800075039886563,1.0013612391136164,0.02,16.588132817607473,-4.65343721989174,0.0002,50.06806195568082,-4.32569619043033,1,field
SIM-FIELD-01862,field,1.57063411066709,True,10.449359606999009,0.8002311001017508,0.4347887396259014,0.0329962647449445,4.940870936544673,-20.94252372602984,0.0003299626474494,13.17690784053117,-1.3592489530693168,1,field
SIM-FIELD-01863,field,0.5740604104727193,False,12.97711497966067,0.7669969638714206,6.419434597806907,0.0498444232518457,-1.396691178186013,-12.441003888804818,0.0004984442325184,128.78942475413635,7.014598872445859,3,field
SIM-FIELD-01864,field,1.7032420444076828,True,10.086958078972112,0.7771598840892385,0.3288150179299152,0.0305814366272318,10.821528223058426,-6.1297623100416985,0.0003058143662723,10.752111548517503,-2.3282836970171186,1,field
SIM-FIELD-01865,field,0.6140448709313017,False,13.055966108954788,0.705395051255428,5.45063793275941,0.0508404163744942,-8.061804692622024,-16.802649937358098,0.0005280138791498,107.21072566773677,6.738202780396577,3,field
SIM-FIELD-01866,field,1.1704655852577297,True,6.177517990807222,0.952470884762865,6.842698017764628,0.0204438138439917,-9.304969635456985,-6.339857150486096,0.0002044381384399,334.7075095665504,0.35365486139205426,3,field
SIM-FIELD-01869,field,2.984671055487491,True,1.2173022466587562,0.8167884758149163,6.386383025540124,0.02,-7.71379523766329,-12.44466136986876,0.0002,319.3191512770062,-4.756422943606546,3,field
SIM-FIELD-01871,field,0.6141435979870881,False,15.374287052340785,0.7094095824309592,2.0475595095895334,0.1026424479364135,5.588849814775835,5.38787389150421,0.0021604047314787,19.948467235095432,6.930469716373102,1,field
SIM-FIELD-01872,field,0.5415206563214204,False,16.035492279783274,0.818643357124951,1.6761946099010463,0.1422963349673212,-9.602080313448408,-19.28142811339793,0.0033169764365468,11.77960493702097,7.157114478639986,1,field
SIM-FIELD-01874,field,0.6921322182681595,False,12.60018015903498,0.6043071071973526,5.320890827086582,0.0473315761853576,-19.197370597968177,-3.9751205014165016,0.0004733157618535,112.41735973991591,6.230101900303703,3,field
SIM-FIELD-01875,field,0.7705596424246856,False,12.507458936324202,0.5156116281708959,4.576535303155461,0.0467133569367322,-7.614431400970967,-4.144157411078829,0.0004671335693673,97.97059349328812,5.810143020504555,1,field
SIM-FIELD-01877,field,0.6860489085923634,False,15.29904789055911,0.6052478195885789,1.5050417973106085,0.0979016134479507,8.521345021374447,5.010653368693567,0.0020221303922318,15.373003000719313,6.18679069615292,1,field
SIM-FIELD-01878,field,0.9274427014419316,False,10.280971928860652,0.3760342750016054,8.878672514067445,0.031870537091405,-5.529591849982924,-17.629501150233935,0.000318705370914,278.5855942309139,5.022712116474343,3,field
SIM-FIELD-01879,field,0.5831303502093852,False,11.554981900765474,0.7517165811716607,12.113419823531228,0.0403674769130285,-22.47358955044147,7.444889281878776,0.0004036747691302,300.07869576861395,6.9713157464637785,3,field
SIM-FIELD-01880,field,0.5833279685380455,False,11.652865850005046,0.7523479545100963,11.595092941694402,0.0410250417135189,-14.8233519554272,6.621425544401607,0.0004102504171351,282.6345192447055,6.974237020611707,3,field
SIM-FIELD-01883,field,0.6409576061924297,False,16.057444280694746,0.6666566515531778,1.2654692336468585,0.1436735034723375,12.989953495699218,-13.56962172109017,0.0033571438512765,8.807951383259116,6.568702235515689,1,field
SIM-FIELD-01884,field,0.5790004883275777,False,12.75686692686136,0.7587227995576966,7.034029338862854,0.0483821469298732,6.121713097745254,-15.351989990049711,0.0004838214692987,145.3848120683488,6.992887803973591,3,field
SIM-FIELD-01885,field,0.5577578013382438,False,16.686373367296333,0.7833341748766401,1.0986205756600167,0.1810823414228993,-3.1684918654491048,15.7745329235683,0.0044482349581678,6.066966922491358,6.890612009810635,1,field
SIM-FIELD-01886,field,1.2147680680003747,True,4.373634271262021,0.9369762928155292,13.39077562875346,0.02,17.586740583030757,11.925337661102574,0.0002,669.5387814376729,0.00766293732721568,3,field
SIM-FIELD-01887,field,0.7383643529300007,False,16.40558368294038,0.5563981464189542,1.0792514111972862,0.1644619952076827,-11.099568302720966,-3.2882684591650384,0.003963474860224,6.562314958142195,6.571196808936985,1,field
SIM-FIELD-01889,field,0.7090063224336826,False,12.13348287735874,0.5832689212005587,6.274165034295507,0.0442256263647408,-2.736206762566145,-7.0236189072287685,0.0004422562636474,141.8671831247964,6.121262567864543,3,field
SIM-FIELD-01891,field,0.983351267704334,False,12.202140499392817,0.334329892086287,3.3079674870550924,0.0446832796046782,-6.426217914621324,-2.950955808301944,0.0004468327960467,74.03143897049038,4.799946661198694,1,field
SIM-FIELD-01892,field,0.6307749342387785,False,11.454162459915706,0.6840147164893471,10.87963481598798,0.0396946591161186,4.393776285411556,-8.321221322625743,0.0003969465911611,274.0830897215123,6.637234050668148,3,field
SIM-FIELD-01894,field,0.65962942679465,False,14.028767411588154,0.6451280802356932,2.9297778259599387,0.0654377520347783,-1.6939604005531153,-18.08537444649741,0.0010145917344926,44.77198153755107,6.362940850187959,1,field
SIM-FIELD-01895,field,1.1938757242025468,True,8.033430772109872,0.9738459063068892,1.8051484815346368,0.0250835690205439,-5.551728081483936,-18.356822620262253,0.0002508356902054,71.96537622123022,-0.6840045760196762,1,field
SIM-FIELD-01896,field,0.7330834084897283,False,11.131423398058963,0.5558798431236317,9.362067528327074,0.0375390381257026,-4.715793205229923,8.97630685027179,0.000375390381257,249.39550920237784,5.988282244841358,3,field
SIM-FIELD-01897,field,1.1210901171585108,False,15.3489375968546,0.247676459896687,0.5904640708953385,0.1008508148958549,-4.290768224077098,-3.226256601637328,0.0021081487677957,5.854826968974817,4.2049049788577975,1,field
SIM-FIELD-01898,field,0.910999921010444,False,12.945852972756771,0.3891713038440422,2.70392520128628,0.0496401560916166,-5.430010159164611,-9.161208194679912,0.0004964015609161,54.47052173437722,5.105826340469537,1,field
SIM-FIELD-01899,field,0.8515820514418391,False,14.45155248231707,0.4427837901811723,1.495847399283558,0.0717767614192429,4.115323706722772,5.251197247624684,0.001225892047308,20.840274340972574,5.325988935823371,1,field
SIM-FIELD-01903,field,0.7264592914300257,False,15.633076747661873,0.5698753084029414,1.368150019900897,0.1181061567522556,-5.241852474622842,-11.9364870364595,0.0026114295719407,11.584070276461416,6.313745353160387,1,field
SIM-FIELD-01904,field,1.729311272277258,True,8.255771646221127,1.0605266315977555,0.8016335185260821,0.0256397291038146,-5.756547805583681,-8.097077998092763,0.0002563972910381,31.265288150287734,-2.2243490139662754,1,field
SIM-FIELD-01905,field,2.317051476536354,True,5.731810655193368,1.073771490891229,2.876507214605196,0.02,4.143158914851078,8.336652214015668,0.0002,143.8253607302598,-1.973862006693989,1,field
SIM-FIELD-01906,field,1.2481186087472331,True,5.373822832372987,0.6099915231751035,4.617473368109426,0.02,6.520686685891843,1.0904794508391296,0.0002,230.8736684054713,-1.3041551712848616,1,field
SIM-FIELD-01907,field,0.7892049157186231,False,13.03693264800074,0.4993683357491138,3.2491526712301013,0.0505620343238219,8.791649861525658,-7.711982158894739,0.0005187344774607,64.26071883146697,5.59578324029814,1,field
SIM-FIELD-01908,field,0.6760298659871272,False,13.859856950584158,0.6239859750148107,3.124723140060711,0.0629108430565636,0.6460250761696879,-5.214905886468046,0.0009303614352187,49.66907115282575,6.333914668471836,1,field
SIM-FIELD-01912,field,0.5518206425078822,False,16.345989359167994,0.80550079256709,1.5533633236062063,0.1608818111074399,-7.382395029148151,-21.54300161370837,0.0038590528239669,9.655307289951137,7.302354593325331,1,field
SIM-FIELD-01913,field,0.5542534756067553,False,14.422601495746438,0.7992266614136754,3.6412205325227456,0.0713375014032755,5.714116064551959,-8.002955575714529,0.0012112500467758,51.04216521319819,7.228836410818911,1,field
SIM-FIELD-01914,field,0.5039074114576738,False,15.341731178992736,0.8922550791189474,3.102135104272308,0.100409758270315,6.789583440258697,-3.940998320128832,0.0020952846162175,30.894757219920717,7.800034720465481,1,field
SIM-FIELD-01915,field,0.8134854265244915,False,15.96994670834976,0.4677121278702471,0.7557154701358668,0.1381812113274623,3.748184285096428,-11.468558394372328,0.0031969519970509,5.469017552212433,5.3617382717733815,1,field
SIM-FIELD-01916,field,1.6431213883492517,True,8.614680410512015,0.9852965920962524,1.2087870695898717,0.0265372494423041,-5.412883166269087,8.128940763057487,0.000265372494423,45.550578714570754,-0.9735705609759364,1,field
SIM-FIELD-01917,field,1.142979953768177,True,4.900528466387155,1.0040050244228715,8.655190925173455,0.02,-6.364126794350447,-3.2782309828940086,0.0002,432.75954625867274,-0.4130882714380819,3,field
SIM-FIELD-01919,field,0.7151131272870472,False,11.97804361738903,0.5769801443638496,6.655240645494543,0.0431880086639799,-12.109376240219651,-15.003208726708516,0.0004318800866397,154.09927087111137,6.093862435691829,3,field
SIM-FIELD-01920,field,0.6070329674622278,False,15.604640330110335,0.7121707998715574,1.6910355805511688,0.1161154608948901,-3.946529389736048,-7.960225465724733,0.0025533676094342,14.56339722133925,6.745404057852058,1,field
SIM-FIELD-01921,field,2.42385798265325,True,8.460054994078456,0.7825712987710431,0.5087884380126032,0.0261503617954751,-5.99318795376617,-2.38422693027524,0.0002615036179547,19.456267641415227,-3.0072588378885765,1,field
SIM-FIELD-01922,field,1.0542793946421596,False,13.277525742186688,0.2863487093707346,1.7162318053293475,0.0541566579175542,-3.5257473036425084,10.909016755756554,0.0006385552639184,31.690135088137563,4.450405472618465,1,field
SIM-FIELD-01923,field,1.3200009639805523,True,8.530432640688746,0.6538274707124277,0.9103597258102176,0.0263270932538589,-5.135344670202388,-3.4549725691738558,0.0002632709325385,34.57881646986537,-1.6735021775738304,1,field
SIM-FIELD-01924,field,0.6958816779087147,False,13.886677477518113,0.5997050987472117,2.9131180911375023,0.0632966479824931,1.27243068073149,-12.444197174480635,0.0009432215994164,46.02326006178443,6.208467928960344,1,field
SIM-FIELD-01925,field,0.5264168955227626,False,14.503144675333342,0.8487533515458837,3.9447781404099103,0.0725343130496917,-8.271276863239603,-2.1206504976448226,0.001251143768323,54.384993454166,7.483257589986803,1,field
SIM-FIELD-01926,field,1.1598922003273229,True,12.516134814476668,0.6159150914586466,0.4926908962503596,0.0467722741558419,4.845426726423407,-6.590554341667099,0.0004677227415584,10.53382383351189,0.9790075026042011,1,field
SIM-FIELD-01927,field,0.7315352535728392,False,12.178003100133909,0.5584780611316955,5.791373355136271,0.044519349124001,-10.817021855732492,-6.782757878515121,0.00044519349124,130.0866582529182,5.991910918626358,3,field
SIM-FIELD-01928,field,1.1541229027080415,True,10.983046785309488,1.0580904196740508,0.5367482549741378,0.0365532674640703,-7.314903615208053,-8.788209017370846,0.0003655326746407,14.68400206634686,-0.36810000882615945,1,field
SIM-FIELD-01929,field,0.8816307906555169,False,11.625098546797728,0.414204576412107,5.298286146062661,0.0408324068078315,5.837647178764162,-0.3742012509572334,0.0004083240680783,129.75689067259367,5.245775595105284,3,field
SIM-FIELD-01930,field,2.0308358571736043,True,9.192506756823237,0.96585091101208,0.3703693687053285,0.0279805763627505,-3.450807793572667,-6.030010565435815,0.0002798057636275,13.236659742234169,-2.964317936717249,1,field
SIM-FIELD-01931,field,0.8808609210667573,False,11.166588157980716,0.4147302675517926,6.575201558653134,0.0377754056944197,1.2095116990670398,-7.7764821087256575,0.0003777540569441,174.0603823514844,5.256133509925926,3,field
SIM-FIELD-01932,field,1.020239402258973,False,9.022293203847813,0.3088737825109495,13.429794051389216,0.0275562043243479,1.0234689810694129,-14.997165147050053,0.0002755620432434,487.3600838967151,4.662639967477681,3,field
SIM-FIELD-01936,field,0.5325691608912112,False,12.346490748810556,0.8374843845752447,10.200931262983008,0.0456433526766726,1.021425310681505,-9.276251709903727,0.0004564335267667,223.49215525958724,7.389689854636316,3,field
SIM-FIELD-01937,field,1.2328512207262168,True,6.783280021948683,0.9633400007759012,3.0330615091712496,0.0219580035235982,10.08391339656075,-5.149875789818814,0.0002195800352359,138.13011305475143,-0.8073138895332894,1,field
SIM-FIELD-01938,field,0.7355887917928674,False,11.187038345735225,0.5532822382457689,9.034015867229142,0.0379135880779317,-3.0467791834878843,5.482102381138324,0.0003791358807793,238.279105861984,5.966442590811631,3,field
SIM-FIELD-01939,field,2.167659887815785,True,4.011092981444409,0.9652872970274416,3.089632604792615,0.02,9.0444728267552,-19.833861470069788,0.0002,154.48163023963076,-3.539372820780212,1,field
SIM-FIELD-01940,field,0.6478901788007579,False,13.513797038593102,0.6583147341686252,3.976367923699706,0.0576947409314688,-8.50920086973092,-1.0451814283338314,0.0007564913643822,68.92080386361265,6.511229847601715,1,field
SIM-FIELD-01941,field,0.5438240075078585,False,14.62812464297611,0.8169806717068071,3.450767044854874,0.0744017459810452,9.5160408042811,1.5587700578074055,0.0013133915327015,46.38018905811702,7.317702852141565,1,field
SIM-FIELD-01942,field,0.9061539271266404,False,10.474837102144631,0.3936362743475374,8.459402014183548,0.0331661571721144,-5.3473029493159485,1.2155687458610025,0.0003316615717211,255.06126532187105,5.111535423770512,3,field
SIM-FIELD-01943,field,1.5350241665224391,True,3.577345512138894,0.7882638315004994,7.787506728316728,0.02,11.077209366094802,-11.114585638247686,0.0002,389.3753364158364,-1.9656623133968427,3,field
SIM-FIELD-01944,field,0.5152167542047541,False,13.41694873203332,0.8665546139850461,6.718281818573565,0.0562459852357744,-5.6010722312958245,7.545893761767242,0.0007081995078591,119.44464641185633,7.5532398204251265,3,field
SIM-FIELD-01945,field,0.8914862314589233,False,10.488917055322077,0.404911378920489,8.695086969560661,0.0332591874508388,11.27974657600395,0.5514282481313271,0.0003325918745083,261.4341370309505,5.185286706516248,3,field
SIM-FIELD-01946,field,1.2071259260123326,True,4.33245611270251,0.5503528327984831,6.415169571839814,0.02,0.1507658841922396,-0.5438935735813385,0.0002,320.7584785919907,-1.6315031845681682,3,field
SIM-FIELD-01947,field,2.5379388121421367,True,5.269799891762924,0.8551887805804262,1.333229631902152,0.02,1.0190253647828411,-13.587830285324582,0.0002,66.66148159510759,-4.105675320361142,1,field
SIM-FIELD-01948,field,0.6170683454481136,False,12.90232916097553,0.7022586399123277,5.82983267579984,0.0493466519157725,-1.9973292478343008,-4.142789900595494,0.0004934665191577,118.14038945844815,6.730609611426138,3,field
SIM-FIELD-01949,field,1.3840815094033143,True,10.78147378582462,0.7063256022059259,0.3471636731941894,0.0352118010302991,1.3217699852282694,-15.635863460588704,0.0003521180103029,9.859298957626779,-1.5158548401309169,1,field
SIM-FIELD-01950,field,0.7557785824331501,False,13.520906142732535,0.5325703495033401,2.9817098038835246,0.0578223098732251,-2.9899311336496788,-13.57562734499558,0.0007607436624408,51.566770860951365,5.893233009167776,1,field
SIM-FIELD-01951,field,0.7586778067013785,False,14.692427641389209,0.5256606068547721,1.528018920119111,0.0753762510402645,-3.4480114200023,3.855785869542664,0.0013458750346754,20.271888015535204,5.613071300193766,1,field
SIM-FIELD-01953,field,0.5727326936461773,False,13.006935146068214,0.7670994146097755,6.448548589724245,0.0501018547150588,17.78346835707841,-6.572420442019031,0.0005033951571686,128.70877987249534,7.054245029007808,3,field
SIM-FIELD-01954,field,0.9062398920119336,False,14.2498532833916,0.3918915491497813,1.3353309315225022,0.0687287380620859,8.435289611755937,-1.269660937685849,0.0011242912687361,19.429004069829347,4.877797828836709,1,field
SIM-FIELD-01955,field,2.9927795023776387,True,6.898000123332545,0.9750006514546126,1.1964513514171575,0.0222449971718694,-4.110898581299663,-8.413057186653013,0.0002224499717186,53.78518784125391,-2.7125246537739605,1,field
SIM-FIELD-01956,field,2.5852521217883297,True,6.142267954867868,0.9955427545307448,2.3937822592474576,0.0203545717280077,9.950908338357198,-4.024633879437917,0.00020354571728,117.60415749517517,-1.962308825030763,1,field
SIM-FIELD-01957,field,0.7114671594944278,False,13.127577274155168,0.5805558993181194,4.036692201969936,0.051907308459055,-14.678166991410656,-5.023992287142782,0.0005635769486351,77.76731874190932,6.15770545261344,1,field
SIM-FIELD-01958,field,1.2428912649548085,True,5.181432369098842,0.7783833218320267,5.245390891898016,0.02,2.42418149422856,-9.432016521355887,0.0002,262.2695445949008,-1.2196783418769686,3,field
SIM-FIELD-01959,field,0.6655237307378474,False,13.0500896593464,0.6362627162462968,4.710570583506692,0.0507539758488595,4.881584311260862,11.188017137666126,0.0005251325282953,92.81185374588824,6.415457237729671,3,field
SIM-FIELD-01960,field,0.5180245977530541,False,16.684244303025388,0.8678510333177006,1.524846007472165,0.1812841607524866,11.507082010657566,7.92529326563082,0.0044541213552808,8.41135817460682,7.6003742378920265,1,field
SIM-FIELD-01962,field,1.7310875736778168,True,6.940351566973414,0.6099447537600086,1.0190267796559085,0.0223505107431677,2.2791662290660764,-13.47486871035852,0.0002235051074316,45.592997465054054,-3.018720446733573,1,field
SIM-FIELD-01963,field,0.8310192775809883,False,11.054391741073392,0.4588918689986871,7.553457948914886,0.0370282079983712,0.2525657376308623,7.335237301171352,0.0003702820799837,203.9919930569459,5.445120819966117,3,field
SIM-FIELD-01964,field,0.7466602187769272,False,13.166561823839224,0.542286268656039,3.5986372311762533,0.0524949335130907,-11.139208638657507,-3.4406295218779275,0.0005831644504363,68.55208665573142,5.947252167913575,1,field
SIM-FIELD-01965,field,2.156459932861086,True,4.237489782496907,0.8196677255170992,3.9083965619080825,0.02,-2.8049397769410254,4.154624972651384,0.0002,195.4198280954041,-2.802517104614849,1,field
SIM-FIELD-01966,field,0.5019860777907417,False,15.491412686108676,0.8985630283973266,2.757469988312892,0.1093947234850631,-1.7043032367714988,-12.762847443966608,0.0023573461016476,25.206608696162576,7.693966657978008,1,field
SIM-FIELD-01967,field,0.6593825955223891,False,11.4558582761985,0.6458463775162817,9.86890164597391,0.0397060989266568,-18.4229298106931,-10.62102581442594,0.0003970609892665,248.54875983166392,6.4272023801566345,3,field
SIM-FIELD-01968,field,1.1378033992541357,True,7.896239623856625,0.6280549824863103,2.745617952585404,0.0247416666489846,2.117746895212435,1.5293149598141071,0.0002474166664898,110.97142288504983,0.08944015320508392,1,field
SIM-FIELD-01970,field,1.005010843900182,False,13.251540299007086,0.3195904737989775,1.9851401001296427,0.0537837718021207,-0.9125164717429928,-4.604632613006405,0.0006261257267373,36.909648275195316,4.740496110336828,1,field
SIM-FIELD-01971,field,0.9174220607247846,False,15.340281413103709,0.3883484590276873,0.9403878298943804,0.1004185534780332,-1.046034850071197,-12.816930479207262,0.0020955411431093,9.364682096322891,5.20681641326318,1,field
SIM-FIELD-01972,field,1.4005670430435688,True,8.941679987557357,0.8974259755780515,0.7227670270621911,0.0273546900758401,-3.3542519424021595,19.18301732688921,0.0002735469007584,26.42205139441683,-1.7633283542293476,1,field
SIM-FIELD-01973,field,0.7116938562870968,False,15.150459976446212,0.5775081620116443,1.589204582915949,0.0890911590761932,2.697091453191893,-2.155447176699252,0.0017651588063889,17.837960572011614,6.156359020419968,1,field
SIM-FIELD-01974,field,1.069019119951442,False,9.2227576408969,0.2756107925509785,11.28063356929637,0.028057238467198,5.494422157192939,-20.70321774705786,0.0002805723846719,402.0578711794702,4.484425101864991,3,field
SIM-FIELD-01975,field,0.5668026343821505,False,17.03662893496037,0.7758114802481435,1.244746520208757,0.2088272299527103,-2.5812620667199973,-17.320574673641072,0.0052648168985813,5.960652355972133,7.512033539176677,1,field
SIM-FIELD-01976,field,0.7817453855937041,False,11.756364310256302,0.506115913492462,6.169898145665626,0.0417063178866356,8.825748431255857,-9.169083122804505,0.0004170631788663,147.93677452985398,5.707754283469111,3,field
SIM-FIELD-01978,field,1.4875008045904987,True,9.599964130254197,0.7116670738211966,0.5435255265192438,0.0289994209704407,1.2707142843752763,0.7820705471871434,0.0002899942097044,18.742633760627943,-1.723936142665334,1,field
SIM-FIELD-01979,field,0.9122622860559664,False,10.057478546968394,0.3873655732808457,10.200249059156327,0.0303833840826691,-10.158917666325396,-18.069740781424432,0.0003038338408266,335.71800400517674,5.100532427197942,3,field
SIM-FIELD-01980,field,0.891055698220849,False,10.78581906063162,0.4046320752546876,7.645863182428515,0.0352380851460714,3.409159011844425,-21.43594444938601,0.0003523808514607,216.97726056153004,5.202951672358234,3,field
SIM-FIELD-01981,field,2.0497643101291843,True,7.224471675682604,1.002444198370904,0.791186816704782,0.0230623434184379,5.888969352598454,-1.6038245408718292,0.0002306234341843,34.306436355996816,-3.2841331136270053,1,field
SIM-FIELD-01982,field,1.3154911501708804,True,8.98774671423214,0.6240936931861594,0.8240076454429625,0.0274684524939646,9.123478628585335,-3.7159479642769058,0.0002746845249396,29.998327922696568,-1.432597079477146,1,field
SIM-FIELD-01984,field,0.8078995244874188,False,10.26205368216687,0.4793763590852567,11.57457752203054,0.0317468822601519,3.514533400823242,-3.530599598590212,0.0003174688226015,364.5894241576829,5.579579422215366,3,field
SIM-FIELD-01986,field,0.5621837187460657,False,13.226028210062248,0.7832577197270557,6.052113140379047,0.0533964293448781,8.139858044269252,-11.983064409960546,0.0006132143114959,113.34303088488404,7.135563401483404,3,field
SIM-FIELD-01987,field,1.2416069107637333,True,11.13397188428791,0.6413713739617214,0.3852066835740377,0.0375626757677493,-8.013955581368911,-2.670440495626448,0.0003756267576774,10.255038431121829,-0.9375590467343606,1,field
SIM-FIELD-01988,field,1.1454568653933823,True,5.362126112257848,0.960174047408665,5.83397537635816,0.02,-10.03637304838733,-6.200930574457715,0.0002,291.698768817908,-0.8080509289955691,3,field
SIM-FIELD-01989,field,0.5154916584804476,False,12.138804433184296,0.8685900156179377,12.093330385188574,0.0442572455150605,-0.996066977010231,-2.468315823841908,0.0004425724551506,273.2508597055205,7.551534022158924,3,field
SIM-FIELD-01991,field,1.3474588915805208,True,7.030286774031265,0.7045312245523836,1.8211419439393608,0.0225748188640993,-4.838956073056665,-5.225131426573566,0.0002257481886409,80.67138677402724,-1.667994240906416,1,field
SIM-FIELD-01992,field,0.5940176568364125,False,13.868678323896084,0.73424157917101,3.933130710593572,0.0630366261855743,-1.3256941223323535,-8.6609627082311,0.0009345542061858,62.39437210701569,6.84237022216174,1,field
SIM-FIELD-01993,field,0.7728193380767797,False,13.946805569473172,0.510337771204538,2.3074621513831826,0.0641954235556191,-6.00907590577071,-21.30234056621585,0.0009731807851873,35.9443403217675,5.76247850023759,1,field
SIM-FIELD-01994,field,0.714609152548358,False,11.389789526566704,0.5768845064997257,8.685463843705282,0.0392671235550044,12.130310394930572,-6.889420056593291,0.00039267123555,221.18920504933098,6.083754610190141,3,field
SIM-FIELD-01995,field,0.8648653017163715,False,14.457399220604744,0.4284836480454261,1.5581227042665768,0.0718628836412821,5.877079547887005,-9.658063473254298,0.0012287627880427,21.68188396174382,5.420407500405263,1,field
SIM-FIELD-01996,field,0.6638979213653097,False,14.584179180069084,0.6408652413928962,2.344606689041536,0.0737780573657943,7.272853117978795,-13.214966303605497,0.0012926019121931,31.779187101889796,6.434529178426578,1,field
SIM-FIELD-01997,field,0.5100403129656016,False,15.112711185394188,0.8778444175985288,3.131961235663909,0.0868172632845531,7.570992720225491,9.461173527361163,0.0016988368457994,36.07532784578296,7.591793076140059,1,field
SIM-FIELD-01998,field,0.5819176257472437,False,14.077771989019343,0.7525770861694123,3.8499681795466,0.0661444380429207,12.997873718663069,-0.1341067447547529,0.001038147934764,58.20547113951411,7.005057689153491,1,field
SIM-FIELD-01999,field,0.6146028116862441,False,12.13440171067484,0.7057621403922708,8.234546404087347,0.0442344216738535,-11.511144065273117,-7.337865540843957,0.0004423442167385,186.15698120350245,6.712600117015215,3,field
SIM-FIELD-02000,field,0.6457573950478693,False,11.411511531843791,0.662216110069499,10.529456585611776,0.0394107304570201,-11.787422799275332,-13.004735680861089,0.0003941073045702,267.17232752371376,6.523541323212822,3,field
SIM-FIELD-02001,field,1.1931309852469534,True,4.6204741294085245,0.904685191039242,7.08119297077502,0.02,-4.294142912214419,-13.342516033257578,0.0002,354.059648538751,-1.1289937226935294,3,field
SIM-FIELD-02002,field,1.349585427230134,True,5.7878299322704025,0.9646536438934978,4.002925779677867,0.02,-4.895531234257533,-8.049595571546067,0.0002,200.14628898389333,-1.2002823792265227,1,field
SIM-FIELD-02004,field,0.8679449307387294,False,14.098539288723003,0.4268827736513966,1.7868571053802431,0.066451263161272,-4.183005029918849,-15.754762994562256,0.001048375438709,26.889738740461276,5.3589884059625135,1,field
SIM-FIELD-02005,field,1.675445317598002,True,9.79188720863992,0.8842343226251602,0.3161492486545612,0.0294787201822783,-2.2618803749578764,-4.052759478403185,0.0002947872018227,10.72465991398841,-2.7086520212269853,1,field
SIM-FIELD-02006,field,0.5451002940490781,False,15.06447225280232,0.8100875533608396,3.0082827588945253,0.0839435078269244,-1.9266313809421929,5.48204421082799,0.0016150189782852,35.83699129058359,7.456065526190557,1,field
SIM-FIELD-02007,field,0.7153906488237739,False,14.91812041370575,0.5741158320567077,1.570186946301387,0.0788040301559656,-1.643412318715444,10.431307132702273,0.0014601343385321,19.92521122579314,5.897877226432463,1,field
SIM-FIELD-02008,field,1.0029914356501577,False,11.661017919526229,0.321067397799951,4.130672629648664,0.0410696604507975,-10.41459474211793,-5.032402786712884,0.0004106966045079,100.57722864783155,4.7411218043935275,1,field
SIM-FIELD-02009,field,0.5469371759637853,False,12.649303257197245,0.810934445824236,8.361548051463405,0.0476607622527027,2.655453993521764,-12.493758759875506,0.000476607622527,175.43882338955345,7.260736706574674,3,field
SIM-FIELD-02010,field,1.6252864925655153,True,6.386130296736509,0.6486542060699055,2.0566656151333165,0.0209656505560388,0.9703037780353678,-15.186593944013628,0.0002096565055603,98.09691378934716,-2.048051266927155,1,field
SIM-FIELD-02011,field,0.7631160384207925,False,10.237095242789874,0.5251969286084331,13.017002846563502,0.0315823961615413,7.036920118686997,-1.3228094290005308,0.0003158239616154,412.16007740459673,5.809650241892772,3,field
SIM-FIELD-02012,field,0.9709991161170252,False,10.293936362234572,0.3438230966542792,8.154261541103143,0.0319589519846023,11.39610192845404,-20.125875003628742,0.000319589519846,255.1479643334936,4.85085954708941,3,field
SIM-FIELD-02015,field,1.386951510454702,True,9.509332103443814,1.0367858320561327,0.6117040249289796,0.0287740296216743,7.172347929440538,0.1556882677322392,0.0002877402962167,21.25889327882696,-1.5579612060281427,1,field
SIM-FIELD-02016,field,0.5045231983011301,False,13.077252373188468,0.8878743553129782,8.080847501948526,0.0511609381728032,10.04141745661108,-3.796064824780415,0.0005386979390934,157.94955664523462,7.614536928372054,3,field
SIM-FIELD-02017,field,1.3136831786472796,True,9.175628637965966,0.9050946493244096,0.7296168567452957,0.0279393473073222,-1.8765658753690624,-18.72406951635797,0.0002793934730732,26.11431286206466,-1.5088970661141445,1,field
SIM-FIELD-02018,field,2.010132007485006,True,10.40154876451197,1.0313485706760233,0.3999962138735264,0.0326795271584049,13.578471822525238,-3.474724595422286,0.000326795271584,12.239963324275049,-1.5881718326184302,1,field
SIM-FIELD-02019,field,0.510903039850228,False,15.022970163549646,0.869411505725522,3.131980361472637,0.0813033937183671,-2.6890374070805083,-10.717777435396192,0.001538015650119,38.522135648134665,7.502065314689256,1,field
SIM-FIELD-02020,field,0.762356196610639,False,14.972033831410624,0.5255514816847413,1.5469031739403312,0.0795612591949015,9.086532736972408,9.481029843473248,0.0014853753064967,19.442919702299793,5.919349484136772,1,field
SIM-FIELD-02022,field,0.9528359247907544,False,12.73505417240258,0.3580785724141324,2.807817029392542,0.0482376967959237,12.69891734810767,-7.742737739065229,0.0004823769679592,58.20794142123749,4.976898190912555,1,field
SIM-FIELD-02023,field,0.9194847357703504,False,13.483300879781982,0.3856750601838217,2.035473579224997,0.0572317633170992,9.815779742151095,-11.28940863205194,0.0007410587772366,35.56545284036105,5.026628227480272,1,field
SIM-FIELD-02024,field,2.0953573958835285,True,1.7530190018519975,0.9973150654915248,14.253183089775805,0.02,-3.568851017474685,-11.512731866057027,0.0002,712.6591544887903,-2.4774216785476018,3,field
SIM-FIELD-02025,field,1.7046698990343436,True,8.5790936005989,0.5944078367481728,1.3129271390179111,0.0264480875448549,-2.8590837863678016,-7.117186346376655,0.0002644808754485,49.64166640749503,-0.8297032716211419,1,field
SIM-FIELD-02026,field,0.9772906078534114,False,11.859701766752762,0.3379910823124761,3.88071401030471,0.042399879637586,0.7499568092563667,-18.74668735840452,0.0004239987963758,91.52653364762371,4.804259959423414,1,field
SIM-FIELD-02027,field,0.5150407371411855,False,14.709835856972008,0.8673079811781643,3.7118054294738863,0.0756271730686337,2.795777953833737,-22.90277247688405,0.0013542391022877,49.08031437464048,7.55776187045972,1,field
SIM-FIELD-02029,field,1.1915647240654863,True,8.411587073015589,0.6475674968192583,1.423125956758475,0.0260289856663861,-3.8061463823169976,0.522584547286505,0.0002602898566638,54.67466058795767,-0.8221962273208216,1,field
SIM-FIELD-02032,field,0.5622473360531983,False,13.004979445078272,0.7859038612902105,6.64645584405184,0.0500760584218138,-9.234096950755749,-3.487467086936472,0.0005025352807271,132.7272164287706,7.117930064314233,3,field
SIM-FIELD-02033,field,1.80969981850136,True,4.869480710488428,1.0366424244110428,3.412309423063463,0.02,-3.822526911099984,-11.889466207263869,0.0002,170.61547115317313,-2.4652772622684207,1,field
SIM-FIELD-02034,field,0.7046979239470439,False,15.604263887184034,0.5904142994990741,1.3385379849308183,0.1162935152909593,-0.4968023300024921,3.0444551956828865,0.0025585608626529,11.509996766215878,6.2374173875547765,1,field
SIM-FIELD-02035,field,1.1230320839582035,False,15.119048509490492,0.249534428716142,0.863185972093499,0.0870640992933264,-7.872562704173354,-4.689425234431615,0.0017060362293886,9.914373192851299,4.799570378870966,1,field
SIM-FIELD-02036,field,0.9466545150054096,False,15.355604579718335,0.3560630913987806,0.8720369743919174,0.1012108536040258,-0.851275271424225,-7.025629970945811,0.002118649896784,8.616042087774971,5.058279076823554,1,field
SIM-FIELD-02037,field,1.7469842810848883,True,2.2433001416092884,0.984217406898335,10.479385133455407,0.02,-20.822467395477748,-11.577751125535622,0.0002,523.9692566727704,-2.655020850200459,3,field
SIM-FIELD-02038,field,0.6409777980361059,False,13.53838174345032,0.6677745594380127,4.032222440272664,0.0580823427864468,14.332291283574886,-15.111888012676031,0.0007694114262148,69.4225171856112,6.566104154683167,1,field
SIM-FIELD-02039,field,0.5456399731866034,False,14.182537862536462,0.8126567086329485,4.231517579299408,0.0677371638497316,8.204467350302991,-0.4886376507039766,0.001091238794991,62.46965976737119,7.31501860971526,1,field
SIM-FIELD-02040,field,1.213886856265816,True,5.477142656124306,1.044785734247072,5.576271584543711,0.02,1.5459021356971818,-1.3645162200299203,0.0002,278.8135792271856,-0.7911377573100591,3,field
SIM-FIELD-02043,field,0.7941159871436971,False,9.789400012646984,0.4942061100543533,14.86204435945233,0.0294725892739837,1.3946671511615911,14.508136884640864,0.0002947258927398,504.2666669457333,5.649792778801283,3,field
SIM-FIELD-02044,field,0.6128204357835662,False,12.76757437094103,0.7073959536578052,6.243917691074924,0.0484530004272371,-7.731335048891623,-4.519077476579329,0.0004845300042723,128.865449735183,6.744860218175138,3,field
SIM-FIELD-02045,field,1.2329987107889118,True,9.957038859622603,0.5864453743420235,0.6752102232876643,0.0298921533411401,-6.094249481262023,2.114526465565356,0.0002989215334114,22.5882095405413,-0.8957660940029157,1,field
SIM-FIELD-02046,field,0.5808685877186607,False,12.888672458963246,0.7566375762743126,6.677322095176391,0.0492612512705778,-1.148472134974381,-12.582003872539314,0.0004926125127057,135.54917755742323,7.011684088358825,3,field
SIM-FIELD-02047,field,1.772588192533346,True,3.0100178287424435,0.8671395154718401,7.301023966479219,0.02,0.3268021652772699,-20.816106664869547,0.0002,365.05119832396093,-2.673063300925559,3,field
SIM-FIELD-02048,field,0.8066873967692813,False,11.793810287861714,0.4822572769968183,5.727596094847385,0.0419601598356999,-9.112706896073297,-6.466578354918503,0.0004196015983569,136.50081690047136,5.583672209392253,3,field
SIM-FIELD-02050,field,0.983718050545028,False,9.3368337517223,0.3338791097250988,12.391071891869316,0.0283425752253787,-10.53023123044827,-1.9753946812020564,0.0002834257522537,437.1893447697025,4.802378135333312,3,field
SIM-FIELD-02051,field,0.8236664095160795,False,11.184118520988005,0.4651673845540996,7.39361376949623,0.0378930156580333,5.948401301174373,15.153534145549925,0.0003789301565803,195.11811454174372,5.5284023209064515,3,field
SIM-FIELD-02052,field,2.916377920717826,True,2.416996172349775,0.6709542922413737,4.348936345509175,0.02,-11.8658486661573,-19.47202554363564,0.0002,217.44681727545876,-4.391088572487984,1,field
SIM-FIELD-02053,field,0.5452047332206911,False,12.163102393605245,0.8134540602069695,10.563594995569876,0.0444176688928167,-4.878674194400966,9.528042191490226,0.0004441766889281,237.82416454723577,7.282161104404956,3,field
SIM-FIELD-02054,field,0.5703243857596416,False,16.05346833074133,0.7761808200846558,1.5863233235838947,0.1433735460277408,-1.1115859287960868,-7.124404583878103,0.0033483950924757,11.064267903905808,7.055426879121693,1,field
SIM-FIELD-02055,field,0.6464516020693682,False,13.040044790483323,0.6613793795074898,5.0206274452856094,0.0505974981643246,4.05082669377123,-14.328465272214055,0.0005199166054774,99.22679237973796,6.543834769631864,3,field
SIM-FIELD-02056,field,0.6044722320830485,False,13.72631780527708,0.719977114358633,4.213519704853199,0.0608934625174296,14.664876978518146,5.936832018223872,0.0008631154172476,69.19494360576324,6.849542951647038,1,field
SIM-FIELD-02058,field,0.9487964244273994,False,9.224638942926555,0.3598233639215469,13.913066801396376,0.0280607941263612,-10.540779670971869,-14.750049416202568,0.0002806079412636,495.81871199881687,4.941753294583636,3,field
SIM-FIELD-02059,field,0.6288054124714362,False,11.225788908127234,0.686579600827993,12.096099892778764,0.0381685676055415,-0.5142039898828927,-11.986295266736716,0.0003816856760554,316.91259723937327,6.639015731578013,3,field
SIM-FIELD-02060,field,0.8144982950719757,False,12.012704294192863,0.4736532808610419,5.024471700225458,0.0434175761965401,-6.616959855782454,-1.500731208954181,0.0004341757619654,115.72437110448033,5.5181563164578815,3,field
SIM-FIELD-02061,field,0.588217904753682,False,15.075589602327232,0.7486909525310135,2.3198873321094133,0.0844435389967527,2.1454151213109127,-9.652532619704392,0.0016296032207386,27.47264455837912,6.902924069386591,1,field
SIM-FIELD-02062,field,0.6054304054050728,False,14.156929081558474,0.7197486635553317,3.4384072472114964,0.0673361820792575,-1.97905089896726,-5.468602522352217,0.0010778727359752,51.06329377517049,6.838715649163401,1,field
SIM-FIELD-02063,field,0.9705987398720404,False,9.948193481479144,0.3436931606728775,9.576831961687088,0.0298699323448656,-10.507238709827792,-3.583703052647732,0.0002986993234486,320.6177988994765,4.854302817528563,3,field
SIM-FIELD-02064,field,0.603463034722129,False,14.893788386234124,0.720733308819604,2.4937251413680173,0.0784413160717422,-21.27748175626254,-10.434022752594617,0.001448043869058,31.790965096598626,6.878031305231836,1,field
SIM-FIELD-02065,field,0.63463767351731,False,14.650916012532775,0.6775804542951124,2.48858154601848,0.0747747320337457,-9.815203946900466,-12.034694570616718,0.0013258244011248,33.28104933756751,6.630675394062383,1,field
SIM-FIELD-02066,field,0.7224203758374419,False,10.521203789964678,0.5688112715113894,12.708234309019875,0.0334727043786319,-4.2715976829098565,-2.526096192436989,0.0003347270437863,379.65962251715996,6.041629857794167,3,field
SIM-FIELD-02068,field,0.9984826395404104,False,9.511683964867666,0.3239802146133222,11.09606773352418,0.0287800580339357,-1.221083112665149,12.852621511026172,0.0002878005803393,385.54709377028945,4.737529460513747,3,field
SIM-FIELD-02069,field,1.6840113212922476,True,7.561319525667916,0.7419150125433939,0.799948952691553,0.0239038583154001,-13.892867033275188,-5.381405379843264,0.000239038583154,33.46526498511684,-2.923369103570585,1,field
SIM-FIELD-02070,field,0.5858051549389599,False,15.578602386036772,0.7488198371500322,1.6365248413958753,0.1148390875628398,-7.825537516234294,-18.645491366521316,0.0025161400539161,14.250590771198622,6.648215396063394,1,field
SIM-FIELD-02071,field,0.9246376205029962,False,14.545682642317797,0.3781910336114155,1.1850498911471905,0.0731966654459908,0.1399734000345862,-13.002266593157684,0.001273222181533,16.189943680174835,4.914365815963217,1,field
SIM-FIELD-02074,field,1.2365264616248135,True,7.497275902824373,0.6854964464568489,3.4536634449549077,0.0237431471371061,8.559430801337987,-8.430116259681833,0.000237431471371,145.45937929001323,0.18867597210772313,1,field
SIM-FIELD-02076,field,0.5991939619690569,False,13.235093296208182,0.7297006601333214,5.338341989262167,0.0535242707049542,-3.5518465165625406,-10.583013513128456,0.0006174756901651,99.73684683513214,6.8721252585760535,3,field
SIM-FIELD-02077,field,1.2904544423419804,True,7.662387383459742,1.0165378161563758,1.483804287944828,0.0241566935894904,5.6614932430079286,-2.1341983970341154,0.0002415669358949,61.424146580655034,-1.480729507616446,1,field
SIM-FIELD-02078,field,0.6577291987608751,False,12.18144450513292,0.6474154132279039,7.132009779441018,0.0445448584331417,-10.853952959115478,0.9725148931279332,0.0004454485843314,160.1084845773076,6.447504155183406,3,field
SIM-FIELD-02079,field,1.035676849657065,False,8.940502872212017,0.2989369993923223,13.622716062790149,0.0273518339630249,-5.43882405214397,-11.676942755749224,0.0002735183396302,498.0549414421636,4.611821395956529,3,field
SIM-FIELD-02080,field,2.152340256998298,True,5.333551179908587,0.5831428363847266,1.928399203751973,0.02,0.0433556037080519,-8.039929011210585,0.0002,96.41996018759865,-3.240464102650847,1,field
SIM-FIELD-02081,field,0.9362652585380428,False,12.169721599283122,0.3695313864799487,3.6316376228527303,0.0444620599000675,7.277832468812749,-5.478954950237819,0.0004446205990006,81.67947303870231,4.970234132439371,1,field
SIM-FIELD-02084,field,0.5618083421747304,False,15.419910811444703,0.7930311564516638,2.314510539685249,0.1051431748919176,0.4368105487707963,-2.761705721488563,0.0022333426010142,22.012941325620616,7.242206625387787,1,field
SIM-FIELD-02086,field,0.754226564165637,False,13.855430602032412,0.5324666134234234,2.4707698565334764,0.0628404017903946,3.7810359831149327,-19.272245005626136,0.0009280133930131,39.31817407493316,5.819592073493618,1,field
SIM-FIELD-02087,field,0.5248025382054815,False,12.980176757969284,0.8494427613281649,7.849506283408932,0.0498650302226414,-11.603149742220396,-8.984959092850223,0.0004986503022264,157.41505115632788,7.454388465176944,3,field
SIM-FIELD-02088,field,0.6121325726809725,False,14.369205611724402,0.7070468121645389,2.8912939192741764,0.0705397092073992,-4.600409544160417,-14.328247036442027,0.0011846569735799,40.98817462903429,6.674666825924406,1,field
SIM-FIELD-02089,field,1.3437957399992797,True,9.96780899610388,0.7299385784895663,0.6297018751197958,0.0299189285030122,-2.8258119904158567,-12.13838188515755,0.0002991892850301,21.046939400132537,-1.0365160711878723,1,field
SIM-FIELD-02090,field,0.63349756745235,False,15.851556852247906,0.6808979734937373,1.3803303982996495,0.1311888169695409,-9.934672799279722,-10.075616312418251,0.0029930071616116,10.521707796329402,6.551472113906154,1,field
SIM-FIELD-02091,field,0.9097816725077452,False,10.38493068018146,0.3893075893487414,8.874314076343769,0.0325688819194756,-5.83248046905919,-10.676862664210514,0.0003256888191947,272.4783152914159,5.125604655368585,3,field
SIM-FIELD-02092,field,0.7810355891563574,False,15.021012398129308,0.5031010201024814,1.2652756884065437,0.0812047487487062,3.836969789750077,5.270794963507946,0.0015351385051705,15.581301683747931,5.531938215051646,1,field
SIM-FIELD-02093,field,0.6632285739105244,False,13.522078803668228,0.6399963151436826,3.712374560390411,0.0578349958847455,2.570680068708511,2.4696464796673268,0.0007611665294915,64.18906932730643,6.370337743374522,1,field
SIM-FIELD-02095,field,0.8096066541759751,False,13.501425191380692,0.4802038135218657,2.7188802676637325,0.0575295002993311,-8.368640885317216,-1.3816148634446797,0.000750983343311,47.2606272176389,5.673375605489797,1,field
SIM-FIELD-02096,field,1.188624549849223,True,10.365284184370168,0.6905210833152351,0.977696806498778,0.0324387023859029,8.106070650253846,2.687773987090676,0.000324387023859,30.139824795324184,0.31630516751408777,1,field
SIM-FIELD-02097,field,1.1168536030773069,False,15.495192796540865,0.2410905657310408,0.7024881513230706,0.1097413540034805,6.452246649061102,-13.136702118656787,0.0023674561584348,6.401307489798156,4.728387814099728,1,field
SIM-FIELD-02098,field,0.662514936509365,False,16.504930118077056,0.6399373782016651,1.070505689504067,0.1701149293033657,-12.664008310603542,-7.8808021377191695,0.0041283521046815,6.292837988340435,6.652875017161872,1,field
SIM-FIELD-02099,field,1.955730443125112,True,2.390001812986257,0.8713380821065589,8.374305092941077,0.02,-4.684705122265831,-6.357764057515348,0.0002,418.7152546470538,-2.9952542916468543,3,field
SIM-FIELD-02100,field,1.083508191542641,False,14.167470268111002,0.2725447580308435,1.176816376452841,0.0675089717470957,-1.805159481380142,0.2320367828554817,0.0010836323915698,17.431999717925915,4.521013784900143,1,field
SIM-FIELD-02101,field,2.2738619474195403,True,5.825153939197723,0.8918778119129351,1.428964462347854,0.02,2.3941263161991784,-1.8742555580858844,0.0002,71.4482231173927,-3.3997389196400825,1,field
SIM-FIELD-02102,field,2.5122714814151443,True,8.776507035665652,0.7869713142806329,0.4027757052978062,0.0269416954627715,8.982567933519524,11.517225645637476,0.0002694169546277,14.94990194118884,-3.198176630265401,1,field
SIM-FIELD-02103,field,1.5882669683145565,True,6.199242847160839,0.8621192335435313,2.9089251175599538,0.0204975534807464,-1.5475356056561869,-13.677551179748384,0.0002049755348074,141.91572278576282,-1.48209444459129,1,field
SIM-FIELD-02104,field,1.685248975481534,True,10.36137354412582,0.9421050105120068,0.311749435311818,0.0324102490739364,-7.312229525270796,6.522905113917361,0.0003241024907393,9.618853425058061,-2.1695980784201314,1,field
SIM-FIELD-02107,field,0.960588748193312,False,12.376913445635084,0.3518639143575408,3.1968754386241587,0.0458419038936153,1.7412441099791436,-10.636668188791752,0.0004584190389361,69.73696917220335,4.900542020531118,1,field
SIM-FIELD-02108,field,0.9107189431884312,False,13.20567179819928,0.389751119332079,2.312997117517511,0.0530751408696671,-0.3144947033777556,-4.508264356198042,0.0006025046956555,43.57966987214176,5.0265472559412245,1,field
SIM-FIELD-02109,field,0.7687635134282522,False,10.425400373737428,0.518163387654918,11.818717316451426,0.0328377186031836,8.109844527067397,-9.143487531814662,0.0003283771860318,359.91286298755256,5.788252099689066,3,field
SIM-FIELD-02110,field,1.2025762698211089,True,11.785409913654943,1.0200305796081153,0.3896738936578737,0.0419061031363204,-0.5844179176592512,-2.5516838625099107,0.0004190610313632,9.298738477072563,-0.2610835310807449,1,field
SIM-FIELD-02111,field,0.6652589135639645,False,14.696568169928677,0.6398678545948503,2.153175113323901,0.0754292858895856,4.1595337632934495,0.2926136322091279,0.0013476428629861,28.545611799583355,6.361964927633359,1,field
SIM-FIELD-02114,field,1.4234781167385575,True,7.997453219512295,0.9384798345658588,1.22214421781156,0.0249926338764645,5.8715690384594685,1.0685138664524814,0.0002499263387646,48.90017690222118,-1.5669344935731235,1,field
SIM-FIELD-02117,field,0.736414436841937,False,11.691356791365145,0.5521361693713243,7.163969636809537,0.041276465999037,-1.1424534843169996,-7.640335070004497,0.0004127646599903,173.5606346962135,5.96712547387629,3,field
SIM-FIELD-02118,field,0.8514848976095502,False,10.901088157984924,0.439769856558294,7.773240495973524,0.0360072733323615,-11.026301483403488,13.878477799775675,0.0003600727333236,215.87973141491202,5.3540986806487805,3,field
SIM-FIELD-02119,field,0.5452725895809707,False,14.683855411132765,0.8115374760596408,3.260387167447621,0.0752610647282817,3.97902702157274,5.079713669808826,0.0013420354909427,43.32103431194786,7.250201286782552,1,field
SIM-FIELD-02120,field,0.5714211349914476,False,12.66509210078447,0.7714461298103614,7.697181790759357,0.0477629710297258,-7.006719219216513,-17.546170367429156,0.0004776297102972,161.15374786817455,7.096750819661718,3,field
SIM-FIELD-02121,field,0.573755314963463,False,12.413458291508,0.7684216474880452,8.503252824294234,0.0460883301959597,-8.078324738823278,-15.58286527639145,0.0004608833019595,184.4990432098507,7.061383751493558,3,field
SIM-FIELD-02122,field,0.5010479760994674,False,17.031245740094114,0.8939712535160678,1.50191774352067,0.2096573428781603,6.647635921778533,-15.620497104650582,0.0052897202863448,7.163678232789064,7.914476480288048,1,field
SIM-FIELD-02123,field,1.1741710870227835,True,6.369041819399823,0.921362643658202,4.816839108960244,0.0209223480443933,-12.89375722286509,-12.709852173361952,0.0002092234804439,230.22459519074127,-0.21714747887822572,3,field
SIM-FIELD-02124,field,0.8199091920407533,False,14.341648448308744,0.4686827297479802,1.7335230103246502,0.0701255445047116,-0.800338117644382,-5.451228003338848,0.0011708514834903,24.720278788112342,5.536296502010938,1,field
SIM-FIELD-02125,field,0.5029417035580643,False,13.111537875911017,0.8906886105074384,8.163907622396447,0.0516669377636714,-6.215584511032143,-10.598054982391464,0.0005555645921223,158.0102861860867,7.671028285264905,3,field
SIM-FIELD-02127,field,0.9209296201380368,False,14.86061088696482,0.3859249640247033,1.105689126862643,0.0778633780037629,-6.257547315074546,-14.996199805106436,0.001428779266792,14.200374491962169,5.078776081184463,1,field
SIM-FIELD-02128,field,0.5793153420707953,False,11.515641440867018,0.7568055789540055,12.581863143288365,0.0401030731139811,4.610501451628134,-11.14477900181672,0.0004010307311398,313.738129432828,7.014366225481561,3,field
SIM-FIELD-02129,field,0.987946224323117,False,9.997116935208338,0.3312072616046176,9.09005687876862,0.029992208968668,-7.967840679651993,-16.69195349588308,0.0002999220896866,303.0806063089498,4.78994993880886,3,field
SIM-FIELD-02130,field,0.9218536559913334,False,11.079834643439648,0.3809367478520522,6.211540152158998,0.0371975800692715,0.9682509642800452,-3.0800041628750425,0.0003719758006927,166.9877486812719,5.045831127939861,3,field
SIM-FIELD-02132,field,1.6896198884436655,True,9.892269358532866,0.7530654721075715,0.5790888244221412,0.0297320179778657,19.687700319944454,-18.175266577521786,0.0002973201797786,19.476943167909074,-1.2940047226768723,1,field
SIM-FIELD-02133,field,0.5595433346031058,False,13.886181744196646,0.7911742978265198,4.473697174675516,0.0633033563846595,-17.874367135178858,-19.54050057229971,0.0009434452128219,70.6707737184002,7.139514660636657,1,field
SIM-FIELD-02134,field,0.6068440447483291,False,11.29494748735655,0.7162595300336909,12.654605334853992,0.0386345629906636,-26.76862779293702,-2.4223609770449515,0.0003863456299066,327.5462268827033,6.806190513149582,3,field
SIM-FIELD-02135,field,2.247815878650555,True,4.338719135670167,0.6833742195884962,3.670125022809532,0.02,10.437348343357783,-5.479734889407382,0.0002,183.5062511404766,-2.8378765706014404,1,field
SIM-FIELD-02136,field,0.5355761709848141,False,14.569992901127492,0.8314392748754632,3.708943256674009,0.0735219507553485,6.427861332052475,-14.964729564871735,0.0012840650251782,50.44674710843679,7.416243846549364,1,field
SIM-FIELD-02137,field,0.5843570394939701,False,12.610371027720156,0.7507758903858999,7.420413452709488,0.0473985063912577,-0.1908505526589593,-2.446444386971362,0.0004739850639125,156.553740142287,6.962511548204084,3,field
SIM-FIELD-02138,field,0.7959148348901188,False,16.00059381944202,0.4869683645534611,0.8152967147412683,0.1398438551371648,6.051562740950392,-7.013972204286556,0.0032454457748339,5.830050336795926,5.557172281076809,1,field
SIM-FIELD-02140,field,1.4635416034160984,True,4.177709803627921,0.702900881699463,9.146950724901396,0.02,6.921680225444153,-4.661602208391144,0.0002,457.3475362450698,-1.0159084987500018,3,field
SIM-FIELD-02141,field,1.1165170765217982,False,8.691975231180951,0.2478913511430168,13.385653792863405,0.0267305242219825,-1.011011376118214,-12.792982118454102,0.0002673052422198,500.7628612780959,4.325173172187039,3,field
SIM-FIELD-02142,field,2.854202856380959,True,3.238468855712602,0.6403468749679809,2.450684713899415,0.02,1.219446362489256,-9.510425710918923,0.0002,122.53423569497075,-4.8150939348677095,1,field
SIM-FIELD-02143,field,0.6020849173328672,False,14.263036300139694,0.7236519704562935,3.23962290753089,0.0689719641122143,3.740218105946797,-8.561970564506607,0.0011323988037404,46.97014140789392,6.815508606250676,1,field
SIM-FIELD-02144,field,0.9987214982763598,False,10.9743372298265,0.3236554646076944,5.736442648227644,0.0364948582269485,-1.0782076812770809,-8.374798449820881,0.0003649485822694,157.1849550025583,4.767550509604895,3,field
SIM-FIELD-02145,field,0.5407634981666178,False,11.835227656783296,0.8215278429270018,12.45705804257304,0.0422366529554268,-5.430549173100596,-4.460062231188789,0.0004223665295542,294.9347822546267,7.312305096834976,3,field
SIM-FIELD-02146,field,2.261428418158262,True,8.072883505745708,0.6559643906455158,0.5772592679210105,0.0251822170776166,3.2171419253985807,-4.529357060461314,0.0002518221707761,22.923290119443518,-3.120261922950558,1,field
SIM-FIELD-02147,field,0.5726869848370154,False,15.204841619955571,0.7668742066097393,2.276460271359686,0.0921624832827744,-6.958304694863387,-2.698959519735172,0.0018547390957475,24.700509255756643,6.991141997108487,1,field
SIM-FIELD-02148,field,0.7598665226388513,False,11.367952290722345,0.5272427338571815,7.826310719839242,0.0391189012161537,-11.51690006265111,-22.95802220600463,0.0003911890121615,200.06468680177187,5.835737721957864,3,field
SIM-FIELD-02153,field,0.851474124698188,False,11.47961830840155,0.4391461929508063,5.95504534310162,0.0398641253519495,0.6925248366647152,-8.987065543602231,0.0003986412535194,149.38356957605737,5.354043671654939,3,field
SIM-FIELD-02154,field,2.873914893065116,True,7.698620255198617,0.6140762820164392,0.4882957439628446,0.0242461152863324,-8.414523707092542,-13.039693300230304,0.0002424611528633,20.13913314344827,-3.857965050080608,1,field
SIM-FIELD-02155,field,0.7516021293155106,False,11.17007504418994,0.5360184217638194,8.712172867457546,0.037798799977485,21.640140215990726,-8.276530008919915,0.0003779879997748,230.48808090857347,5.870707464842033,3,field
SIM-FIELD-02156,field,0.8897626540317465,False,11.787031280341434,0.406136938163897,4.820302343857064,0.0419148607704005,9.11105604234731,-13.31386237102363,0.000419148607704,115.00222725924148,5.202402677086214,1,field
SIM-FIELD-02157,field,2.0946068710059134,True,6.297992526489694,0.5766576752096604,1.321928009777856,0.0207446754211071,-1.5703153150042948,-8.004910594126436,0.000207446754211,63.72372586908894,-3.09596844968177,1,field
SIM-FIELD-02158,field,0.5634169119493204,False,16.67431889598989,0.7752277997999278,1.2610302854250948,0.1801271765682341,-12.094714962608444,-7.139348637225671,0.0044203759832401,7.000777503151519,7.177946480461397,1,field
SIM-FIELD-02159,field,1.7800447316121653,True,3.901815195431048,0.6008346394408938,5.015193083868097,0.02,8.193940957959484,17.245395090662313,0.0002,250.75965419340486,-2.5967465149510414,3,field
SIM-FIELD-02160,field,1.262949057300786,True,7.730746613413686,0.698405513216762,1.3886141043174387,0.0243257941001887,-5.242551467140467,5.05341054036833,0.0002432579410018,57.08401948147161,-1.5563455259699346,1,field
SIM-FIELD-02161,field,1.9554005312272889,True,1.799577264120861,1.0483956923977231,14.617238114840358,0.02,-4.137193747894984,-7.045894464076409,0.0002,730.8619057420179,-2.376096127488019,3,field
SIM-FIELD-02163,field,1.0996950871786717,False,14.76894831032569,0.2560337385736135,0.86450278173587,0.0765267574643074,2.577427604658004,-22.04728541841652,0.0013842252488102,11.296738688282723,4.452780285596882,1,field
SIM-FIELD-02164,field,0.5167365391617196,False,15.317974946657896,0.8621179508796935,2.531156352178625,0.0991704655005762,-8.358278196773243,-8.825774218099975,0.0020591385771001,25.523288001143026,7.334569810716948,1,field
SIM-FIELD-02165,field,0.8079306298353337,False,11.4357646394083,0.478719529307273,6.748280666624244,0.0395759708205651,-3.794814104179995,-14.798736239457716,0.0003957597082056,170.51459576874348,5.581730324221459,3,field
SIM-FIELD-02166,field,0.8113185094599487,False,11.986541384411572,0.4769249897963381,5.152000498248798,0.0432459101993741,-19.099422303176528,-5.007681261566389,0.0004324591019937,119.13266421025318,5.546420866172964,3,field
SIM-FIELD-02167,field,1.8500967186277824,True,7.693712728065187,0.6752072345941209,0.8348142499734333,0.0242349025862114,1.493616760320955,-10.718740408249843,0.0002423490258621,34.44677555454282,-2.6983380034128084,1,field
SIM-FIELD-02169,field,0.5938634687834379,False,16.190448419800155,0.7393153686291153,1.3012885939092502,0.1511643414980922,2.6213503086364467,19.00895648291777,0.0035756266270276,8.608436229159729,6.762316535364366,1,field
SIM-FIELD-02170,field,2.886793457033005,True,2.7218611339476992,0.5515422138288979,3.15504261236798,0.02,-0.3877152353909948,-2.1703670185423567,0.0002,157.75213061839898,-4.783112719797652,1,field
SIM-FIELD-02171,field,1.2140667749080196,True,4.910979355019999,0.5563557752495834,9.617351126023006,0.02,-11.131417085650163,-16.539134769751783,0.0002,480.86755630115033,-0.1737432836272612,3,field
SIM-FIELD-02172,field,0.5398642678266792,False,15.944974775646036,0.8189898034419572,1.8453316494023169,0.1368230691693529,0.7966279935474416,-8.87174725703389,0.0031573395174394,13.486992073816554,7.27534692774603,1,field
SIM-FIELD-02173,field,0.9473021777838194,False,14.411243263080562,0.3608631669592035,1.1833272469180078,0.0711861366829835,5.244588689860329,8.03918406223487,0.0012062045560994,16.62300136033191,4.776767585870163,1,field
SIM-FIELD-02174,field,0.75444125861212,False,10.883411197951729,0.5343090677432653,9.856840883010689,0.0358863558682047,-2.044341388679631,5.579201046752781,0.000358863558682,274.66820312462676,5.852099927366936,3,field
SIM-FIELD-02175,field,0.984299816898157,False,13.418486477085969,0.3337113395949336,1.8743392295367247,0.0562545431237257,-3.741348477024667,-14.85052107998635,0.0007084847707908,33.31889524752376,4.782727451955628,1,field
SIM-FIELD-02177,field,1.0836967063375824,False,12.261772166953785,0.2672550070249781,2.741824830182472,0.0450749501399632,-11.87269424918984,-4.649732566313972,0.0004507495013996,60.82812785524493,4.451970692534077,1,field
SIM-FIELD-02178,field,0.5754379432374552,False,12.668161924416786,0.7651868265886953,7.479580532235269,0.0477828340483404,21.38853411427273,1.965441299723677,0.0004778283404834,156.53279428064923,7.037548137239268,3,field
SIM-FIELD-02179,field,1.6723561210012323,True,3.419168128198701,0.6306194968453511,6.193913791662139,0.02,10.281786222823849,-9.321514045280251,0.0002,309.6956895831069,-2.6210060895469702,3,field
SIM-FIELD-02180,field,1.398302128557706,True,10.508072716388098,1.0229590052865516,0.6685311557689899,0.0333898717098682,-6.967940956773248,-8.937924786276119,0.0003338987170986,20.02197437528366,-0.36631902544793604,1,field
SIM-FIELD-02181,field,1.2843543718550796,True,6.466877947592609,0.6587894335495439,2.7647785167927386,0.0211672665486595,-3.148277539844683,-15.153942244811354,0.0002116726654865,130.6157557206095,-1.3248203213781942,1,field
SIM-FIELD-02183,field,2.466107707873521,True,6.669961582937971,0.8385970992679316,1.8659981995136896,0.0216762225122506,-11.68901373258014,0.3853873902643074,0.0002167622251225,86.08502696718011,-1.9754823152444754,1,field
SIM-FIELD-02184,field,0.7553145439722747,False,13.77308323451976,0.5327290556959269,2.5582060334194807,0.0615902890239057,-10.298743716768278,-0.9445194410581196,0.0008863429674635,41.53586667577638,5.812760828848697,1,field
SIM-FIELD-02186,field,1.118347906134428,False,8.553011198993433,0.2471174541475056,14.261131752528527,0.0263825481123787,3.273702197873725,-15.99475590003355,0.0002638254811237,540.5517197119107,4.323781159803529,3,field
SIM-FIELD-02187,field,1.1804078480833118,True,11.73359726732851,1.0391458419549646,0.6347925392167989,0.0415579091683086,0.5962133386035356,-5.644552711310229,0.000415579091683,15.27489115599881,0.7467563363498719,1,field
SIM-FIELD-02188,field,0.535316461909526,False,11.509454911650364,0.832098499635022,14.753509811377985,0.0400638513213897,3.98399556965265,2.847835393021083,0.0004006385132138,368.2499141938766,7.353931660810295,3,field
SIM-FIELD-02189,field,0.6787557222448489,False,10.603056267446773,0.6206109622049717,13.838731956028155,0.0340212645721709,8.984368471586567,-5.461249715105566,0.0003402126457217,406.76712432812144,6.308537754997882,3,field
SIM-FIELD-02190,field,1.2520682400690597,True,11.525182486441064,0.867694096124926,0.3239559460726003,0.0401683997096653,-1.496115799200017,-6.331137183284029,0.0004016839970966,8.064945290679583,-0.92238773534066,1,field
SIM-FIELD-02191,field,1.560953894793073,True,4.521635429614848,0.8558004403862469,4.779848166744319,0.02,-6.575652494213768,-3.4002097845718984,0.0002,238.99240833721595,-2.081294063676447,3,field
SIM-FIELD-02194,field,0.6583633116921197,False,15.16997420529,0.64359575101446,1.7854529082190145,0.0903906259796173,8.397003322352429,-16.46708486029355,0.0018030599244055,19.75263351557745,6.4287162055443865,1,field
SIM-FIELD-02195,field,0.9999381661732424,False,9.212530588603824,0.3230277288154069,12.736504139018946,0.0280322100519378,13.512834697061324,-0.3966499683389813,0.0002803221005193,454.35247935931125,4.737781793956225,3,field
SIM-FIELD-02196,field,2.0154811761732354,True,9.229701439492484,0.9308808136148232,0.3767007614644892,0.0280747166498241,5.982667410196148,3.476694238258505,0.0002807471664982,13.417793887755922,-2.8903160700633634,1,field
SIM-FIELD-02197,field,0.9560301433075152,False,13.001570618150687,0.3561910935106379,2.407854548233584,0.0500252389086694,3.967791415398959,-11.846281419925312,0.0005008412969556,48.13279458054325,4.909721862459547,1,field
SIM-FIELD-02199,field,0.5672469399761578,False,14.779740551668612,0.778580560656041,2.8666560397347105,0.0767182428018319,5.610105736418231,1.4348927279794057,0.0013906080933943,37.36602840525774,7.0666184844745406,1,field
SIM-FIELD-02200,field,1.0140240903225035,False,15.523899727149326,0.3123298391266992,0.6849191191283083,0.1114517067564909,2.7374379598675125,-1.3199174902467177,0.0024173414470643,6.145434099316015,4.702096174464186,1,field
SIM-FIELD-02201,field,0.7581587735457112,False,11.461101892217023,0.5299199586057121,7.465233101947512,0.039739518842383,3.496748480264004,-9.920069698651034,0.0003973951884238,187.85413913934184,5.826318757819617,3,field
SIM-FIELD-02202,field,0.7491709379154163,False,11.932001319529393,0.5388820822347241,6.1797428307686895,0.0428814258611844,13.58741586095632,-5.3490011473739845,0.0004288142586118,144.11234483605398,5.886853331298743,3,field
SIM-FIELD-02203,field,0.8170471492767685,False,14.068335070649296,0.4671572752418342,2.0327566010127813,0.0660397429294122,-12.116141777064549,0.7674530921164969,0.001034658097647,30.780807296381074,5.608761970811008,1,field
SIM-FIELD-02204,field,0.5749282825581957,False,15.716889054487796,0.760466550507024,1.8185711047878104,0.1230013116125415,-0.5035966854126961,-15.67826045078005,0.0027542049220324,14.784973273426335,7.015540486069643,1,field
SIM-FIELD-02205,field,0.5178389630723325,False,12.422575213053603,0.8632915268742417,10.489109843527864,0.0461493425503357,-5.028638039300948,2.0853715561353527,0.0004614934255033,227.2862247622976,7.52626838021426,3,field
SIM-FIELD-02206,field,1.0987458326289068,False,12.45861467758792,0.2585608371468226,2.447085438654462,0.0463899081304469,3.66671606393751,-7.359745168576338,0.0004638990813044,52.7503833759131,4.401860341446184,1,field
SIM-FIELD-02208,field,0.6683573665495938,False,13.520479267735697,0.6341392695077795,3.8143156284944575,0.0578003817839661,-0.8605172351076258,-6.062721269078681,0.0007600127261322,65.9911839812891,6.427562404576035,1,field
SIM-FIELD-02210,field,1.3131598281825398,True,4.431687864601339,0.6913448700848217,11.429414847921642,0.02,3.100210882216049,-4.7169100765781335,0.0002,571.4707423960821,-0.27819215351144866,3,field
SIM-FIELD-02211,field,0.963232752852922,False,10.11402011600971,0.3487350329281094,8.985532858315727,0.0307591786600618,3.2949989531926582,5.846816334447969,0.0003075917866006,292.12525333072966,4.8817392992860285,3,field
SIM-FIELD-02212,field,1.278872584696515,True,4.587032562526447,0.5593018599030868,5.955188321219628,0.02,-2.9644437498103446,-9.127167859463524,0.0002,297.75941606098144,-1.538489938712635,3,field
SIM-FIELD-02214,field,0.675101441465424,False,16.095633411297584,0.623491560558118,0.9551648215229024,0.14572809464016,19.360493362472955,-8.349388312922795,0.0034170694270046,6.554431552004086,5.996025006920972,1,field
SIM-FIELD-02215,field,1.135559780654089,True,4.275705320617286,0.7051187390350018,11.197687371130336,0.02,10.556526148189896,8.94038962521522,0.0002,559.8843685565167,-0.47865298820312674,3,field
SIM-FIELD-02216,field,1.3671692989313649,True,8.418566027318281,0.7702484484929775,2.324935328465926,0.0260474708790606,6.553599794677758,4.457591834409289,0.0002604747087906,89.25762271741043,0.2506204115534896,1,field
SIM-FIELD-02218,field,0.5793721561405067,False,12.913656218954287,0.7595816021760265,6.586613693309037,0.0494217172391183,-10.051133018071916,-10.90638655818897,0.0004942171723911,133.2736711968316,7.006967182446951,3,field
SIM-FIELD-02220,field,1.1854640436057091,True,11.237123717806751,0.7557217374973916,0.4334599242720704,0.038248912316002,9.668545265189008,-4.429896573559035,0.00038248912316,11.332607857994594,-0.5781315282884041,1,field
SIM-FIELD-02221,field,0.7914577883932523,False,13.131972238362549,0.4952976393624354,3.222453579401297,0.0519830003318044,15.844084814974469,-11.309093717750509,0.0005661000110601,61.99052688056802,5.672905587876764,1,field
SIM-FIELD-02222,field,0.7458068584121048,False,14.584163034900174,0.5424968231009422,1.8017602527352672,0.0737809176963782,2.373726958267293,-19.029288540866933,0.0012926972565459,24.42040989717471,5.8626480451377905,1,field
SIM-FIELD-02223,field,2.24551019473171,True,1.8749503112150088,0.9509492690935304,10.861547657914652,0.02,5.570202888861609,-3.044859402302797,0.0002,543.0773828957326,-2.9455911281730183,3,field
SIM-FIELD-02224,field,1.5228166980889826,True,8.689463976835198,0.8166212064279713,0.5859131115546693,0.0267243853507153,12.21951840655974,-2.657404453873761,0.0002672438535071,21.924287644616935,-2.47136993940706,1,field
SIM-FIELD-02225,field,0.5758736286819559,False,12.40160455153898,0.7626969105854471,8.461341809998121,0.0460105333270766,-16.42640889043143,-6.7255952802797365,0.0004601053332707,183.90010282751345,7.038800748808352,3,field
SIM-FIELD-02226,field,1.182029047915909,True,4.778426792241445,0.975824155063711,7.040560602881404,0.02,-10.057481739485556,-4.632407933469772,0.0002,352.02803014407016,-0.9835370022151206,3,field
SIM-FIELD-02227,field,1.1637909660917032,True,9.919531960502004,0.8341208573010089,1.417825484848442,0.0297984247682397,2.217345894620712,-4.985742098960672,0.0002979842476823,47.58055151826732,0.6776458522846323,1,field
SIM-FIELD-02228,field,0.5316779888981117,False,15.32440526467148,0.8350050996191986,2.570944835954309,0.0995258058718879,-8.10020840537779,-10.85621273309054,0.0020695026712633,25.831941911263627,7.374869055708293,1,field
SIM-FIELD-02229,field,0.9720018852514966,False,13.418592535756844,0.3437241668972284,1.818177452436284,0.0562787019908254,8.170687523176186,-2.820171887446548,0.0007092900663608,32.30666998561347,4.716773874226579,1,field
SIM-FIELD-02230,field,0.8814358561961495,False,12.31480199301098,0.4134777861741843,3.840049924041992,0.0454278628586658,2.258949995158797,-8.679455761875543,0.0004542786285866,84.53071930742315,5.236486346092134,1,field
SIM-FIELD-02231,field,0.5796262730710269,False,16.743652394373985,0.7637030231185932,1.1986250625664854,0.1845333454493722,6.231264475298124,3.5984203895948865,0.0045488892422733,6.495438857663452,7.137069165900709,1,field
SIM-FIELD-02233,field,0.7939998221900364,False,11.01871329644518,0.4927314495453749,8.446779520066414,0.0367923958891025,1.8324579111400052,-9.61508534536916,0.000367923958891,229.57949097759783,5.652169087786838,3,field
SIM-FIELD-02234,field,0.8033464594353097,False,15.26299125715681,0.4853679873891006,1.204648166563997,0.0956573083308936,0.2867367038908335,0.1341383295576571,0.0019566714929843,12.593373026940403,5.667292377059109,1,field
SIM-FIELD-02237,field,0.5661859018319163,False,11.783702441629565,0.7790524499924693,11.592871775322642,0.0418898226376016,-9.93344054537671,6.221823443831592,0.000418898226376,276.7467381185931,7.104657603193015,3,field
SIM-FIELD-02240,field,1.7433891810546942,True,8.084980369049589,0.6492609051587422,0.8328549273730109,0.025212799123293,-23.080045732189117,-8.663265919663889,0.0002521279912329,33.033021177072435,-2.312172833570271,1,field
SIM-FIELD-02242,field,1.4991960116806944,True,2.447560160929703,1.03100955427176,14.751629668535587,0.02,20.690128267359768,-23.918562643659477,0.0002,737.5814834267793,-1.708239833446287,3,field
SIM-FIELD-02243,field,0.5142773721243779,False,13.956976763416554,0.8675797980834105,5.195722470568879,0.0643399443900301,-19.86637983342741,-2.76156421791306,0.0009779981463343,80.75422693983538,7.5352064893557955,3,field
SIM-FIELD-02244,field,2.28564977149877,True,4.280373139637281,0.865998763636274,2.555017177209063,0.02,0.6150294980130706,14.286003138615907,0.0002,127.75085886045314,-3.6826577392966655,1,field
SIM-FIELD-02245,field,1.490593800614138,True,10.49075187543936,0.6152850713931403,0.6503441631371474,0.0332700015336827,-4.5727165971076165,-0.5982130388143282,0.0003327000153368,19.547464176661848,-0.44353189061581766,1,field
SIM-FIELD-02246,field,0.5681638647411474,False,15.596315722485414,0.7751107474615233,1.9228391594642853,0.1156824681057474,5.677353415914109,-5.1046796553977645,0.0025407386530842,16.62169895706741,7.016030513208438,1,field
SIM-FIELD-02249,field,1.4039835122784157,True,9.453884272622192,0.87477987250124,0.8852834489583605,0.0286356611061555,6.100789293130967,-20.85010415848964,0.0002863566110615,30.91541856416441,-0.8107040032143313,1,field
SIM-FIELD-02250,field,0.77723677902482,False,10.939243354925972,0.5095365674216125,9.123915738864865,0.0362606829995165,-3.758122044107462,11.878467310280405,0.0003626068299951,251.6200739789298,5.740149684071888,3,field
SIM-FIELD-02251,field,0.6503600900967649,False,12.518311674154768,0.6573745933356825,6.197653798776097,0.0467875050156504,9.365340450511288,-8.216349214566355,0.0004678750501565,132.46386608354055,6.479448238510988,3,field
SIM-FIELD-02252,field,1.0228284802323395,False,15.566948771677058,0.312179951183424,0.7570548685929107,0.1142926439500423,3.4547496916978737,-6.887233797099812,0.0025002021152095,6.623828467244331,4.962585555330563,1,field
SIM-FIELD-02253,field,1.115665051635358,False,11.195230811263118,0.2482653662679818,4.230956060769175,0.0379694572600896,-0.4010948693620413,-3.3003488327919475,0.0003796945726008,111.43051194509466,4.327423386909695,1,field
SIM-FIELD-02255,field,0.590453359481857,False,12.428331849246907,0.7415988223194647,7.926635887584137,0.0461893237551538,-0.6636794083362924,-3.3710124690565024,0.0004618932375515,171.6118627240063,6.923776395263188,3,field
SIM-FIELD-02256,field,1.0628831315057703,False,12.12275486144511,0.2798046996091947,3.0121604583429997,0.0441494874049062,6.4955395348763885,-13.042802292508178,0.000441494874049,68.22639707495829,4.517145376905173,1,field
SIM-FIELD-02257,field,0.8564215475531112,False,11.937630982467969,0.4366908378117985,4.7121678380858185,0.0429224690809335,3.057810239563621,-9.408400108918782,0.0004292246908093,109.78324264619252,5.303734736287208,1,field
SIM-FIELD-02258,field,2.2987850313873204,True,4.455156410551405,0.6056233621757324,2.164957851956763,0.02,-3.742855854928854,-9.351218031152674,0.0002,108.24789259783816,-3.86759636046075,1,field
SIM-FIELD-02259,field,1.3269561755697326,True,3.1617625893360195,0.8911150473249935,13.346860230891195,0.02,0.070501392759898,3.3946674814271494,0.0002,667.3430115445598,-1.211341847993733,3,field
SIM-FIELD-02260,field,0.8493305646191378,False,9.731138820592498,0.4421640123336972,13.510633346903353,0.0293273954089253,-2.3553321660154563,-11.805553193006096,0.0002932739540892,460.6830289058543,5.384517361638288,3,field
SIM-FIELD-02261,field,1.2555392145703346,True,8.091324541370469,1.03407630398666,3.616028327006557,0.0252283231098563,13.555079170718791,-0.3238864248194915,0.0002522832310985,143.33209192147348,0.8824836611924756,1,field
SIM-FIELD-02262,field,0.8202554211226185,False,13.240950624140645,0.4705629101207601,2.9460447422491973,0.0536293615258146,0.4267231036195202,-1.199656009584099,0.0006209787175271,54.93342934599571,5.587147315567766,1,field
SIM-FIELD-02263,field,0.5286767319063035,False,15.428541295302866,0.8478124612534823,2.524660553567377,0.1056315646385694,-0.2052624282218911,5.607996515715364,0.0022475873019582,23.900626315683148,7.4395562677295235,1,field
SIM-FIELD-02264,field,0.9067507933074866,False,13.63367013270473,0.3924185913655759,1.937201525034338,0.0594949354344536,0.2520211662651562,-12.508852795478418,0.0008164978478151,32.56078035698652,5.0695441440386695,1,field
SIM-FIELD-02265,field,1.001974405921271,False,11.612675676376428,0.3216965575427044,4.304989198617167,0.0407500469947132,2.6655199269107834,-2.1441549449750688,0.0004075004699471,105.6437848814183,4.782536007024161,1,field
SIM-FIELD-02266,field,0.7502367113167503,False,14.976812384986728,0.5429462848741201,1.5503901350691376,0.0796664319607947,7.789059493627527,-11.544658913415578,0.0014888810653598,19.46102137261667,5.929017366767507,1,field
SIM-FIELD-02267,field,0.6431379620002883,False,12.305117633389594,0.6663131197045034,7.021472678490355,0.0453690551158135,3.210934763902108,-12.048749097785937,0.0004536905511581,154.76347613073833,6.537258684825783,3,field
SIM-FIELD-02268,field,0.8755504316313419,False,12.727201231465031,0.4190075483433289,3.236980622159514,0.0481843111136768,-1.2098255251522578,2.40919509527756,0.0004818431111367,67.1791408311889,5.277901729227999,1,field
SIM-FIELD-02269,field,2.8168566448330896,True,8.02434853814222,0.6502597759744553,0.3374018735364539,0.0250609388862923,0.605665101906467,-12.91847942006667,0.0002506093888629,13.463257504729967,-4.334914012733854,1,field
SIM-FIELD-02270,field,0.5154613519506517,False,16.16527762568226,0.8739124017685796,2.0209008789507474,0.149773468382955,-14.600511821014358,-1.8591307057090536,0.0035350594945028,13.493049875719754,7.693002689596202,1,field
SIM-FIELD-02271,field,2.9699671021164438,True,3.2663307175010394,0.7913286973570846,2.7417585015704584,0.02,-7.804447467656767,-17.336528024099795,0.0002,137.08792507852291,-4.543523288536129,1,field
SIM-FIELD-02272,field,0.7135538665708272,False,13.252020055509815,0.5791435371175111,3.65534134263314,0.0537926831910982,-9.37626576440553,4.516393361196286,0.0006264227730366,67.95238916875667,6.066659747615573,1,field
SIM-FIELD-02273,field,0.5008371039691544,False,16.157441966458148,0.8981474559990226,1.728389448189496,0.1495648572810916,-4.826144805300814,-13.424188483157518,0.0035289750040318,11.556120064629672,7.345649997864406,1,field
SIM-FIELD-02274,field,1.7277358122342852,True,4.803355534165731,0.9401638140724085,3.6535302071855305,0.02,1.9604573962824785,-2.397719970698397,0.0002,182.6765103592765,-2.383080953740179,1,field
SIM-FIELD-02275,field,0.6003953181326379,False,16.40659079507019,0.7197857014206877,1.4050947377389085,0.1646224411314271,-15.36801097474424,-8.329677808021165,0.0039681545329999,8.53525636044447,7.145118831543108,1,field
SIM-FIELD-02276,field,0.7242064083097914,False,16.60442469268517,0.5843922236056198,0.9296045562880046,0.176380368548328,5.076067097719173,-11.240843265084129,0.0043110940826595,5.2704536448073815,6.445915911020414,1,field
SIM-FIELD-02277,field,0.5828199814207892,False,13.6710188011324,0.7560205490537961,4.4876084272593655,0.0600676458794064,-4.620308413615212,-7.470609682474458,0.0008355881959802,74.70924424554313,6.931093575684391,1,field
SIM-FIELD-02278,field,0.5928829101807866,False,15.187156926632118,0.7355351158273531,2.1936870800552346,0.0911980548537825,1.096894510322521,17.728283229396162,0.0018266099332353,24.05409943855014,6.893030313797416,1,field
SIM-FIELD-02279,field,2.232558858575457,True,7.292163348720813,0.8794900082153354,1.4750753359648645,0.0232301925233998,-14.863514103505862,-7.644870418922474,0.0002323019252339,63.498196774693945,-1.8637656440868593,1,field
SIM-FIELD-02280,field,1.271269584151787,True,8.652808173556386,0.5544715748717823,0.8272322948058766,0.0266315671482763,-5.8722563302309405,-9.45440928832002,0.0002663156714827,31.062095978058817,-1.7590544226567495,1,field
SIM-FIELD-02281,field,0.7942660549036605,False,14.219150518001396,0.489934926453268,1.921464215705711,0.0683027132471262,-2.308233480208269,-14.458657835800198,0.0011100904415708,28.131594256785334,5.637312022070212,1,field
SIM-FIELD-02285,field,1.2894527930022923,True,11.543088728154355,0.9217990375866668,0.5633635252185487,0.0402841676922582,-1.9316174072432404,11.541029498879102,0.0004028416769225,13.984737863327279,0.2970323547053546,1,field
SIM-FIELD-02286,field,0.9019315737671064,False,13.07443391201912,0.3954877737826245,2.6321653258171267,0.0511117992687279,-10.254200680832216,-9.683341303533156,0.0005370599756242,51.498193440190306,5.175999730792487,1,field
SIM-FIELD-02287,field,1.0518355686377123,False,15.877278471947683,0.2879424139592378,0.693035157378198,0.1325790725811795,-12.629028351361963,-18.615786552879204,0.0030335562836177,5.227334479609107,5.081054805670906,1,field
SIM-FIELD-02288,field,1.5693140746181204,True,4.804925137796704,0.9916958706509252,4.5067738886000495,0.02,0.551067040187876,-5.942587578889621,0.0002,225.33869443000248,-1.9257460150441537,1,field
SIM-FIELD-02289,field,0.724062032217149,False,13.146550259711717,0.566597763572279,3.814675474663399,0.0521924448558711,3.0386755866437465,-7.873735621995865,0.0005730814951957,73.08865268139068,6.053838245664483,1,field
SIM-FIELD-02290,field,1.8438006589491147,True,7.14449887985812,0.6399297890293959,0.985231271529467,0.0228616680299446,0.03730239514817,-2.5249728278268244,0.0002286166802994,43.095336273757205,-2.887810180041668,1,field
SIM-FIELD-02291,field,1.6123606998874642,True,7.353892200709994,0.8087617845304121,1.7044822605887275,0.023385008605843,-17.033062754995566,-11.901720732770189,0.0002338500860584,72.88781840186469,-1.488145370962429,1,field
SIM-FIELD-02292,field,1.7343856533697382,True,10.276660528782356,0.7474751003752336,0.515955846146768,0.0318436653594529,-9.868448545253743,11.68220005488669,0.0003184366535945,16.20277817652687,-1.160276782803395,1,field
SIM-FIELD-02293,field,2.0791654560228845,True,9.834680569468672,0.9882561550223836,0.6842615115918342,0.029586946113544,0.2409315925976289,-1.0179041393652364,0.0002958694611354,23.127142252731524,-0.9892088683064362,1,field
SIM-FIELD-02294,field,1.7993284165463592,True,11.576262873251691,0.860979492316533,0.3007632457045832,0.0405092504661765,12.884093858279746,-14.347619659131825,0.0004050925046617,7.424557162708002,-1.0326133122793255,1,field
SIM-FIELD-02296,field,0.974832964150811,False,12.28427296663732,0.3407451020441768,3.2151854940618105,0.0452289544466472,-11.425227052182263,1.5481451840649996,0.0004522895444664,71.08688523530861,4.820303135556836,1,field
SIM-FIELD-02297,field,1.7371018603087314,True,9.69970075906908,0.6925820711674854,0.3701072795454428,0.0292497188996119,3.629221685051655,-0.1835302655349973,0.0002924971889961,12.6533619285604,-2.458661104899763,1,field
SIM-FIELD-02298,field,1.0472463467037867,False,12.457374870485143,0.2899170536128918,2.6432604556704287,0.0463867047951159,16.849566235037614,-5.410270823892188,0.0004638670479511,56.983147808092205,4.568074664364193,1,field
SIM-FIELD-02299,field,0.7815017808428838,False,13.849490748492054,0.5064916643608595,2.42898517625899,0.062732631792861,-7.510884567612295,-11.501144510584624,0.000924421059762,38.71964409654195,5.77661507037986,1,field
SIM-FIELD-02300,field,1.5585688913271194,True,11.094327111683688,0.9267353853263038,0.4358324493665802,0.0372992834516067,13.4920544229918,-5.239508324979687,0.000372992834516,11.68474053749701,-0.709075078450633,1,field
SIM-FIELD-02301,field,1.8669418133086488,True,10.317256302357418,0.6159557681155847,0.4771038308636114,0.0321113936908065,-6.796719300077451,-4.826233230526884,0.000321113936908,14.857774018080267,-1.2896791791295712,1,field
SIM-FIELD-02302,field,1.1636763933835887,True,8.71263558046505,0.5875092859785669,1.034459797308082,0.026781003431401,-0.1912460155197823,-17.594816397873203,0.000267810034314,38.62662577068219,-1.2137963338279114,1,field
SIM-FIELD-02303,field,0.7027795413702351,False,15.586531920019503,0.5909723216274475,1.5078747264732306,0.1153057731135787,-2.3469447801711283,-12.556058621862936,0.0025297517158127,13.077183264604983,6.47835823027005,1,field
SIM-FIELD-02304,field,0.5924805511902207,False,11.056431382749146,0.737765946304244,14.756182807805324,0.0370443602103821,-4.5509849240923765,-9.226976447790651,0.0003704436021038,398.3381741242689,6.901301517098375,3,field
SIM-FIELD-02305,field,0.8646103629139422,False,12.546523858204589,0.4274273946506061,3.533777385902149,0.0469758840046094,9.958813048520632,-11.690620647573445,0.000469758840046,75.22535149217,5.28771979413265,1,field
SIM-FIELD-02307,field,1.2890244873705845,True,7.163305189973532,0.7552749484107599,1.7291413389867685,0.022908085959313,4.412977824235489,-2.992525029560936,0.0002290808595931,75.48170292611493,-1.647542341536357,1,field
SIM-FIELD-02308,field,1.308709078573547,True,10.828506772035038,0.9323924045458972,0.4253363987538102,0.0355238683596009,0.0218196476680777,13.998019739723508,0.000355238683596,11.973256809990858,-1.0278304796720334,1,field
SIM-FIELD-02310,field,2.2321280061834687,True,4.603394341500975,0.7397177767519169,2.119809658250325,0.02,4.060064699166181,12.4496071904104,0.0002,105.99048291251624,-3.7651213257485328,1,field
SIM-FIELD-02311,field,0.9794308882184628,False,9.808434619910114,0.3376688288063988,10.069675135943022,0.0295202541464076,-14.16709173977869,3.419380003433056,0.000295202541464,341.1107196435986,4.8235119185852895,3,field
SIM-FIELD-02312,field,2.936500350238489,True,6.909559163538675,0.7267531412925793,0.5455336575287199,0.0222733932397713,14.5852252063178,0.1460702323278662,0.0002227339323977,24.49261554609545,-4.4063330854135785,1,field
SIM-FIELD-02313,field,2.0277227334846795,True,7.786104939734128,0.9318741021704404,0.6340423333242478,0.0244643254458556,16.268874801558503,3.291670357753956,0.0002446432544585,25.917016789508832,-3.203303782565847,1,field
SIM-FIELD-02314,field,2.748536780575265,True,8.948951690972855,0.7110095454936701,0.5401074200513338,0.0273713536736178,-4.220455317722814,-12.668034033878332,0.0002737135367361,19.73257978000272,-2.388647590504771,1,field
SIM-FIELD-02315,field,0.8685886402337201,False,15.866460334545083,0.4106047178491062,0.7743682698272909,0.1319647643917888,-3.025929750344356,-4.84178773427003,0.0030156389614271,5.867992667559934,5.311198080573886,1,field
SIM-FIELD-02316,field,0.5079144408775639,False,11.77038083634972,0.8821465282726022,14.696159867185347,0.0418042087191862,-15.515061160489068,-4.621643056902102,0.0004180420871918,351.5473756698686,7.60640017459229,3,field
SIM-FIELD-02317,field,1.1181368910390226,False,13.332178056385583,0.2463132960087753,1.4600121914987478,0.0549776719780233,-2.000741282682343,-5.74129217280849,0.0006659223992674,26.55645717560342,4.153960467768474,1,field
SIM-FIELD-02318,field,2.1806138570389924,True,3.132961766967483,0.5889509000646319,4.930332167413759,0.02,3.4773303217798226,-10.95886059332747,0.0002,246.51660837068795,-3.402657334805344,3,field
SIM-FIELD-02319,field,0.5071558955881603,False,14.818007597773772,0.8862338674231601,3.576924408080027,0.0772685931984367,6.490686845239496,-21.23483117559872,0.0014089531066145,46.29208660359557,7.585556408805715,1,field
SIM-FIELD-02321,field,0.5684984545476641,False,14.387042528730642,0.7721582191047313,3.5727695059357893,0.0707843690121466,-12.82340079160944,-8.639493006325209,0.0011928123004048,50.473989608111104,7.152067523639939,1,field
SIM-FIELD-02323,field,0.5294206392623919,False,16.201329137378686,0.8376177239029403,1.7566284059260169,0.151532141509669,-12.56980037121585,-5.702887949528677,0.0035863541273653,11.59244757201514,7.424728643990651,1,field
SIM-FIELD-02324,field,0.8816257334067802,False,9.65719275263137,0.4122184590062763,13.027158998000669,0.0291438249916151,-1.569000033471324,-9.657564512672332,0.0002914382499161,446.9955128315752,5.231441321593202,3,field
SIM-FIELD-02325,field,1.1547865797260088,True,5.358281805081216,0.8975146408508522,11.851464030370714,0.02,0.3476749824730237,-9.22800964973711,0.0002,592.5732015185357,0.7271418188530827,3,field
SIM-FIELD-02326,field,1.0226100454687883,False,11.51201465160653,0.3073473181773571,4.226692363201881,0.0400830440108953,3.929630269116539,-4.839219124457518,0.0004008304401089,105.44838765371685,4.642017847427864,1,field
SIM-FIELD-02327,field,0.6948337713352075,False,13.738551639338612,0.6016346738997619,3.044799154496864,0.061093227567707,-3.756518762661816,-11.149962798820129,0.0008697742522569,49.83857091397641,6.156344891062341,1,field
SIM-FIELD-02328,field,0.6487372626989136,False,11.027789796750886,0.6600187977403138,12.43447850123322,0.0368512145919098,-10.272715510119628,-8.863791331384528,0.000368512145919,337.42384447656843,6.500927675707075,3,field
SIM-FIELD-02330,field,2.488200633998712,True,2.2119144952865697,0.8719817884857,5.30050590803428,0.02,7.475530947779531,-22.77070348331307,0.0002,265.025295401714,-4.166498890122671,3,field
SIM-FIELD-02331,field,1.090457055493808,False,8.892388516700935,0.2631310766292347,12.747232205576292,0.0272304936491473,2.8290660198942192,-11.837948016559558,0.0002723049364914,468.1234343313295,4.419468001988262,3,field
SIM-FIELD-02332,field,0.5900948893240286,False,14.737288766457542,0.7460209446141534,2.6975198069017887,0.0760786249807851,6.307685044742313,-7.190364850579985,0.0013692874993595,35.45700001259343,6.892111977618882,1,field
SIM-FIELD-02333,field,1.184225918085658,True,10.398144204074043,0.6404220019282482,0.4284387718358244,0.0326543038954289,-11.496833473930982,-2.7085725656457464,0.0003265430389542,13.120438065617416,-1.4424119674748113,1,field
SIM-FIELD-02334,field,0.7992320353152987,False,12.906995731479311,0.4877269429935015,3.4067646459399383,0.0493794931154939,3.204724339281832,-0.0956228516310103,0.0004937949311549,68.99148676904889,5.568706389779287,1,field
SIM-FIELD-02335,field,1.0402804972347066,False,12.801605067793188,0.2960752744718246,2.251194788817396,0.0486763992156766,1.147417469992306,5.404308619910407,0.0004867639921567,46.24817827717179,4.563670441615258,1,field
SIM-FIELD-02337,field,0.9783967264377926,False,13.5121760290922,0.3396433752517667,1.7653936988642305,0.0577001403006164,-10.718815062106872,-9.0401482923063,0.0007566713433538,30.59600357410866,4.746383889829431,1,field
SIM-FIELD-02338,field,2.1951942059741048,True,2.1096736485960266,0.6624603275451834,6.816973185278322,0.02,22.01272836930959,-5.781258412658934,0.0002,340.8486592639161,-3.722368422931833,3,field
SIM-FIELD-02339,field,0.6285800246947362,False,11.791712814358368,0.6858812940862931,9.38365754665442,0.0419419434768742,1.33946644567325,-10.50479156152528,0.0004194194347687,223.72967890313305,6.653573564205139,3,field
SIM-FIELD-02341,field,0.7376847336391047,False,14.645830035702138,0.5488621696102733,1.826152389324157,0.0746835697627929,-6.487085725824086,-3.112730057847562,0.0013227856587597,24.451862640260934,5.95351511494963,1,field
SIM-FIELD-02342,field,0.5131704465197882,False,15.347729232184042,0.8756804728688065,2.6174505954806646,0.1008463226999285,-5.74593070559594,-14.162718380270734,0.0021080177454145,25.954844216471567,7.4371216976679175,1,field
SIM-FIELD-02343,field,0.737166928119986,False,13.238426758470876,0.5531449845043452,3.531000928043901,0.0535745451412052,22.592733608523083,-3.823784278306857,0.0006191515047068,65.90818305106133,5.977915917008952,1,field
SIM-FIELD-02345,field,0.9563755216866576,False,10.03418004331641,0.3541899902446893,9.507155550913389,0.0302252315371407,4.939798406354221,4.555216739709351,0.0003022523153714,314.5436798137019,4.924433041608566,3,field
SIM-FIELD-02346,field,0.6942615842558448,False,14.151354348830116,0.6012211992426523,2.6188600400728945,0.0672756866461998,-1.7214813495442505,-15.69394318358462,0.0010758562215399,38.92728815753865,6.241915793899695,1,field
SIM-FIELD-02348,field,0.6025046942856667,False,11.018567368802584,0.7228513038533939,14.550378452196504,0.0367971086873156,2.0516422312895863,-6.525026502396418,0.0003679710868731,395.42178641911045,6.832938815674451,3,field
SIM-FIELD-02350,field,0.8794633881028168,False,12.15902935791771,0.4157728024736113,4.168648599809094,0.044392150217603,-1.0525918109907153,1.7493325003892928,0.000443921502176,93.90508410552464,5.259005794935716,1,field
SIM-FIELD-02351,field,1.0382995277780624,False,15.556843983701228,0.3055825003020845,0.5794574883979668,0.1133638887480521,-10.596421909870402,-4.150767214239732,0.0024731134218181,5.111482102433818,4.3719518820809995,1,field
SIM-FIELD-02352,field,0.5224984425794632,False,11.909118920901872,0.8554463217598673,13.031245306066255,0.0427265552508255,-12.698577389303916,-3.2833143279786348,0.0004272655525082,304.99171369108876,7.484048521993714,3,field
SIM-FIELD-02353,field,1.1490924693652058,True,4.249155824639285,0.6246847835135564,7.433305686633129,0.02,1.7951059922545716,-5.35985368200647,0.0002,371.66528433165644,-1.3949342100623952,3,field
SIM-FIELD-02354,field,1.5910149431529752,True,7.305890231308751,0.6859514883487735,1.2417565983977064,0.0232655338074616,0.3112624575621596,-2.59007325934204,0.0002326553380746,53.373226192620464,-2.22392738663902,1,field
SIM-FIELD-02355,field,0.577662110134154,False,12.78979789754126,0.7619727043679638,7.076468588528593,0.0486004184004892,9.649804035802184,-13.59894638782939,0.0004860041840048,145.60509603467455,7.038880813722802,3,field
SIM-FIELD-02357,field,0.8169499252537058,False,12.02867853864326,0.4699479042000613,5.064155056663301,0.0435254589586661,-4.83552540987365,-2.191479726071508,0.0004352545895866,116.34926265734428,5.5512135118634465,3,field
SIM-FIELD-02358,field,1.1771063995487314,True,10.476895157276712,0.6963596369593258,0.6043920454465829,0.0331801402943332,14.510361408543057,-3.782519582211295,0.0003318014029433,18.215475886634703,-0.6165111434865338,1,field
SIM-FIELD-02359,field,1.1120388364828953,False,11.17887137974166,0.250594284187969,4.29713279414195,0.0378615449228895,6.854932039270052,16.65367079275889,0.0003786154492288,113.4959707242185,4.34476525413273,1,field
SIM-FIELD-02360,field,0.6659204943545988,False,10.696735902763518,0.6359242309300701,13.73142909886157,0.03464585039047,-2.56758823503195,-1.6795897803644166,0.0003464585039047,396.3369045384627,6.385314596759194,3,field
SIM-FIELD-02361,field,2.053678981304625,True,2.116149763684677,0.7980532726953754,14.109211296737374,0.02,5.394027435900425,-22.46053470260477,0.0002,705.4605648368687,-2.1363365492049304,3,field
SIM-FIELD-02362,field,0.5212648211107922,False,15.919421676039454,0.8438992267281105,2.214589599162391,0.1355452410349113,-14.933396720053551,-12.257045728973909,0.0031200695301849,16.33837958642898,7.645887955622518,1,field
SIM-FIELD-02363,field,0.8131794232188178,False,12.017273033422349,0.4742333568582411,5.118454445047775,0.0434474563951456,-2.569537106136592,1.1744241321771138,0.0004344745639514,117.80791949007312,5.562967245217674,3,field
SIM-FIELD-02366,field,0.6146100538385677,False,14.65923822818861,0.7072922443393559,2.563546212302209,0.074904991392377,-7.099354794657506,-5.579504937516971,0.0013301663797459,34.223970454432205,6.70344398192529,1,field
SIM-FIELD-02368,field,0.5928872863373567,False,13.340668697948438,0.7368968913704416,5.165115375375679,0.0551088143594108,-7.812435950801121,-9.448248673433742,0.0006702938119803,93.72575758370756,6.9060688328697815,3,field
SIM-FIELD-02369,field,1.460436865793358,True,3.281247828879672,1.0699804324043602,10.514360088403151,0.02,7.57365380715237,-3.0953814867622413,0.0002,525.7180044201575,-1.609837939376269,3,field
SIM-FIELD-02370,field,0.8935163046407905,False,12.331113636359394,0.4029796226154871,3.6893262824988167,0.0455352068643424,-6.67214296222889,-4.107097708438114,0.0004553520686434,81.02140160447685,5.165848965112724,1,field
SIM-FIELD-02371,field,0.5842063571373395,False,12.7841541953224,0.7520120501255675,6.743094695342014,0.0485597180978321,6.751673044640394,-4.700250354682821,0.0004855971809783,138.86189952249853,6.928450488571185,3,field
SIM-FIELD-02372,field,2.4809308551468425,True,2.37412467114594,0.7795586076718246,9.610097104982458,0.02,-9.023105748682378,-10.733952044892362,0.0002,480.5048552491229,-2.7122364488125923,3,field
SIM-FIELD-02373,field,1.5186823809084915,True,6.267540935271106,0.6255625224536203,2.403551872817784,0.0206687947857273,0.818029553253675,4.643499399079486,0.0002066879478572,116.28892239413693,-1.8281915677593714,1,field
SIM-FIELD-02374,field,0.7433857714741988,False,10.934434233218692,0.5452539336702523,9.953700828953162,0.0362321365412685,-11.263049465251315,-10.816060445457586,0.0003623213654126,274.7202284804781,5.924357149894362,3,field
SIM-FIELD-02376,field,0.912900663838714,False,12.820696857924396,0.3870479992218288,2.891174878151977,0.0488049022616011,-10.582035717578144,1.5484176045593565,0.000488049022616,59.23943587992196,5.126068665844297,1,field
SIM-FIELD-02378,field,0.6360186587764929,False,13.186420036361168,0.6764629400374191,4.832329531821106,0.0527916983328565,-8.493681691642623,-3.574394664750653,0.0005930566110952,91.53578468631233,6.607202749041317,3,field
SIM-FIELD-02379,field,0.5450458790257768,False,14.906758150574648,0.8142025648015045,3.0300927016479107,0.078606796751249,-3.808651835506622,-16.50029287746701,0.0014535598917083,38.54746442901917,7.314037727406793,1,field
SIM-FIELD-02380,field,1.3265787108682234,True,7.077103049816625,0.7881868778850697,2.3944563315099296,0.0226928406648609,7.165009504277178,2.9129625649330886,0.0002269284066486,105.51593636391519,-1.026862344787851,1,field
SIM-FIELD-02382,field,0.8234877293990199,False,13.887388313184752,0.4660039668028133,2.182563736695962,0.0632918590522944,-11.443754299958911,7.414220783648061,0.0009430619684098,34.48411485105274,5.582222988798277,1,field
SIM-FIELD-02383,field,0.833664297728325,False,9.574813690627266,0.4562218615104276,14.994218511097952,0.0289373497674604,-2.4088263943722583,-9.16656236846645,0.0002893734976746,518.1614291423024,5.454432868326659,3,field
SIM-FIELD-02384,field,1.191927925571446,True,9.146936032887616,0.6703341051030786,1.21487635916493,0.0278668609666333,9.410069698339756,-9.06901534653834,0.0002786686096663,43.595737626120716,-0.43040356206923747,1,field
SIM-FIELD-02385,field,0.5284742837085167,False,16.510482905879183,0.8398046419994991,1.4745308270573574,0.1707766378735495,12.071496688620604,-12.789411444183616,0.0041476519379785,8.634265467558652,7.35375218835474,1,field
SIM-FIELD-02387,field,0.5587968115792648,False,12.270760513658296,0.7929381903137729,9.622631306665314,0.0451421144817053,10.829188000132143,-10.981490633485132,0.000451421144817,213.16306108268518,7.1872297437572765,3,field
SIM-FIELD-02388,field,0.9131398046061744,False,12.762199226189407,0.3882233559029619,2.852014417981053,0.0484127592221672,-3.069877362269771,-0.9342417660914786,0.0004841275922216,58.91038775321805,5.0379578097073825,1,field
SIM-FIELD-02390,field,2.536227975959616,True,2.1090223189842217,0.615173561202187,5.036102622560768,0.02,-2.3889020891591413,-6.606004037739572,0.0002,251.8051311280384,-4.380504824474299,3,field
SIM-FIELD-02391,field,2.5773245065595973,True,2.169914558385379,0.9188505679934468,12.706728695324957,0.02,3.963090775531259,10.653949596317531,0.0002,635.3364347662479,-2.3099166551828016,3,field
SIM-FIELD-02392,field,0.6471553708135048,False,11.220430615422792,0.6600735787622558,11.479378300905356,0.0381349053967315,3.7499078571321607,3.1721195414404466,0.0003813490539673,301.02023805962403,6.520022456517667,3,field
SIM-FIELD-02394,field,1.0377449794582363,False,10.684151286261187,0.2968217589802076,6.056676000261954,0.0345628916130538,0.1899818902534115,-3.0972822544678844,0.0003456289161305,175.2363797586442,4.595322995536954,3,field
SIM-FIELD-02395,field,0.5480114229015869,False,13.000936065880149,0.8101005856062109,6.938045525382722,0.0500115932384547,3.860705882764613,0.1439677506114878,0.0005003864412818,138.72874419941394,7.207121792010552,3,field
SIM-FIELD-02396,field,1.4116719210018345,True,11.32406504520488,0.624195400072386,0.2955115574445526,0.0388313875866661,-9.563145181259513,-2.4589738198029503,0.0003883138758666,7.610120982285609,-1.323062600853591,1,field
SIM-FIELD-02397,field,0.5065947739203905,False,12.136885935787385,0.8846781516281433,12.52663101033271,0.044244390204688,-4.068227652149864,-3.9120656569525343,0.0004424439020468,283.12359945251154,7.626057360049211,3,field
SIM-FIELD-02399,field,1.3732229957903448,True,6.949271766029323,1.0446468534335267,1.9816271621356971,0.0223730006785063,18.427501415248862,-8.454532018110859,0.000223730006785,88.57225682916295,-1.565618501535944,1,field
SIM-FIELD-02400,field,1.6452497140343747,True,2.744832710943158,1.0055907813816236,10.683723606769815,0.02,10.478874661166495,-9.720308804374532,0.0002,534.1861803384908,-2.111554068652074,3,field
SIM-FIELD-02401,field,0.7063515506851825,False,15.774552440749453,0.5891618796896616,0.9349707890608574,0.1264539738512294,-4.869734526211694,-21.163638659752788,0.0028549075706608,7.393763600982854,5.628542653679672,1,field
SIM-FIELD-02402,field,0.6176861553487086,False,12.123485482471176,0.7010770929916005,8.314490199419899,0.0441520526932484,10.461296084173014,-6.294991642102311,0.0004415205269324,188.31491838410778,6.722663611122998,3,field
SIM-FIELD-02403,field,1.162448892743584,True,5.753902500822346,0.9846589342477629,6.181146257920119,0.02,-2.948165433875836,5.705296504010039,0.0002,309.05731289600595,-0.2907523993578698,3,field
SIM-FIELD-02404,field,2.5221588730580464,True,1.50233632012984,1.059152239521404,8.042370848739829,0.02,4.497965193324283,-8.474015466945888,0.0002,402.11854243699145,-3.9707432030787615,3,field
SIM-FIELD-02405,field,2.198021445744892,True,5.874880401649276,1.0631728594679224,1.498571508199344,0.02,-4.016681140858607,6.004017010275348,0.0002,74.9285754099672,-3.2467322420711184,1,field
SIM-FIELD-02406,field,0.9092155390624824,False,10.11219683710439,0.3905761846725103,9.968147312982158,0.0307481852918285,-6.265676799442815,-7.144810320370315,0.0003074818529182,324.1865241273685,5.105269074742525,3,field
SIM-FIELD-02407,field,0.9382219782577724,False,13.632901849660096,0.3696842610812885,1.8362051513503412,0.059501899466596,-4.504817783222804,-6.891755389000739,0.0008167299822198,30.859605622862098,4.952507856867639,1,field
SIM-FIELD-02408,field,0.5656472289150511,False,12.182307240309688,0.78004642851248,9.651848314013789,0.0445474371457208,4.4150479255376105,-6.078822089140413,0.0004454743714572,216.66450266131505,7.105359680455074,3,field
SIM-FIELD-02410,field,1.5839149465373032,True,10.26056550067938,0.7093214464082012,0.3166987654318539,0.031739598764445,-3.6986679807833,3.189286244109351,0.0003173959876444,9.978033048943985,-2.2362026473675733,1,field
SIM-FIELD-02411,field,1.1539872903912476,True,3.809538421065895,0.6170506976339127,12.191343003099243,0.02,-7.25709352625719,10.317612664297837,0.0002,609.5671501549622,-0.7602038274180813,3,field
SIM-FIELD-02412,field,1.1563625643812876,True,5.224690756410097,0.9669252737377602,12.39741447760712,0.02,-1.050464916805691,1.7711216910610168,0.0002,619.870723880356,0.691346361580174,3,field
SIM-FIELD-02413,field,2.9875494072867705,True,5.114958790387149,1.0219273283921622,1.166641718936098,0.02,-2.61281831744561,1.4753853645400352,0.0002,58.3320859468049,-4.550353696220784,1,field
SIM-FIELD-02414,field,0.5602951122736055,False,11.778334472950776,0.7898770265494557,11.87515402045841,0.0418538972348137,2.531267398578238,-9.47276571370615,0.0004185389723481,283.7287518014156,7.151530728562204,3,field
SIM-FIELD-02415,field,1.503539431241073,True,9.993560746177566,0.6676230934585563,0.3496495743170426,0.029984730791732,-17.458985921280856,-20.489435231575392,0.0002998473079173,11.660920911567933,-2.288274234611558,1,field
SIM-FIELD-02416,field,0.7878640020529251,False,12.512920696210337,0.4989060389920899,4.374438983424207,0.0467473836402127,-7.303882585811857,-3.740475535822032,0.0004674738364021,93.57612432583838,5.717532512114985,1,field
SIM-FIELD-02417,field,1.4818817495715686,True,7.158780989695117,0.6082610273479572,1.7686209593173534,0.022897076560215,-1.4538843913006092,0.6642152782464292,0.0002289707656021,77.2422171304801,-1.603045173385805,1,field
SIM-FIELD-02418,field,1.6736123778879135,True,4.070733735997695,0.6074586654264758,4.26329638200562,0.02,1.078017664630457,2.102375465428937,0.0002,213.16481910028102,-2.7805386359586404,1,field
SIM-FIELD-02420,field,1.0588773909294669,False,10.956748902603012,0.2838099658798813,5.159455551970091,0.0363776516303393,8.088562277764836,8.239137538627816,0.0003637765163033,141.83036344399585,4.519768279682589,3,field
SIM-FIELD-02421,field,0.8562538450707455,False,13.797910761439791,0.4377301717597542,2.018963419153604,0.0619839545446265,-1.8825568147781115,-25.37505024651761,0.0008994651514875,32.57235576507165,5.323553012414411,1,field
SIM-FIELD-02422,field,0.5523369059608946,False,14.85769575745308,0.8039663058797923,2.8926664233608053,0.0778680479395581,13.93787146982848,-0.5087893501910739,0.0014289349313186,37.14831050607715,7.164187530175427,1,field
SIM-FIELD-02423,field,0.7196390252382067,False,16.232399930341682,0.5741130793176443,0.9187275022258692,0.1538568098755922,-22.530913450377383,-10.646454093360203,0.0036541569547047,5.971315166151875,6.048333516496594,1,field
SIM-FIELD-02424,field,0.6267329517322862,False,10.929422554287456,0.6885446173312236,13.992186096923511,0.0361890706264945,3.274778275088894,-15.756374746031996,0.0003618907062649,386.6412111362607,6.658850417547331,3,field
SIM-FIELD-02425,field,0.5601403741200981,False,12.18854456786096,0.789158938994982,9.822518027023294,0.0445854468017918,-18.56961380786583,10.518891119360704,0.0004458544680179,220.3077176884666,7.1496587405332,3,field
SIM-FIELD-02426,field,0.524735071161023,False,12.702776534335865,0.8492249934959951,8.900328654770146,0.0480120565041145,-0.0697455064562842,10.648429789389857,0.0004801205650411,185.376951183239,7.449806753132229,3,field
SIM-FIELD-02427,field,2.081619847345454,True,5.5619464166568005,0.5930271024496058,1.4680405609226022,0.02,-0.4405092356576742,-11.590223940743847,0.0002,73.40202804613011,-3.6043633083669366,1,field
SIM-FIELD-02428,field,0.6559491964632852,False,13.42302499409086,0.6500527543082587,3.973903758436205,0.0563375119124369,0.6851711616126617,-5.959862442137642,0.0007112503970812,70.53743808588284,6.419111719023993,1,field
SIM-FIELD-02429,field,1.057102765219962,False,10.001731580703284,0.2843372416860206,8.040620802749666,0.0300146135339971,1.6090589276306169,3.1898998322995444,0.0003001461353399,267.8901993404705,4.528179486634688,3,field
SIM-FIELD-02430,field,1.645869385861983,True,9.005909285955108,0.6226265448951325,0.6941404374439321,0.0275146821118695,-1.4862479613388715,-5.462303675603483,0.0002751468211186,25.228001349304645,-1.7868539883072767,1,field
SIM-FIELD-02431,field,1.1878029150605227,True,9.177901410989596,0.9648093392807964,0.8078644532962769,0.0279440395310586,-1.6264733279345231,7.276257057227382,0.0002794403953105,28.910081250005756,-1.2854060928334867,1,field
SIM-FIELD-02432,field,0.8201866741949371,False,10.774344075718602,0.4685705813924551,8.869371424104743,0.0351628964724131,-0.4513941002013362,4.6386180246751865,0.0003516289647241,252.2366560747682,5.513808287213262,3,field
SIM-FIELD-02433,field,1.182680674055021,True,3.5185181565553774,0.985788715433561,11.37361043134667,0.02,-2.8994365008704275,-13.37920629574112,0.0002,568.6805215673335,-1.2019900998151432,3,field
SIM-FIELD-02435,field,0.7340564302976726,False,11.67716006843305,0.5554656439194444,7.227258286944547,0.0411794231934837,5.2245702018024405,-7.264843225319556,0.0004117942319348,175.50654493111503,5.972027947246779,3,field
SIM-FIELD-02436,field,0.8920608753212568,False,11.385601783487967,0.4043061541155703,5.686157556250223,0.0392382624744288,11.501573672963964,-1.2476962491781016,0.0003923826247442,144.9135919297099,5.159696229853873,3,field
SIM-FIELD-02437,field,1.2367980275453152,True,10.566491868594555,0.7854166050127397,0.4367135005117644,0.0337783376651758,2.1681828861411843,-8.750283186952009,0.0003377833766517,12.928803804397978,-1.2325250421086356,1,field
SIM-FIELD-02438,field,0.8919324448121584,False,10.945533433968166,0.4037057115905981,7.086075148822293,0.0362998593942809,4.628165438920802,1.4092398430277802,0.0003629985939428,195.20943791696104,5.1975622028459885,3,field
SIM-FIELD-02440,field,1.1288821492535657,False,11.912456867476989,0.2411063495146307,2.98271592895111,0.042748420449954,-12.131174933226731,-12.727489473536217,0.0004274842044995,69.7737108776453,4.285516335152776,1,field
SIM-FIELD-02441,field,1.1370093846342124,True,11.670202569098372,0.702841176076389,0.2696061072607715,0.0411395424821202,10.677077370254931,-11.530174374758552,0.0004113954248212,6.553454195022853,-1.1761488016814496,1,field
SIM-FIELD-02442,field,0.6066009161582465,False,15.84780305416536,0.7129195886160257,1.7100561377800183,0.1306398167453674,17.93072011407482,-3.879487624770179,0.0029769946550732,13.089854076518815,7.012854892465031,1,field
SIM-FIELD-02443,field,1.2907738182230368,True,9.755573232272411,0.6243321224782129,0.6646255556952472,0.029389760155231,-7.739400495334182,-19.380236733786308,0.0002938976015523,22.614187805032238,-1.131541585541628,1,field
SIM-FIELD-02444,field,0.5377741507118377,False,15.203291490819128,0.827982057656951,2.661319512258673,0.0922806659753381,-8.184249007724747,-6.420481265929342,0.0018581860909473,28.839405135739998,7.3287765815030745,1,field
SIM-FIELD-02446,field,0.7070365242478691,False,12.097498723791864,0.5863435676412992,6.44601429379154,0.0439897686008199,5.372678773009839,-10.23240284076909,0.0004398976860081,146.53439876633942,6.1439550448362645,3,field
SIM-FIELD-02447,field,0.5527261953502073,False,11.516705998373714,0.8011777404755434,13.781491741162116,0.0401150244344482,-4.276894785678788,4.280409750143184,0.0004011502443444,343.5493792028569,7.2131871442474225,3,field
SIM-FIELD-02449,field,0.5916027744604552,False,15.453522929967448,0.7367371590180185,1.8761612714294955,0.1069855372704724,3.518029224523171,0.253406351371289,0.0022870781703887,17.536587835104594,6.8198737640462355,1,field
SIM-FIELD-02450,field,0.6650127877906398,False,16.490511665991804,0.6487802018965179,0.8958163742114281,0.1694371376172666,-11.210579543194164,-3.233005353903593,0.0041085831805036,5.287013147229533,6.251606648233501,1,field
SIM-FIELD-02451,field,0.9439323453914732,False,11.28286170056584,0.3624835658491128,5.450982503109033,0.0385472268168952,2.0964347736914712,0.5768384758317193,0.0003854722681689,141.41049702490852,4.965235640592976,3,field
SIM-FIELD-02452,field,1.0779891401751402,False,10.65364099173471,0.2723401875993974,5.732885278167758,0.0343587874723849,-4.34057729826611,1.1691618472039675,0.0003435878747238,166.8535387861238,4.4455072473051,3,field
SIM-FIELD-02453,field,0.7585688439310563,False,12.99466031857158,0.5298755641878089,3.634376826836172,0.0499664754321649,4.608149065695615,-10.452179271938345,0.0004996647543216,72.73630560094732,5.796810092115127,1,field
SIM-FIELD-02454,field,1.711641373916889,True,9.487190246415167,0.9944807642059784,0.7647233443484769,0.0287173448465673,-6.52915901379491,-0.3423566642053429,0.0002871734484656,26.629319264517147,-1.0952880141153916,1,field
SIM-FIELD-02455,field,0.63504718907895,False,12.68355434722202,0.6768630693413499,5.990367067106727,0.0478861745737235,-23.037533313004698,8.21217729148712,0.0004788617457372,125.09596183934498,6.570821522886989,3,field
SIM-FIELD-02456,field,2.419652971430353,True,4.028920988951148,0.5948308912709431,2.8497806712598552,0.02,-5.7809526331476215,1.6050869911556842,0.0002,142.48903356299274,-3.6970218284220557,1,field
SIM-FIELD-02457,field,0.551979008160192,False,13.566559923523366,0.8014548512735001,5.380794613059252,0.0585122383967076,4.032407173342132,3.729158925393056,0.0007837412798902,91.96015672102577,7.220791999424513,3,field
SIM-FIELD-02458,field,0.6887281018819206,False,16.71636542035942,0.6088569233509309,1.064996037388818,0.183013445949941,-13.818334317153251,-7.561451069043716,0.0045045588402066,5.819222909338161,6.8531053796868555,1,field
SIM-FIELD-02459,field,0.6807507396329339,False,12.88091047376493,0.616500593245974,4.842431607628402,0.0492055255366281,9.956142015751103,-6.2243132414665725,0.0004920552553662,98.41235419838661,6.306227952017171,3,field
SIM-FIELD-02460,field,1.845150289874992,True,6.905537541557933,1.004035511645162,1.224945962690816,0.0222637605270172,-7.019446219022583,-11.47958333066116,0.0002226376052701,55.019724147874165,-2.6538778052365526,1,field
SIM-FIELD-02461,field,0.9404827668186372,False,13.56493511547771,0.3664330275760579,2.015859213313453,0.0584677032201095,5.689719138169643,-9.665551593413248,0.0007822567740036,34.47816661661022,5.087236104999565,1,field
SIM-FIELD-02462,field,1.3390166576359075,True,8.3860482696792,0.7043297476379689,2.330187871497269,0.0259645542721342,2.059739540494271,-15.353917696997362,0.0002596455427213,89.74495949649649,0.2230029569237182,1,field
SIM-FIELD-02463,field,0.5694290262749298,False,14.11026423214523,0.7754711376737767,3.9623857533682862,0.0666394304774111,7.115250692037483,-1.6869467706895445,0.0010546476825803,59.46007828970603,7.100047999571409,1,field
SIM-FIELD-02464,field,0.5572026816672577,False,16.77077908315854,0.8042603570082918,1.1668666607438416,0.1860860330077872,-4.427582058656633,-3.6358442836533382,0.0045941759627271,6.270576259181211,7.105885240798923,1,field
SIM-FIELD-02465,field,0.5330839276260942,False,15.065260736967696,0.8377678214556934,2.8165667819969418,0.0840010395444383,-0.8295552656462741,-11.609154693892185,0.0016166969867127,33.530141975289716,7.3138610019698,1,field
SIM-FIELD-02466,field,1.7507262957541894,True,9.594910560915372,1.0367800230898692,0.5262084422050096,0.028986036910243,-13.897628252460075,0.3470769323569285,0.0002898603691024,18.153859523274797,-1.7993003821222242,1,field
SIM-FIELD-02467,field,0.7210405079303729,False,13.013754370538766,0.5700797494650829,4.01305794221241,0.0502178768749574,-12.57140522594636,-16.084508631319153,0.0005072625624985,79.91293523230644,6.031131522062999,1,field
SIM-FIELD-02468,field,0.9926743731814798,False,10.445469309413332,0.3274192448471915,7.350302382602808,0.0329723450633113,1.2987163217458777,-1.157504185184277,0.0003297234506331,222.92325184906463,4.7769953384360395,3,field
SIM-FIELD-02469,field,1.4102843022791227,True,10.206141018452504,0.6984703912649929,0.3344011458904597,0.0313749921026945,-17.863677678639732,-4.412496351068119,0.0003137499210269,10.658206535827022,-2.172520196727989,1,field
SIM-FIELD-02470,field,2.8165322930834646,True,1.614027214033306,0.908591363214747,8.441635409452568,0.02,9.785403527949866,-2.058832488682377,0.0002,422.08177047262836,-3.753839829794769,3,field
SIM-FIELD-02472,field,1.767923776738212,True,2.5199951054062995,0.8723592038726078,10.660629856278884,0.02,-1.464157895089277,-9.972285032640055,0.0002,533.0314928139442,-2.3410905714104677,3,field
SIM-FIELD-02473,field,0.9376245409662196,False,9.501442702195911,0.3688886926346797,12.500029100156873,0.028753283668784,-5.329643421242612,-13.85330633422118,0.0002875328366878,434.7339679233759,4.985997822445331,3,field
SIM-FIELD-02474,field,0.5682683279798425,False,17.035832255782566,0.7670226720561616,1.1096652287850874,0.2104320022890762,9.009158485773108,-10.150710391748856,0.0053129600686722,5.273272205340279,7.261792144219738,1,field
SIM-FIELD-02475,field,1.1716594722795717,True,11.144816420639232,0.8794475544978088,0.4134468709896778,0.0376327155997194,4.040118351344549,-7.719743911496046,0.0003763271559971,10.986368227775742,-0.7730850319065734,1,field
SIM-FIELD-02476,field,0.7159386551762241,False,10.783716371235064,0.5757552207296572,11.458886539834648,0.0352272818177389,-0.0059744092924001,-18.18101491655959,0.0003522728181773,325.284437190509,6.079428467638385,3,field
SIM-FIELD-02477,field,0.5267575899094274,False,16.103809437850764,0.8379500642127402,1.8392958182252397,0.1463165980454961,12.00667405179198,6.086759161283016,0.0034342341096603,12.570657347113304,7.4270673550881074,1,field
SIM-FIELD-02478,field,1.2350633826343826,True,8.84182008410125,0.7896403576840844,2.054039447015057,0.0271050339973607,4.423761519782654,7.68212546380843,0.0002710503399736,75.7807367891538,0.4048639830766394,1,field
SIM-FIELD-02479,field,0.5629999901727613,False,14.464199776930418,0.7825569097486733,3.4303065973163047,0.0720065061277887,14.87409791136679,6.727921906666541,0.0012335502042596,47.63884240166575,7.140864469814673,1,field
SIM-FIELD-02480,field,2.784731710418238,True,5.171217733835944,1.0514482900183646,1.3462897726095648,0.02,4.3644266683025545,-10.48609577978347,0.0002,67.31448863047824,-4.183089533214293,1,field
SIM-FIELD-02481,field,0.7315769839281921,False,14.17297805087878,0.5580939388871742,2.3028650490760354,0.0676016927895347,-1.3532270777439972,-3.3594182197165496,0.0010867230929844,34.06519798617436,5.984320493286045,1,field
SIM-FIELD-02482,field,0.6636182396267587,False,13.8183850362654,0.6357598860443263,3.301496384192049,0.0622804296240936,1.0887455955989354,-2.81906894845426,0.0009093476541364,53.01017356686382,6.411939166109274,1,field
SIM-FIELD-02483,field,0.7488006980774773,False,14.761084631330338,0.5378966266626432,1.5902341190710425,0.0764356860207689,-6.506257165626085,-3.3486866462168603,0.0013811895340256,20.804864872135095,5.768389967195883,1,field
SIM-FIELD-02484,field,1.2219721488766289,True,6.292663529504411,1.000464607961293,3.1649847402129208,0.0207312304826071,5.167642932570736,-12.03454498640918,0.000207312304826,152.66748121237913,-1.2054783683295103,1,field
SIM-FIELD-02485,field,1.149155798430112,True,5.473490023394341,0.6010386677649757,5.147142438324057,0.02,-0.8810678136652847,7.480275477084098,0.0002,257.35712191620286,-0.9686790427550402,3,field
SIM-FIELD-02486,field,0.5639133472498813,False,12.467105437592096,0.783819769659869,8.559311015785893,0.0464461386941182,-0.396481238946425,10.964444865262562,0.0004644613869411,184.2846629760811,7.12929947471328,3,field
SIM-FIELD-02487,field,1.1226864408728383,False,9.789006637509717,0.2434849012645243,8.033145114374303,0.0294736880170466,-7.306318468611669,3.647536388545439,0.0002947368801704,272.5531026089507,4.313434699142853,3,field
SIM-FIELD-02488,field,0.5327417066894532,False,13.732039663616453,0.8340509249651797,5.339804318925135,0.0609790763226184,4.628924232479201,-3.711910977833173,0.0008659692107539,87.56781245216224,7.369666375006291,3,field
SIM-FIELD-02489,field,0.6697745034844057,False,13.290563923634798,0.6317492971792417,4.11689637422162,0.0543488825295949,5.09246779268581,2.403264327568324,0.0006449627509864,75.74942082718671,6.363413601505243,1,field
SIM-FIELD-02491,field,0.7213555470059447,False,15.61227276452011,0.5635175950302539,1.2277662818289632,0.1164016376459157,16.961834632244372,-1.5105219208502014,0.0025617144313392,10.547671894133725,6.05785127536824,1,field
SIM-FIELD-02492,field,0.6466951995535919,False,15.9453963842159,0.658351270919063,1.3102402266157922,0.1368380467332582,8.946123238270507,-8.476491521917668,0.0031577763630533,9.575116408741758,6.532151028635663,1,field
SIM-FIELD-02494,field,0.7336952472932944,False,12.027209696002496,0.5548363745753675,6.13155573440503,0.0435184627182275,-2.606063965155651,-2.936177407259476,0.0004351846271822,140.89550391762475,5.9650630972614636,3,field
SIM-FIELD-02495,field,0.5662230187972911,False,14.5349439644998,0.7777507868071757,3.1931536891411785,0.0730211711869073,-4.572757477319884,-4.0062191857683045,0.0012673723728969,43.7291491938397,7.056043074484274,1,field
SIM-FIELD-02496,field,0.8669392070695535,False,12.222968756777211,0.4259586130073929,4.149808568939643,0.0448230997835477,4.9610448739729724,3.047742072498735,0.0004482309978354,92.58191845229831,5.313109072421147,1,field
SIM-FIELD-02498,field,1.5485547451851256,True,4.999869169921348,0.6922292439109756,5.450280004603265,0.02,-10.17365407560184,-14.183376265295244,0.0002,272.5140002301632,-1.318036757841881,3,field
SIM-FIELD-02500,field,1.1787015027523602,True,8.399703613910408,0.6951932830849819,1.2846683805196546,0.0259998734620106,-13.082774854212069,-15.376383301557055,0.0002599987346201,49.41056280126641,-1.0563412111665027,1,field
SIM-FIELD-02501,field,1.327429115300364,True,4.250074683574058,0.9666665986534074,7.759698188571837,0.02,21.54349307942861,-1.818422720590004,0.0002,387.98490942859183,-1.3007011673430258,3,field
SIM-FIELD-02502,field,1.030907170620275,False,9.801337199851403,0.301760574843696,9.214438383581,0.029503392713973,3.187781202755346,-1.959741698448081,0.0002950339271397,312.31792468453915,4.623681551265182,3,field
SIM-FIELD-02503,field,0.7677885646063559,False,10.304295101215114,0.5193388865943068,12.4902447094843,0.0320287543260187,3.964100291754245,-12.052594125072684,0.0003202875432601,389.9697310219085,5.7871498370960435,3,field
SIM-FIELD-02504,field,1.093118305969886,False,13.42275945919157,0.2618128601462459,1.548702743288266,0.056319390969801,10.764424600910536,-11.425088879801647,0.00071064636566,27.49857050334041,4.3725997973801025,1,field
SIM-FIELD-02505,field,0.5683594614048053,False,15.679357850363788,0.7785684140152047,1.8945383359096173,0.1210447668335206,-9.648369745956677,-7.705285618908423,0.0026971390326443,15.651550954823831,7.066874838523249,1,field
SIM-FIELD-02506,field,1.4416572273070547,True,4.559950272957324,0.9829375958276552,5.244814580934305,0.02,7.105755039864763,10.465579764381534,0.0002,262.2407290467152,-1.8413990307441468,3,field
SIM-FIELD-02507,field,0.613786206903844,False,12.469174908389844,0.7062163840931293,7.109761399917869,0.0464685064061845,-9.702116585369533,1.7443279077237002,0.0004646850640618,153.00171986960248,6.728450039719551,3,field
SIM-FIELD-02508,field,0.813462917873691,False,15.540101705308244,0.4788655869733505,1.0113653570453351,0.1124414421935833,8.983674338691513,-5.04804810634761,0.0024462087306461,8.994596096554254,5.564642072209491,1,field
SIM-FIELD-02509,field,0.5687259144145397,False,16.269292506636035,0.7845624281326856,1.3349168012176262,0.1565542147482113,-12.43490493637051,5.333713262542354,0.0037328312634894,8.52686593819652,6.896563502187503,1,field
SIM-FIELD-02511,field,1.1682909909376775,True,3.716932135368354,0.702242840612023,11.873272758703736,0.02,2.86872567657096,-9.2369637505775,0.0002,593.6636379351868,-0.9102156409042568,3,field
SIM-FIELD-02512,field,0.5083735678313661,False,16.28282212037191,0.8734553082834491,1.844000060407272,0.157199203305171,5.172623078082945,4.537199130503118,0.0037516434297341,11.73033973224096,7.611626775094846,1,field
SIM-FIELD-02513,field,0.5297073340454617,False,15.586872268459777,0.8394360012363031,2.3669597494980064,0.1151159149187793,18.84908801439677,-1.3145121302590268,0.002524214185131,20.561533573946125,7.457826632208404,1,field
SIM-FIELD-02514,field,1.1401336156063324,True,4.965039679289037,1.076148822644398,6.480325138506015,0.02,8.268255393411433,6.324151764823627,0.0002,324.01625692530075,-0.9769763389532251,3,field
SIM-FIELD-02515,field,0.5118472074871864,False,11.706004189062105,0.8733639612260975,14.877984076655515,0.0413766472137852,14.063843049828968,-6.214343148760581,0.0004137664721378,359.57442370291204,7.568724636880251,3,field
SIM-FIELD-02517,field,0.5222775411579273,False,14.06136980397666,0.8559103542607734,4.876812702181253,0.0659066277524077,-1.6013736752336702,-19.37640672164959,0.0010302209250802,73.99578568185949,7.502050186434037,3,field
SIM-FIELD-02518,field,1.4916743865975248,True,10.491622142577349,0.8320712962936572,0.3614677092156679,0.0332766873825233,-9.11283970023058,4.399843298240145,0.0003327668738252,10.86249075998798,-1.7180303234859338,1,field
SIM-FIELD-02519,field,1.6008722475006676,True,6.393760101432218,0.8895978156025489,1.895211288063099,0.0209840572274364,-5.29807021766685,-18.958170063995038,0.0002098405722743,90.31672319236402,-2.2179517264544657,1,field
SIM-FIELD-02520,field,1.038922914545037,False,10.234237328333254,0.2965696225773681,7.43606890212833,0.0315620074571209,12.002503975219838,0.6597421211625892,0.0003156200745712,235.6018992844713,4.5909543546471685,3,field
SIM-FIELD-02521,field,0.5006374923250745,False,16.972408764203486,0.8965393225768493,1.470795854336926,0.1981771793925661,-8.652824910109356,1.6749485301159672,0.0049468343989498,7.42162068733176,7.810170749569123,1,field
SIM-FIELD-02522,field,0.8433596067138672,False,10.180484242884573,0.4458938703112075,11.080078976825943,0.0312016208229729,7.187040061770096,-7.472689767360923,0.0003120162082297,355.112288547138,5.403198522769673,3,field
SIM-FIELD-02524,field,2.424323668073116,True,2.751430098533734,0.9030897957264188,4.497963978821716,0.02,8.242033549434083,-2.6221748643554976,0.0002,224.89819894108578,-3.9834900357654455,1,field
SIM-FIELD-02526,field,0.6161416760107064,False,16.81097050694759,0.6932564693574079,1.0638503469007654,0.1886572329210858,-7.332462179551797,5.715062908420226,0.0046691692935316,5.639064722982382,6.945373204607678,1,field
SIM-FIELD-02527,field,1.2863531242164314,True,3.073614507249758,0.9684703743715164,12.867713862543498,0.02,4.213835314307062,-10.57413562394091,0.0002,643.3856931271749,-1.3788785177756182,3,field
SIM-FIELD-02528,field,0.7239681804350402,False,14.786564262663608,0.5611994806857511,1.762265190710805,0.0767921724568228,15.180322407210872,9.326232884815129,0.0013930724152274,22.948500274577555,6.016920577017361,1,field
SIM-FIELD-02529,field,0.7191648912435081,False,14.388354410215223,0.5680029865805255,2.236441762982797,0.0708082833503733,-19.836418168374443,3.1527069628691167,0.0011936094450124,31.58446522303674,6.136142378281711,1,field
SIM-FIELD-02530,field,1.084810289991842,False,12.848860873990484,0.2661048172843016,2.120953237777554,0.0489925289026624,-11.579269432393824,2.192876221982436,0.0004899252890266,43.29136064789453,4.481516341045127,1,field
SIM-FIELD-02531,field,1.3557465550772705,True,2.772805581814477,0.7717856943769057,14.01800465172616,0.02,-8.942454841180064,-0.8172558043479823,0.0002,700.900232586308,-1.4937634193676885,3,field
SIM-FIELD-02532,field,2.77485088843268,True,4.440951408442499,0.6733595768148499,1.9514994261493208,0.02,-1.303554718529192,-0.6680016679770308,0.0002,97.57497130746604,-4.107206452006189,1,field
SIM-FIELD-02533,field,0.5358406368697775,False,15.71779569066759,0.8362297934824213,1.981690447282346,0.1228014355456399,-15.00896150896125,-2.498397414326825,0.0027483752034144,16.13735571149605,7.202974770030041,1,field
SIM-FIELD-02534,field,2.3960470253002595,True,1.948711739010956,0.5777340582883732,5.903948655815362,0.02,4.15126265886371,-1.1791859752108125,0.0002,295.19743279076806,-4.195575401223929,3,field
SIM-FIELD-02535,field,1.3472289375334947,True,7.739276145664467,1.0710220717352217,1.5140348455314527,0.0243477681895512,0.4277690822935277,-8.81406885487433,0.0002434776818955,62.18372188138369,-1.360044501474702,1,field
SIM-FIELD-02536,field,1.3397678346172224,True,8.261656815785402,0.6843908564895357,0.9604425349019726,0.0256549026761267,11.71995661745285,-8.724932964855688,0.0002565490267612,37.43699779441055,-1.8259862576511576,1,field
SIM-FIELD-02537,field,0.8709935907711976,False,15.97519973147067,0.4250955766137807,0.8585719501127297,0.1383917304129988,-6.840635244412156,-5.499161085559835,0.0032030921370458,6.203925245753601,5.644083210478875,1,field
SIM-FIELD-02538,field,0.587855143739341,False,11.712071977520212,0.7454351575105053,11.054752162437625,0.0414129064308365,9.417447819553274,-9.106322054589056,0.0004141290643083,266.9397807396135,6.929817030188731,3,field
SIM-FIELD-02540,field,0.5487258738925594,False,15.560863904199495,0.8080493154314716,2.044511089166014,0.1135584210048894,3.001461397244257,-12.710186350243204,0.0024787872793092,18.004046472942637,7.113811256471147,1,field
SIM-FIELD-02542,field,0.8344840035347488,False,9.578431985140488,0.4558940998274456,14.89798195449777,0.0289460383627422,0.6900894193601662,-5.125339126485622,0.0002894603836274,514.6812067268472,5.444069204590292,3,field
SIM-FIELD-02543,field,0.6682891495072611,False,12.52219854652238,0.6335641064581898,5.920782591634454,0.0468166114268823,4.632752832691326,3.5016122295910828,0.0004681661142688,126.46755950890362,6.384094117945748,3,field
SIM-FIELD-02544,field,0.9554267659250424,False,13.988219203281975,0.3552899699375682,1.586899692855118,0.0648020776046067,-14.30932767418347,-0.1382041885926979,0.0009934025868202,24.488407648558283,4.9909665836967925,1,field
SIM-FIELD-02546,field,0.7505472179670043,False,12.474656341845275,0.537846520757652,4.885686256071091,0.0464990813291096,-3.6670118577718336,-15.458186047450884,0.000464990813291,105.07059744882591,5.919284214148231,3,field
SIM-FIELD-02548,field,0.7393984916566865,False,11.00166009553462,0.5505314277093668,9.679033049650055,0.0366797440323091,-19.03656247605193,0.4072771462796,0.000366797440323,263.879514565978,5.9308199594645306,3,field
SIM-FIELD-02549,field,1.4081763671106438,True,3.388483750775436,0.6233384503157763,8.280512227698578,0.02,-2.6245422326080186,3.3732635286237067,0.0002,414.0256113849289,-2.0212302351176294,3,field
SIM-FIELD-02550,field,1.0103790583360208,False,12.643264260471028,0.3159145078592689,2.6330328876150166,0.0476187531553952,2.6308141235524043,-10.644540867767391,0.0004761875315539,55.29403256365384,4.745545678714102,1,field
SIM-FIELD-02551,field,1.0132509140035375,False,8.903321576585906,0.3137940273187559,14.385471183133426,0.0272583585871829,3.750830789746053,3.383636940758693,0.0002725835858718,527.7453202885661,4.69294203350265,3,field
SIM-FIELD-02552,field,0.7942714267170053,False,12.841676583870305,0.4919447586507417,3.660276019746899,0.048943431182907,5.135290763755514,-6.757501555861651,0.000489434311829,74.78584830041939,5.659245766761817,1,field
SIM-FIELD-02554,field,0.5064665861979474,False,13.0748017124292,0.8857164169674089,8.02913666635565,0.0511291571809103,1.166748975054238,-10.515382574683732,0.000537638572697,157.03635868563518,7.598145963607884,3,field
SIM-FIELD-02555,field,0.8794628529606789,False,9.836011089035198,0.4157268824489933,12.052122670613928,0.0295897181434833,3.1886726168686743,-6.179710677306815,0.0002958971814348,407.3077888803152,5.241328806140864,3,field
SIM-FIELD-02556,field,0.5276775264705142,False,16.439197491317444,0.8630294309108417,1.6554810313394837,0.1664544626675017,-5.41352394551244,1.34680145536351,0.0040215884944688,9.945549099794109,7.533818535961181,1,field
SIM-FIELD-02557,field,0.8251502380364266,False,16.005031023646723,0.4577448976812754,0.7737418549721963,0.1402370613944701,-1.0843193001787357,2.9858483558343023,0.003256914290672,5.5173849714074725,5.448011475246407,1,field
SIM-FIELD-02559,field,0.6487320723251448,False,14.322131888356976,0.6586560226999191,2.749302560508124,0.0698145459048126,2.2851662499403886,-4.126299281004565,0.0011604848634937,39.380082257594445,6.518244571074783,1,field
SIM-FIELD-02560,field,0.5903374908473654,False,13.001568096271953,0.7424301763514396,6.059010152743641,0.0500189626000727,9.887967862492948,-7.561640016725409,0.000500632086669,121.13426264332068,6.913576497372233,3,field
SIM-FIELD-02561,field,0.6317340347691877,False,11.964511331724898,0.682069955315793,8.537804795407585,0.0430953199976055,-11.12228342954412,-8.402835250740267,0.000430953199976,198.1144308913815,6.6212424370474015,3,field
SIM-FIELD-02562,field,1.1866441856131569,True,9.494339632085108,0.801204766664119,1.603980488319997,0.0287371559457997,6.090960585087595,-4.035847910915606,0.0002873715594579,55.81556126657827,0.5203350370300157,1,field
SIM-FIELD-02563,field,0.8677822130570391,False,12.772047675601264,0.42623522171457,3.2131214275643183,0.0484815686464295,-11.113608968336472,-5.168117354886802,0.0004848156864642,66.27511273402152,5.306683367356143,1,field
SIM-FIELD-02564,field,2.241775705727791,True,2.9433665494422523,0.8802499117319696,5.350165089410143,0.02,-3.142986881317228,-22.088386986968597,0.0002,267.50825447050715,-3.414797534550992,3,field
SIM-FIELD-02565,field,0.519246961473401,False,15.670508958359706,0.8587321777840738,2.179565160178551,0.120266048382263,-11.928350669885855,-13.147836664026194,0.0026744264111493,18.12286334752474,7.362358244336688,1,field
SIM-FIELD-02566,field,0.5334172687469737,False,12.013003700863186,0.8356452868153502,11.767219112316278,0.0434242757884149,1.743995560984958,-11.825988497233316,0.0004342427578841,270.98250687362383,7.366372902560274,3,field
SIM-FIELD-02567,field,0.5292949720092325,False,14.957309666417716,0.8447913219869913,3.147161839593002,0.0793786106585185,-4.347662747924078,-13.7716017028495,0.0014792870219506,39.647479509711786,7.446905049612621,1,field
SIM-FIELD-02568,field,0.5634366355568673,False,13.9520691767264,0.7835853675463716,4.3089687471152285,0.0642759937286328,0.971604078729116,-4.3850991400541375,0.000975866457621,67.03853954101884,7.123935897569002,1,field
SIM-FIELD-02569,field,0.795795780695795,False,9.80507138115352,0.4924405840374253,14.690212335712602,0.0295123114523368,-1.4245705886746187,-4.357405437939019,0.0002951231145233,497.76556334591754,5.640211747293989,3,field
SIM-FIELD-02571,field,0.7297119498398278,False,12.225510186782754,0.5606425963440549,5.621424772662207,0.0448369889894569,-1.6945270612403247,3.185477682565882,0.0004483698898945,125.37471626348606,5.974742202780687,3,field
SIM-FIELD-02572,field,0.6166409682159318,False,11.346812876891196,0.7040781365045082,11.870595113938284,0.038977808477768,-2.77874362822982,2.2409188361361703,0.0003897780847776,304.54752531069016,6.719175337806012,3,field
SIM-FIELD-02573,field,1.0417610121620653,False,10.798744397166942,0.294003238577708,5.69199756343746,0.0353287197006187,-1.3924582666907075,-6.512275078754708,0.0003532871970061,161.11530821587564,4.575067924690321,3,field
SIM-FIELD-02574,field,1.321488943905968,True,8.226767646588826,0.5716513376385851,1.3314213724365498,0.0255674226695643,4.710013368380829,-27.848507899001383,0.0002556742266956,52.07491539698627,-1.1516547328266817,1,field
SIM-FIELD-02575,field,2.369662100889877,True,1.6647774357059095,0.8736108632168613,8.31430044371243,0.02,8.059827382648372,-9.145855858426849,0.0002,415.7150221856215,-3.7360939941810916,3,field
SIM-FIELD-02577,field,1.6529292490008745,True,5.226502689123628,0.8527175435392587,3.854114159146,0.02,9.55539904812032,12.37723996472218,0.0002,192.7057079573,-1.843874439153491,1,field
SIM-FIELD-02578,field,0.5459754688349636,False,15.351295015142847,0.8132762364247625,2.2394263482542014,0.1011802257154306,-8.575945636852095,-10.976576253278004,0.0021177565833667,22.133043610246418,7.101978933389372,1,field
SIM-FIELD-02579,field,0.8784430153311549,False,11.604341251655391,0.4161407247870632,5.370762051398793,0.0406949658436782,-4.673557536388639,-6.344051601842368,0.0004069496584367,131.97607959740108,5.25452080979648,3,field
SIM-FIELD-02580,field,0.9062314342286862,False,10.310907176893172,0.3931246039140144,9.144344430057846,0.0320686772662564,-6.6113884905388245,-13.309338160173663,0.0003206867726625,285.1487872148625,5.116670055854877,3,field
SIM-FIELD-02581,field,0.7846038132427311,False,11.89833523088276,0.502583400590868,5.747750992936595,0.0426561450513442,-1.383060026665593,13.743030722848896,0.0004265614505134,134.74614234404356,5.695824956572215,3,field
SIM-FIELD-02582,field,0.5749245773335923,False,13.69054500867398,0.7642900241160322,4.771302922322671,0.0603525059755347,4.257678589346007,-4.2615177879726645,0.0008450835325178,79.05724617726446,7.083729959124142,3,field
SIM-FIELD-02583,field,0.6820844271071163,False,14.744987838482718,0.6211824607424036,2.049897190129217,0.0761806722566859,5.932272379925054,-9.407489708289411,0.0013726890752228,26.908363097955075,6.30364823917802,1,field
SIM-FIELD-02584,field,0.8043576952296687,False,12.760210431944143,0.4824091427634877,3.649882276089351,0.0484037521900652,6.426569442811055,-9.429146089067276,0.0004840375219006,75.40494509098168,5.571604716323364,1,field
SIM-FIELD-02586,field,0.5139886420304051,False,16.351936068474863,0.8812136391102983,1.6376635666827613,0.161139038826523,6.6503317568848,-13.428837243834574,0.0038665552991069,10.163046637294492,7.423059505107412,1,field
SIM-FIELD-02589,field,0.7638759613013818,False,9.960762513024155,0.5236761206294058,14.79964349959176,0.0299015659331538,-2.02703806920768,-5.683012199445911,0.0002990156593315,494.94543304778693,5.812018783233794,3,field
SIM-FIELD-02590,field,2.4055033676525275,True,5.1535790074018255,0.8061992381431904,1.866052501433588,0.02,8.403570822539555,-5.632440943225277,0.0002,93.3026250716794,-3.4918017002559996,1,field
SIM-FIELD-02591,field,0.6911813248293288,False,13.26065384588032,0.6028596862207567,3.878476560364488,0.0538980714527396,-0.7854276868306904,-7.900294771519547,0.0006299357150913,71.959468230052,6.203959701492542,1,field
SIM-FIELD-02593,field,0.928848188263182,False,15.568287659452713,0.3828159140012165,0.8358217608528151,0.1140454711777528,-6.179173465106041,-9.606919953480192,0.0024929929093511,7.328846575153275,5.178856029116936,1,field
SIM-FIELD-02594,field,1.2868033547742994,True,7.306682350688042,0.6104365317410188,3.209209978945631,0.0232661825334939,8.88306187437808,-6.793030804964968,0.0002326618253349,137.93453113013558,-0.16132697951850705,1,field
SIM-FIELD-02596,field,2.7714789995271145,True,6.681405578182296,0.9043539609398304,0.644782587046036,0.0217031810013799,-0.6477498301429065,2.319118131086662,0.0002170318100137,29.70912821512387,-4.271527919674448,1,field
SIM-FIELD-02597,field,1.443642471183856,True,9.179378599194846,0.7021434298805551,0.7206471701468702,0.0279475834415245,-15.49291722425703,-14.214001937330757,0.0002794758344152,25.78567022278331,-1.5320079729324103,1,field
SIM-FIELD-02598,field,1.0961528462388117,False,12.254276275174195,0.2605054209600388,2.645042466336648,0.0450279023650001,25.426535619928053,1.801476627000524,0.00045027902365,58.74229816205302,4.366439520447271,1,field
SIM-FIELD-02599,field,0.992549597269538,False,12.697055258234744,0.327646451761924,2.5360416546468234,0.0479797491214059,0.2834754654405622,-11.53663561953508,0.000479797491214,52.856500942298226,4.717837171149727,1,field
SIM-FIELD-02600,field,0.595044836957134,False,11.150937436549135,0.7348481985993583,13.985910648532512,0.0376719600810523,4.490909512295693,-16.752432481005112,0.0003767196008105,371.2551886984756,6.8793911832784325,3,field
SIM-FIELD-02601,field,1.9764193147148732,True,2.9300780175240653,0.6335886064237939,7.12352331616431,0.02,-9.594267826724286,5.591588682850235,0.0002,356.1761658082155,-2.8064477317806453,3,field
SIM-FIELD-02602,field,0.8461198058740914,False,9.994377506419104,0.444224826102445,11.993789677582308,0.0299857074301643,-5.763979762994763,-3.5936210604589065,0.0002998570743016,399.98354901299024,5.389159650444373,3,field
SIM-FIELD-02603,field,1.099573663343807,False,8.576083896512277,0.2579505570384671,14.493050799948016,0.0264388561818517,5.071859905576471,-8.746485659683666,0.0002643885618185,548.1723831115058,4.381882968837758,3,field
SIM-FIELD-02605,field,0.9791648449468944,False,9.238251560459098,0.337263953090046,13.048896472488414,0.0280958711777445,1.5734721770866866,-2.396106380338146,0.0002809587117774,464.44178185244516,4.816120488112837,3,field
SIM-FIELD-02606,field,1.4332623112288003,True,6.433632974387861,0.7781208674352088,2.563471461801162,0.0210843814263576,-10.533188796873834,-6.154707771374272,0.0002108438142635,121.58153516406055,-1.5222245908109278,1,field
SIM-FIELD-02607,field,0.8232314725143774,False,14.688397952496972,0.467668355153836,1.5286135335850897,0.0753704237413067,-8.08678295941403,-6.913446594088476,0.0013456807913768,20.281344560722353,5.609886453965176,1,field
SIM-FIELD-02608,field,1.2116337867334162,True,9.96944020727041,0.9934120644622502,0.7399449895493606,0.0299230035552115,5.630331861744836,-15.220685717886973,0.0002992300355521,24.728299356181747,-0.6845626239612201,1,field
SIM-FIELD-02609,field,1.0831063179809994,False,12.082124175910772,0.2668251745815593,3.055498275934123,0.0438728280935327,10.470480915237422,-0.2800475549500139,0.0004387282809353,69.64443389471249,4.507534390936344,1,field
SIM-FIELD-02610,field,0.8911277783544447,False,15.102429997131656,0.4046696012857758,1.1258662105112514,0.0861513714402479,13.340101735626591,-11.661832270405736,0.0016794150003405,13.068465326661917,5.359863923558704,1,field
SIM-FIELD-02611,field,1.3901535034972978,True,7.781594600945042,1.0528567787548369,2.967134782509193,0.0244536827856861,5.269561398037994,0.2455019475393424,0.0002445368278568,121.33692943158638,0.14328097420517505,1,field
SIM-FIELD-02613,field,1.3633023558031434,True,9.319319849142731,1.077297159537521,0.9309678851357592,0.0282979585545331,4.195860562811288,3.190745855995642,0.0002829795855453,32.89876488233904,-0.8360066522281535,1,field
SIM-FIELD-02614,field,0.839790562151545,False,10.648745575389578,0.4490879636945487,9.051017224357226,0.0343270787634517,3.564809857507385,-5.757702388140594,0.0003432707876345,263.66989415929885,5.432232532243884,3,field
SIM-FIELD-02615,field,0.6484115254693201,False,15.53793961690511,0.6571692990932508,1.5083914529279805,0.1121372180769925,11.31644158395344,-10.527955903677803,0.0024373355272456,13.451300815152479,6.430509931287915,1,field
SIM-FIELD-02616,field,1.5527483244684137,True,9.279055176530136,0.7078197326467567,0.5617215684827251,0.0281968653528667,-4.998261676211965,-3.6291599836904624,0.0002819686535286,19.921418975234296,-1.973339324231631,1,field
SIM-FIELD-02617,field,1.8915080561362856,True,4.174973685440403,0.6048328097668167,5.322117448153782,0.02,3.699744243115254,4.639928283617731,0.0002,266.1058724076891,-2.1946040430371596,3,field
SIM-FIELD-02618,field,0.500076060428163,False,15.227917621183002,0.8968884089413552,3.011308075033045,0.0935921331750225,-5.5096209728186265,0.917165685683303,0.0018964372176048,32.17479902292355,7.621693564875322,1,field
SIM-FIELD-02619,field,0.5180534100244313,False,13.768379176189832,0.8585360910626328,5.712583805416105,0.0615262779198678,9.029495138694928,-4.341105752720762,0.0008842092639955,92.8478692121797,7.552542098001943,3,field
SIM-FIELD-02621,field,0.6544620575138584,False,11.752384242580987,0.6496179381682293,8.798177218264318,0.0416849747244385,-2.81402873687121,-10.067940155383448,0.0004168497472443,211.06351332645144,6.474347770350532,3,field
SIM-FIELD-02622,field,0.6375335301182675,False,16.00937055859751,0.6692592665580507,1.3413571015949617,0.1403053091678899,14.752442415038963,-11.295449746515729,0.0032589048507301,9.560273303627365,6.647092623121559,1,field
SIM-FIELD-02623,field,0.5413427388525631,False,13.388490950979444,0.822132660862708,6.067132930078191,0.0558178642644355,1.9880462965525183,-15.660475811954202,0.0006939288088145,108.69518226880423,7.303408502893516,3,field
SIM-FIELD-02624,field,1.5690065430998774,True,6.255591501134224,1.0075842270326605,2.3892663048995018,0.0206397952193343,2.544674511938517,-15.705422173658562,0.0002063979521933,115.76017491982478,-1.853085706787076,1,field
SIM-FIELD-02625,field,1.4256125713513952,True,9.513035804549313,0.7249223130147269,0.4943625983534737,0.0287825730606507,-4.3383044060522895,-5.792513940415488,0.0002878257306065,17.175761086812905,-2.016736164407126,1,field
SIM-FIELD-02626,field,0.7308943913348911,False,10.133760322979386,0.5589629815116229,14.835934605219588,0.0308918293347835,-6.492762782381352,-3.361537672672456,0.0003089182933478,480.2543237060637,5.990334874728523,3,field
SIM-FIELD-02627,field,0.7526642217870275,False,15.889224109925832,0.5311347764670716,1.0010390596322467,0.1329652886497572,-9.367030252508872,-6.4395581289947765,0.0030448209189512,7.528574335434834,5.891479227850887,1,field
SIM-FIELD-02628,field,0.7704469180769025,False,15.149759662902625,0.5109847064588504,1.1795639174332404,0.0890189178748863,8.968615057189146,0.8006737209353201,0.0017630517713508,13.250710585935067,5.508367058516619,1,field
SIM-FIELD-02629,field,0.822519298678874,False,15.765163869815783,0.4712983639542497,0.8752540361797831,0.1259171744983939,-11.56986011538075,-2.433164200760245,0.0028392509228698,6.951029831049355,5.475834480634759,1,field
SIM-FIELD-02630,field,1.3203142090272804,True,6.076728854848887,0.6168274184141739,3.0680898681658686,0.0201910813793446,1.700260277221172,-7.7673481230415184,0.0002019108137934,151.9527265788009,-1.488930762708832,1,field
SIM-FIELD-02631,field,0.550274022027222,False,15.882472543525552,0.8025920125520835,1.905659869274493,0.1327138795752442,8.842113536452432,-4.839211890602171,0.0030374881542779,14.359160288084636,7.282699485480384,1,field
SIM-FIELD-02632,field,0.5320186129987862,False,12.426571036315783,0.8374862527134223,9.859001935944622,0.0461781597716104,12.51595474871578,-6.511902854673847,0.0004617815977161,213.49923826990138,7.395735795782906,3,field
SIM-FIELD-02633,field,0.7138158059958788,False,13.410541940762558,0.5787429158025902,3.432738526171513,0.0561552550810031,6.302405829871455,-23.46238625383753,0.0007051751693667,61.129426288240346,6.088745561786437,1,field
SIM-FIELD-02634,field,1.188660294188426,True,11.239442280238784,0.5962971770016481,0.5069287048075548,0.0382668903949199,-6.112185828099157,-5.0395570984657,0.0003826689039491,13.247188354631811,-0.2358233006676258,1,field
SIM-FIELD-02635,field,0.8940194818109519,False,10.68243900663181,0.4028791288624672,7.8438846842056575,0.0345501421401747,11.93170999810179,17.56644761195994,0.0003455014214017,227.02901343739583,5.155095008241542,3,field
SIM-FIELD-02636,field,1.2908116125873248,True,7.936508488402834,0.6151282535535681,2.6468789861389586,0.0248417918947132,-1.8453091644620376,1.5886162094704688,0.0002484179189471,106.54943883908246,0.050178918646875736,1,field
SIM-FIELD-02638,field,0.5664418688192939,False,12.15773679992325,0.7787170417487559,9.845504909622054,0.0443838791189467,10.816165375108705,-15.112417097603842,0.0004438387911894,221.8261473549116,7.123926765341135,3,field
SIM-FIELD-02639,field,1.2160796009925534,True,9.151891410514049,0.6843800029885785,0.8500214398211577,0.0278791247288291,-17.13134954157626,-0.2224424332635155,0.0002787912472882,30.48953107707044,-1.2009591898639354,1,field
SIM-FIELD-02640,field,0.9185323860392092,False,13.30245960011816,0.3837232907534381,2.2601077768547344,0.0545431237229155,-11.795032437559788,-1.8364035947244484,0.0006514374574305,41.43707992113373,5.073105348459677,1,field
SIM-FIELD-02642,field,0.5710384898206058,False,16.24307897365338,0.7721502163315105,1.492376112970422,0.1544252069198793,-5.725103307559653,-6.175060861608226,0.0036707352018298,9.66407067043604,7.112470419104419,1,field
SIM-FIELD-02643,field,1.5787023547528676,True,8.377902055468988,0.7427759810847155,0.6762062641926747,0.0259432598548194,2.095028384971696,-3.335320967433573,0.0002594325985481,26.06481482962358,-2.4717019963536373,1,field
SIM-FIELD-02644,field,1.803858439218575,True,7.931882601913522,0.7468881604586167,0.9524672430611516,0.0248297684295396,14.35516600511132,-1.0428780749583444,0.0002482976842953,38.35989231087696,-2.173867155625956,1,field
SIM-FIELD-02645,field,0.7817542320732289,False,11.031817236501748,0.5057219102372109,8.643999763165755,0.0368777280548386,18.70249697120357,-5.681574292620691,0.0003687772805483,234.39621199852107,5.715390968062275,3,field
SIM-FIELD-02646,field,0.5969340771495505,False,12.361948798376735,0.7326241605632814,7.931588048603324,0.0457446696048195,-3.2405898945653004,-3.599835565109701,0.0004574466960481,173.3882464803654,6.858749546879936,3,field
SIM-FIELD-02648,field,1.8176512681515944,True,5.8625892002330415,0.9958092612540848,1.9722524041653635,0.02,-17.877902031098564,-22.1313388449991,0.0002,98.61262020826817,-2.662598329089831,1,field
SIM-FIELD-02649,field,0.6940094645894257,False,12.242642530326345,0.600843592032624,6.204490498631098,0.0449502591066887,11.424429482559471,-13.674545742917244,0.0004495025910668,138.03013868963117,6.206173149493578,3,field
SIM-FIELD-02651,field,1.424314818438735,True,5.075457217642164,1.045511120637432,4.600534299797797,0.02,6.119741686827539,-10.375650866698214,0.0002,230.02671498988985,-1.6105014174513368,1,field
SIM-FIELD-02652,field,0.6345734760964239,False,12.349168172789923,0.6785360861469742,7.144544362225644,0.0456640391438866,-0.2436053131602437,-5.345527306878452,0.0004566403914388,156.45887871883843,6.619040858872127,3,field
SIM-FIELD-02653,field,1.0246977509505344,False,14.250198158601345,0.3062712594670866,1.2594810062476156,0.0687462120864806,9.90608137441676,-4.10078182233856,0.001124873736216,18.320733143278172,4.751156270872242,1,field
SIM-FIELD-02654,field,0.5615396563807323,False,14.577659746452156,0.7833420134130096,3.2333174688440187,0.0736814964274084,-6.756556355747548,-15.562634987393125,0.0012893832142469,43.88235344852841,7.125901489735991,1,field
SIM-FIELD-02655,field,0.7959491690816274,False,13.753231815363655,0.4904842680631124,2.33403259469904,0.0613253079930367,8.166488764548543,-9.716937579049608,0.0008775102664345,38.059859315571025,5.593766398672814,1,field
SIM-FIELD-02656,field,1.623610577716072,True,6.147348657286183,0.7725535194847084,1.863831751789048,0.0203685912483502,-3.18692092316186,-6.503498468703119,0.0002036859124835,91.50518703349272,-2.500617812729934,1,field
SIM-FIELD-02657,field,0.8747246195967975,False,12.870060287068869,0.4197340237658124,2.949145479546515,0.0491277228187024,-5.758174894148792,7.438949695910191,0.000491277228187,60.030168514625444,5.218541269878582,1,field
SIM-FIELD-02658,field,0.6519775867056186,False,10.930061004307884,0.6549543147367577,12.90215083278592,0.0362024328096582,1.197985602324179,-8.64293070771734,0.0003620243280965,356.38905541574104,6.483371577876877,3,field
SIM-FIELD-02659,field,0.7138594942323107,False,10.261810014025658,0.5796361904728399,14.656499865136634,0.0317429383376557,-2.0173109219913767,-7.004686857619166,0.0003174293833765,461.72473730165257,6.091961355745704,3,field
SIM-FIELD-02661,field,1.521897126923604,True,7.498355771339924,0.616297012652263,0.9840269866326088,0.0237460875384724,-7.899521473406526,-11.588581877361523,0.0002374608753847,41.43954177875956,-2.536609183734491,1,field
SIM-FIELD-02662,field,1.200286904669859,True,9.206616923955162,0.6918645582076949,0.7148550653777143,0.0280162360352791,1.368836941515677,-0.2021387264004039,0.0002801623603527,25.515742531492876,-1.5222930816348512,1,field
SIM-FIELD-02663,field,0.663399209700757,False,10.92408964095907,0.6399877315625213,12.496873867478088,0.0361630846343866,-5.320287955233329,1.6051380487464837,0.0003616308463438,345.569909033565,6.408096573238735,3,field
SIM-FIELD-02664,field,0.6027728843488233,False,11.364148660800042,0.7240929988778747,12.376201213152957,0.0390949884899334,-22.72830835907799,-12.3255895776959,0.0003909498848993,316.5674602088632,6.827085468495305,3,field
SIM-FIELD-02665,field,0.7858284023182853,False,14.372872755560843,0.502039532078702,1.8147663857810332,0.0705812051044386,-6.697398254073474,8.791003076683825,0.0011860401701479,25.71175121047783,5.6669763875559465,1,field
SIM-FIELD-02666,field,1.021416175283654,False,11.875981376079798,0.3078198944188802,3.5016981952019592,0.0425084465376702,-2.4843810072993016,-9.844994653818423,0.0004250844653767,82.37652702972383,4.597374937748588,1,field
SIM-FIELD-02667,field,0.8499672654963117,False,12.640357027726733,0.4408266740708593,3.5620468442850486,0.047608537992198,2.943499900948215,-13.019183434956089,0.0004760853799219,74.81949655477324,5.398855160466635,1,field
SIM-FIELD-02668,field,1.8819904369160048,True,8.357704147158262,0.6138680392376211,0.6190595358956135,0.0258943322480729,4.067998267280358,-11.177491559615907,0.0002589433224807,23.9071442339157,-2.68363376389955,1,field
SIM-FIELD-02669,field,0.5438781148445514,False,16.88613504379037,0.8059307999085314,1.30467672782459,0.1932837770242778,0.1959411775808467,-8.084774937995048,0.0048041101632081,6.7500581161589865,7.463649622414593,1,field
SIM-FIELD-02670,field,1.0640515327822886,False,9.400560392466298,0.279783839509671,10.46971895699706,0.0285020737579285,2.2811407022988184,-6.789538477374459,0.0002850207375792,367.33183156838436,4.500235511909443,3,field
SIM-FIELD-02671,field,0.8057962041756757,False,10.094093832186838,0.481326332077725,12.603621507527818,0.0306252163658242,4.00160769581138,-8.757253691525733,0.0003062521636582,411.54391717515045,5.5965705953741125,3,field
SIM-FIELD-02672,field,1.55175319750768,True,8.673226937789691,0.8968648837314032,1.2271054720325705,0.0266840463093363,-4.262490072883806,-4.814831757316432,0.0002668404630933,45.98648412640578,-0.8823635983995288,1,field
SIM-FIELD-02674,field,1.0739215688312405,False,11.23232507123902,0.2746801540986563,4.446514144549922,0.0382186634680061,-8.454920255369142,-2.068149152477322,0.00038218663468,116.3440513369135,4.472423462054174,1,field
SIM-FIELD-02675,field,2.002556710405632,True,6.708337908225458,0.5541289843621938,1.32042539985657,0.0217707969784586,6.444945455255005,-6.855401042069112,0.0002177079697845,60.65122012589076,-2.68809274238558,1,field
SIM-FIELD-02676,field,1.3602440767774704,True,7.979113578949528,0.7626398486781809,1.5485881718894976,0.02494798814403,5.875482970425746,10.0852401327705,0.0002494798814403,62.07266746116646,-1.0712067320474823,1,field
SIM-FIELD-02677,field,0.6028832030299918,False,12.291440695857716,0.7234962359544127,8.021415145845323,0.0452739200530722,1.3713104350916576,-1.2587171151794696,0.0004527392005307,177.17518466353798,6.812695664345389,3,field
SIM-FIELD-02679,field,0.5759759767442354,False,11.93963654399514,0.7633878858275124,10.371930715081396,0.042929483648559,1.624017291271315,-22.10521384854289,0.0004292948364855,241.6039009458141,7.018934579006233,3,field
SIM-FIELD-02680,field,0.5516672370431089,False,16.998368185673268,0.8160112666258776,1.2446623463566264,0.1997570422228077,7.617079600582203,-12.378133002512556,0.0049929137314985,6.230880936694778,7.473625942820755,1,field
SIM-FIELD-02681,field,0.6808785323688697,False,11.55041654988313,0.6179705991924925,8.900835592044908,0.0403384907985756,10.18084781569791,3.0574607044171067,0.0004033849079857,220.6536589702857,6.297570446017733,3,field
SIM-FIELD-02682,field,1.383548359246557,True,11.135728956330066,0.7106175301241973,0.674410330791575,0.0375698007046743,-1.2839192701140352,-0.8182280878150584,0.0003756980070467,17.950862611514125,0.28035002784329244,1,field
SIM-FIELD-02683,field,0.853772637705138,False,11.147451294986691,0.4388722226073422,6.949804426578775,0.0376476069078038,-0.0429861151589757,-18.32458486593472,0.000376476069078,184.60149256228507,5.3573142117122785,3,field
SIM-FIELD-02684,field,0.7513772535522516,False,12.636487404869849,0.5364472872383075,4.55799764789577,0.0475764622310872,-1.7853863934554215,-3.3678406910461303,0.0004757646223108,95.80362713303016,5.930357888527624,1,field
SIM-FIELD-02685,field,0.7390258440494761,False,12.285746794706936,0.5509863683936295,5.375375681005136,0.0452400045140251,-6.092901817286717,1.6874807073790443,0.0004524000451402,118.81907923635787,5.937790905539032,3,field
SIM-FIELD-02686,field,1.3775763040179718,True,3.877571927934192,0.6624781524886408,6.388096233867171,0.02,14.149082930446705,0.7430128721120564,0.0002,319.40481169335857,-2.0955708222080034,3,field
SIM-FIELD-02687,field,0.6066669266356256,False,15.101023418695885,0.7166962815107046,2.061018354270033,0.0860448762504141,11.053903554318442,-3.08832416792798,0.001676308890637,23.952830709778773,6.67143271558977,1,field
SIM-FIELD-02688,field,0.7152519040919237,False,11.22097333594282,0.5762690527971193,9.457673211595864,0.0381377710496297,-3.2241062965132232,-8.494841834371687,0.0003813777104962,247.9870467334953,6.099894855341898,3,field
SIM-FIELD-02689,field,2.3059989773880973,True,7.818280470762759,0.6529650297112451,0.525718368143254,0.0245448165985568,4.309402793148646,-20.345338031088644,0.0002454481659855,21.418712420697638,-3.5779537734593774,1,field
SIM-FIELD-02690,field,1.195131916470706,True,10.449940167246206,0.964894444942724,0.6791663944848081,0.0329978809581064,2.587569027433095,-6.3399076201559,0.000329978809581,20.58212148068136,-0.39017888952837687,1,field
SIM-FIELD-02691,field,0.6074672848468757,False,14.994179509432096,0.7176303012538258,2.301195780211783,0.0798991453611993,-1.414099965766621,-8.189910314549175,0.0014966381787066,28.80125650667212,6.803947354293403,1,field
SIM-FIELD-02692,field,2.5847016221253414,True,5.150034752553133,0.6023008072036312,1.198567519364308,0.02,1.39978887976477,10.433418908398084,0.0002,59.9283759682154,-4.4566527257637745,1,field
SIM-FIELD-02693,field,1.7037737271750009,True,3.9665423947860408,0.8914641746435059,5.403512996388196,0.02,-12.612753115575432,-4.945661891098983,0.0002,270.1756498194098,-2.370076603419651,3,field
SIM-FIELD-02694,field,1.7002703854585166,True,5.546750003071123,0.6495591541944683,2.563209743566057,0.02,8.213804209321449,-2.779339010213853,0.0002,128.16048717830284,-2.409329270443175,1,field
SIM-FIELD-02697,field,0.8260431660664556,False,11.483640968810391,0.4624696742419536,6.327139755293424,0.0398948560339908,-0.030630640247237,-5.08756937575148,0.0003989485603399,158.59537755701237,5.489678105609395,3,field
SIM-FIELD-02698,field,0.8787012889430632,False,11.549807440521583,0.4165400640724894,5.423910130848491,0.0403315738853355,1.6260673671888572,-5.778210430422047,0.0004033157388533,134.48297718975496,5.221369865834376,3,field
SIM-FIELD-02699,field,0.8357024894747421,False,12.798473746453816,0.4537689409882837,3.4547637536835043,0.0486578285779068,3.954949992031216,-15.786366304942836,0.000486578285779,71.00119044876877,5.490565518782621,1,field
SIM-FIELD-02701,field,0.7512368655713872,False,13.44266914404169,0.5378437202772338,3.0824098908609225,0.056633975018343,-3.685328176133484,-10.952008107690492,0.0007211325006114,54.42686814518265,5.887121091915212,1,field
SIM-FIELD-02702,field,0.6779051021481837,False,11.121860466656196,0.6205447895612017,10.862353029377958,0.0374792430731426,2.256187957201784,-23.542584496214104,0.0003747924307314,289.8231698057386,6.3014800335200345,3,field
SIM-FIELD-02703,field,0.5355968963462112,False,15.71040221567114,0.8322390332333821,2.2085573648684838,0.1224294190248806,11.931373673611956,-5.55281906173641,0.002737524721559,18.039433515727556,7.4309456360029085,1,field
SIM-FIELD-02704,field,1.0751235768783811,False,11.286685827939149,0.2726013783978386,4.335352145462034,0.0385784545335059,1.1370111344743503,-6.566395919181162,0.000385784545335,112.37754850176083,4.471807725258241,1,field
SIM-FIELD-02705,field,0.7789928894290795,False,15.685053718701296,0.5118328993637409,0.9143707914718736,0.1209266176111604,-0.4141593187246055,-2.822667441330219,0.0026936930136588,7.561369114052568,5.4906654415451595,1,field
SIM-FIELD-02706,field,1.283333763594956,True,10.100946621275458,0.633032431342995,0.4698635662388718,0.0306734617686331,5.69977613678086,-0.6152004683003398,0.0003067346176863,15.318243822070244,-1.5391945255491635,1,field
SIM-FIELD-02707,field,0.6183715299756598,False,14.422068058184298,0.6966859558752931,2.805105069247244,0.0713337315870142,3.4460676860060198,-3.1423966461460338,0.0012111243862338,39.323683295966724,6.66181372329261,1,field
SIM-FIELD-02708,field,1.8464045946365173,True,6.216418894496634,0.8014160645062102,3.010104587349973,0.0205415026981083,6.569059890320779,-4.093611493492974,0.000205415026981,146.53770133512086,-1.390673177501153,1,field
SIM-FIELD-02709,field,2.382858103216817,True,0.7033352262231379,0.9665628203721766,12.436947633033697,0.02,-3.4896851295102564,-15.291389593908876,0.0002,621.8473816516848,-3.8230957453104804,3,field
SIM-FIELD-02710,field,0.5011523324047713,False,16.546483376171803,0.9050772283926876,1.905047085118771,0.1728467743986619,13.388129610948118,6.026931789553568,0.0042080309199609,11.021594656576474,7.946011946976855,1,field
SIM-FIELD-02711,field,1.4290811189324977,True,9.6262757673105,0.8094009088490013,0.8104265939909944,0.0290664972348805,8.6407550582889,0.3450455856656513,0.0002906649723488,27.88181140101267,-0.8301558133146152,1,field
SIM-FIELD-02712,field,0.8669401989339869,False,11.20166894350116,0.4257496385247329,6.613044426554271,0.038014836168502,1.405990189305108,-22.13113685508121,0.000380148361685,173.95956666080937,5.303676145061715,3,field
SIM-FIELD-02713,field,2.053745171215885,True,4.360032633972951,0.7288569797023409,3.5889595058973844,0.02,-15.747921568740756,-12.758750614392596,0.0002,179.44797529486922,-2.865124574868691,1,field
SIM-FIELD-02714,field,0.5542387527535874,False,11.542037827195175,0.7990026534671264,13.558027651777593,0.0402775900387098,7.911107919537995,-0.6114800495009591,0.000402775900387,336.614669317288,7.20302040381365,3,field
SIM-FIELD-02715,field,1.0197291256100978,False,15.151090951149726,0.3130707934248621,0.7542949472307546,0.0892695778251557,-14.96280225688256,-6.930820895317468,0.001770362686567,8.449630496832016,4.538796943811699,1,field
SIM-FIELD-02716,field,1.6055309203045087,True,8.88922680772248,0.817215650228818,0.9996301279931196,0.0272227442017132,-5.933002712858879,-4.910906347884107,0.0002722274420171,36.7204026378138,-1.1115765077066193,1,field
SIM-FIELD-02717,field,1.8151535999704531,True,5.306136636572503,0.99800489866435,2.398160795475304,0.02,-9.230920234098804,-2.158313325135693,0.0002,119.90803977376521,-2.7944718685990297,1,field
SIM-FIELD-02718,field,0.6663475331172488,False,13.82314925286725,0.6360256931862349,3.290033599619776,0.0623191715686535,-8.350532203031532,5.505079667940967,0.0009106390522884,52.793282015877445,6.409150918992427,1,field
SIM-FIELD-02719,field,0.5257944011431878,False,12.967820177621896,0.8481429173875434,7.753694088744582,0.0497932566449455,4.420991030446315,-8.613843242358268,0.0004979325664494,155.71775399293264,7.4153634902331,3,field
SIM-FIELD-02720,field,0.8897277910939992,False,10.976984214708152,0.4065526447318553,6.905254120029474,0.0365139694652467,4.6142394316268245,-17.599084102229313,0.0003651396946524,189.11266622495705,5.172882543036495,3,field
SIM-FIELD-02722,field,0.7439411077715751,False,10.898337224888405,0.5456807643478564,10.062194512844725,0.0359862710067682,-3.361900573602491,-13.904500628618418,0.0003598627100676,279.61203623882716,5.911800767097345,3,field
SIM-FIELD-02723,field,2.356730178111906,True,5.209944657825272,0.5728351516946979,2.457736406825913,0.02,-18.251579546184825,-11.457549109562883,0.0002,122.88682034129565,-2.8373788281849777,1,field
SIM-FIELD-02725,field,0.5121296508828141,False,13.91747963089243,0.8731038547480809,5.286638145151945,0.0637572582221537,-5.988436408574769,-3.053614049084861,0.0009585752740717,82.9182165696548,7.533377557098127,3,field
SIM-FIELD-02726,field,0.914212541141874,False,11.759035295088182,0.3862102236021884,4.677960889166532,0.0417269570320929,-0.553401510574377,-3.386799973429322,0.0004172695703209,112.10884334481027,5.1093182275904905,1,field
SIM-FIELD-02727,field,1.596236463524773,True,3.890776005478679,0.5589908083361432,5.451750104887956,0.02,12.94157850495138,-12.145875997195436,0.0002,272.5875052443978,-2.4265442914993276,3,field
SIM-FIELD-02728,field,0.6213714122223619,False,15.510608482504852,0.6973982707904125,1.675479999049469,0.1106285751501049,-11.193869043900952,-5.410818491203231,0.002393333441878,15.145092457135208,6.631304721683314,1,field
SIM-FIELD-02729,field,0.560699644669544,False,12.56829812143875,0.7884915674230953,8.244577843360425,0.0471198575025208,-5.313888681963493,-9.427343185246832,0.0004711985750252,174.97034754231504,7.149140235778745,3,field
SIM-FIELD-02730,field,0.5403587533484057,False,16.332037082537283,0.8290172831397047,1.4444785669061906,0.1599384765721402,-3.5764309011641195,-5.217244058553093,0.0038315389000207,9.031463834499256,7.1305925934887995,1,field
SIM-FIELD-02731,field,0.7159664086620185,False,15.033932961076305,0.5739215913068753,1.5909987753019634,0.0819587886635553,-10.182965324835612,-12.91004053924077,0.0015571313360203,19.412180209654984,6.042282187782487,1,field
SIM-FIELD-02733,field,0.7488171124863743,False,11.091855451210996,0.5403057656276038,9.116057747348254,0.0372803606640477,5.755431357201397,-4.987817775327013,0.0003728036066404,244.52708034392933,5.890890789388523,3,field
SIM-FIELD-02735,field,0.727038583249922,False,15.390785806573389,0.564614637010825,1.4286063085152387,0.1034569065570499,-5.375971094605912,-2.571870181586765,0.0021841597745806,13.80870892101779,6.165348624439806,1,field
SIM-FIELD-02736,field,0.9650575965368656,False,13.799284455875336,0.3498071031836436,1.6308817036887109,0.0620100878180571,1.1556560262962463,-8.908783490333612,0.0009003362606019,26.300264377529302,4.861396758629011,1,field
SIM-FIELD-02737,field,0.5082004774241523,False,14.317541538452552,0.8813863764518464,4.577839093941431,0.0697858304342738,5.918017581507465,-10.59792823775946,0.0011595276811424,65.5984039375008,7.620844156596199,1,field
SIM-FIELD-02739,field,0.7886293852648741,False,12.633992107908808,0.4986759492834022,4.085271599033047,0.0475593035141324,2.968534787821866,-15.172592496860554,0.0004755930351413,85.89847405606129,5.690096781945373,1,field
SIM-FIELD-02740,field,2.430593708822103,True,5.368644139608869,0.8300303589836936,1.2830732875548847,0.02,-3.5541749559307987,-22.49007983874685,0.0002,64.15366437774424,-4.090098543163165,1,field
SIM-FIELD-02741,field,1.5024841972627183,True,8.57025284481141,0.6515338742490595,0.9946953892685794,0.0264262191909824,10.161963873532708,-15.465840994095045,0.0002642621919098,37.64047297420458,-1.4412966309260948,1,field
SIM-FIELD-02744,field,0.6390527536486564,False,16.02054414535526,0.6811529303637547,1.283208957542496,0.1407277607318506,-3.3853203822479285,-5.805920266410931,0.0032712263546789,9.118378284918382,6.562031058244992,1,field
SIM-FIELD-02745,field,1.742922089003495,True,7.062597465340412,1.0321772291063258,1.175682003006026,0.0226559626738142,-0.6391615815131353,-8.511829342293938,0.0002265596267381,51.89282927116053,-2.5859531836766987,1,field
SIM-FIELD-02746,field,1.6687424725963669,True,2.4357738222357943,0.866518478952014,13.392352596655186,0.02,2.3541100312089798,1.8884723093678448,0.0002,669.6176298327593,-1.9299418027867121,3,field
SIM-FIELD-02747,field,0.8233027489225865,False,10.021530372201363,0.4655904778841401,12.484251029643804,0.0301443178281566,3.549246858648584,-0.3797891638694247,0.0003014431782815,414.14939627470244,5.5033428359346654,3,field
SIM-FIELD-02748,field,0.7217106551248733,False,13.042061017944464,0.5678653658651354,3.920756205883664,0.050636498958109,0.96980784480864,6.095686700263462,0.0005212166319369,77.42944884730797,6.008910210660547,1,field
SIM-FIELD-02749,field,1.3065515097358988,True,4.003457366231043,0.8561810013705089,7.645157167698247,0.02,-13.222694868987505,4.178054551528379,0.0002,382.2578583849123,-1.5796105438484087,3,field
SIM-FIELD-02750,field,0.7059765534144812,False,15.965595486675056,0.5892609126617039,1.0139900883382704,0.1377810391278396,-6.626252175183419,-12.225073189009528,0.0031852803078953,7.359431274120699,5.995764035818279,1,field
SIM-FIELD-02752,field,0.6907861799379507,False,12.249014083779947,0.605291093264342,6.2592832524691255,0.0449855375650587,16.24293571712643,-4.660265599177835,0.0004498553756505,139.1399012052899,6.231637109800843,3,field
SIM-FIELD-02753,field,0.533528499825689,False,11.655150459228608,0.8347017954939792,13.930339894386652,0.0410361513386591,13.977632183648202,-3.8527519380835713,0.0004103615133865,339.4650677502312,7.374959025000857,3,field
SIM-FIELD-02754,field,2.431931496109593,True,1.6053515586958416,1.0795091199138729,8.973772554765842,0.02,-10.739309099931305,0.0727865873930358,0.0002,448.6886277382921,-3.6297731517919782,3,field
SIM-FIELD-02755,field,0.8934071157688559,False,14.90839614093545,0.4009905686092778,1.0628151215008568,0.0786346011488921,13.471811217974206,0.8562083671173133,0.001454486704963,13.515870952132767,5.040684765080458,1,field
SIM-FIELD-02757,field,0.7383240309542829,False,11.57624250313708,0.551008606348195,7.481778403618649,0.0405027991063258,-5.872534484288867,0.4874673715965432,0.0004050279910632,184.72250236280908,5.946266708420469,3,field
SIM-FIELD-02758,field,1.3503870333860286,True,9.836683548077518,0.6738308773744032,0.6004444443021892,0.0295922640352046,4.463255060464367,4.0347899333680735,0.000295922640352,20.290588229000228,-1.270952297883598,1,field
SIM-FIELD-02759,field,1.3407524031290088,True,7.413991296887408,0.9859734976166592,1.5746987233149083,0.0235347311911357,-3.0320018818528816,-6.69809845229484,0.0002353473119113,66.90956911834263,-1.6000213261915004,1,field
SIM-FIELD-02760,field,1.140813190411395,True,8.688649787250572,0.7154687050570181,1.0302524517899507,0.0267207167342074,11.989018691859108,-3.496965502387014,0.000267207167342,38.55631800740731,-1.2466319291002979,1,field
SIM-FIELD-02761,field,0.7877987682396926,False,12.36979238531952,0.4986715559192071,4.596711415570245,0.0457982622991609,5.715400467172885,7.398450523281812,0.0004579826229916,100.36868616420114,5.682028581948497,3,field
SIM-FIELD-02762,field,0.5171924783363618,False,14.482882548727812,0.8641176532855883,4.149429968661607,0.0722370843851134,-5.921160497871428,-4.574051831134051,0.0012412361461704,57.44182512322882,7.572824744976856,1,field
SIM-FIELD-02763,field,0.5149479498001648,False,14.32086095758759,0.8675112196167768,4.41732687053806,0.0698048874833125,-2.645171160581841,6.687424952660532,0.0011601629161104,63.28105423268626,7.546658643056119,1,field
SIM-FIELD-02764,field,2.264755447131773,True,5.571948695095861,0.7542042635389624,1.4332543325217062,0.02,-3.2361690412274333,-6.313606214682259,0.0002,71.66271662608531,-3.646434988611878,1,field
SIM-FIELD-02765,field,0.6330099495244923,False,14.139422391247075,0.6809805644049433,3.088263374613037,0.0670934868854967,10.181779510168264,-17.420289129808097,0.0010697828961832,46.02925735375088,6.587994045912044,1,field
SIM-FIELD-02766,field,1.1076890253496443,False,12.209262646111885,0.2538227985998935,2.725995320533787,0.0447259037967355,-8.918917971309503,-7.684179952239987,0.0004472590379673,60.94891526222785,4.386888176040779,1,field
SIM-FIELD-02768,field,0.7809029548648767,False,10.320132784768004,0.5058174809850117,12.002046997342648,0.0321362464415984,-6.946236297302021,-19.753270243849727,0.0003213624644159,373.4738286611698,5.716409399937312,3,field
SIM-FIELD-02769,field,1.0312566732225998,False,15.228153285329466,0.3010873504257881,0.8371876829492021,0.0935101231448208,4.937102036071906,0.4714032954573961,0.0018940452583906,8.952909640089283,4.84226743629921,1,field
SIM-FIELD-02770,field,0.5283276729083324,False,11.794203405700864,0.8433695837946308,13.374821786947807,0.0419614002495647,-2.8030123565398384,-3.0263954693952595,0.0004196140024956,318.7410741157656,7.425643425536988,3,field
SIM-FIELD-02771,field,0.6206984550403294,False,11.695224497928145,0.6976488389075153,9.984344905297949,0.0413044082901894,-6.5093575102016,-9.44512743794514,0.0004130440829018,241.72589122089965,6.691822373582438,3,field
SIM-FIELD-02772,field,1.0016712071441507,False,11.380803806370162,0.3220296290369584,4.67563099395869,0.0392033794277841,-7.596824279661857,-0.8849023672895754,0.0003920337942778,119.26601895562582,4.730004950543719,3,field
SIM-FIELD-02773,field,0.5909094889174095,False,14.354246223129502,0.7368876954084664,3.283216967805444,0.070320983832369,-12.221384350734578,-22.443388230216843,0.0011773661277456,46.68900787326823,6.935744140899127,1,field
SIM-FIELD-02774,field,1.3226364702953728,True,4.37186989952497,0.8540434559669474,8.960533777737307,0.02,-3.678640087219968,-4.13677358684442,0.0002,448.0266888868654,-0.8664606940053119,3,field
SIM-FIELD-02775,field,0.7569631642335933,False,11.859415095741186,0.5315536894918649,6.277045083024242,0.042396747342297,5.447092846194505,6.808648636964147,0.0004239674734229,148.05487393515125,5.848191335010627,3,field
SIM-FIELD-02776,field,0.6280807948014768,False,12.238259490655878,0.6865689186844639,7.654318648307633,0.0449251250175769,7.554477200900728,-6.958465316697042,0.0004492512501757,170.37946239020795,6.6577921800990065,3,field
SIM-FIELD-02777,field,0.5568082493530947,False,15.485999435424274,0.7955700367319251,2.169596871859916,0.1089439349161899,-4.003303865866308,-0.2518885743984895,0.0023441981017222,19.914801806350926,7.16789466551713,1,field
SIM-FIELD-02778,field,2.812779837326215,True,5.106648713290605,1.0111342824015876,1.3545070416485598,0.02,-7.202212094880019,-13.677416141687836,0.0002,67.72535208242799,-4.234444951044102,1,field
SIM-FIELD-02779,field,0.5193946770068762,False,13.867434219768889,0.8613505743041059,5.333383947783493,0.062994074100515,-0.660226527560625,-11.562036040428742,0.0009331358033505,84.66485179658972,7.502448467080299,3,field
SIM-FIELD-02780,field,1.6461896808958785,True,3.5580491684646733,0.6898546129836021,13.538504441534569,0.02,8.709185728358127,2.0642455590609603,0.0002,676.9252220767285,-0.7840973726635738,3,field
SIM-FIELD-02781,field,0.5815895357372727,False,14.477458183252011,0.7567263760887418,3.19160038506842,0.0721854261124102,-20.33785700358154,-3.781536258798458,0.001239514203747,44.213916256424454,6.997500727246653,1,field
SIM-FIELD-02782,field,0.7199384732407829,False,12.357133649032864,0.57138426812747,5.499815755261088,0.0457153294802845,20.558453773098,-3.528400843169169,0.0004571532948028,120.30572278021043,6.058874353037085,3,field
SIM-FIELD-02783,field,1.3101709565977389,True,10.04048724908687,0.5833405236603144,0.4950038453292124,0.0302700889343202,-1.1965204901812514,-7.57395983732247,0.0003027008893432,16.352903567718872,-1.4864698875708253,1,field
SIM-FIELD-02784,field,0.8303026436944166,False,12.117585986076444,0.4591035361066609,4.648157275113434,0.0441154628081266,0.3765079029817945,-2.547875213881849,0.0004411546280812,105.36344808009555,5.453990058201166,1,field
SIM-FIELD-02785,field,1.3893059031049546,True,4.476580272589279,1.0713804054011409,13.714336263253726,0.02,-10.978571626713808,-8.881115376005829,0.0002,685.7168131626863,0.1624542414492698,3,field
SIM-FIELD-02786,field,1.7735861203675267,True,3.380646289960853,0.834438716488998,6.456010537714478,0.02,4.679975198634228,-16.520582986717656,0.0002,322.8005268857239,-2.5695325571169123,3,field
SIM-FIELD-02787,field,0.5666893237935581,False,14.63032323763824,0.7776530046376338,3.178490163574861,0.0744806937567573,-13.45178232843926,-5.671907363894073,0.0013160231252252,42.67535656898323,7.1414275964583975,1,field
SIM-FIELD-02788,field,0.5173013152020813,False,15.91884076771485,0.8718268691702543,2.0475227913091123,0.1351194471175577,2.470567822497811,0.4749938345300244,0.0031076505409287,15.153427837280228,7.474984491024122,1,field
SIM-FIELD-02795,field,0.8235504561998598,False,9.963262974134526,0.4647750415612171,12.828918682611032,0.029907073775349,4.474467018196049,-10.382233847189328,0.0002990707377534,428.95934182585626,5.504213235757497,3,field
SIM-FIELD-02797,field,0.9820431319251934,False,14.460456447711955,0.3324731479815183,1.2444886238904331,0.0719232394632296,-8.149266117317953,-0.5534628572466931,0.0012307746487743,17.30301128228063,4.935411102679323,1,field
SIM-FIELD-02799,field,1.0109182674148398,False,11.066040159902492,0.3148530697403248,5.332487327215041,0.0371071445465326,-6.6756274290917,-19.72926751082627,0.0003710714454653,143.70513798301207,4.700689319959315,3,field
SIM-FIELD-02800,field,0.521119193486255,False,15.456625207649813,0.8623039436072703,2.480819457214089,0.1071843792795972,8.241873280392202,-8.623605542734204,0.0022928777289882,23.145345188245344,7.429601004849804,1,field
SIM-FIELD-02801,field,0.5847099341447741,False,15.528427206951587,0.7425982987777424,1.99374705525002,0.1113529498686276,-10.321185007952502,-17.067828282910078,0.0024144610378349,17.904752928433513,7.026777501711194,1,field
SIM-FIELD-02802,field,0.8631913773732596,False,11.510598957854985,0.4290209229215528,5.731944077067547,0.0400677549209408,-12.5010736679846,1.39736779291754,0.0004006775492094,143.05628274849596,5.302108680909772,3,field
SIM-FIELD-02803,field,0.5529554559911934,False,14.97131286881743,0.8081171724199921,2.793201712010104,0.0795601374678088,13.092295396957942,-2.07101866573139,0.0014853379155936,35.108055376855965,7.20182436660231,1,field
SIM-FIELD-02804,field,0.6672480772287477,False,15.544083587732368,0.6309549950321961,1.4365690132869902,0.1126404059232913,-10.19805168393574,-20.84751199948044,0.0024520118394293,12.753585194510938,6.330716060185884,1,field
SIM-FIELD-02805,field,1.489405634749255,True,4.304136593884995,0.9667308026239898,6.187469937569551,0.02,5.803751064110687,5.680222293402891,0.0002,309.37349687847757,-1.7382978966932425,3,field
SIM-FIELD-02806,field,1.156099100361187,True,10.322356867820726,0.9848222895087914,1.1466695615833795,0.0321489990793706,3.8901429683878175,-10.849217853698509,0.0003214899907937,35.66734873308002,0.6195482892520126,1,field
SIM-FIELD-02807,field,0.5026089397973981,False,16.781922688052326,0.8970856877239415,1.6012213180263957,0.1869519224964497,-7.936030858791016,3.235573464060981,0.0046194310728131,8.564882867448466,7.80417950553367,1,field
SIM-FIELD-02808,field,0.5875485844193101,False,16.864501709198038,0.7556069640508429,1.1786670171968128,0.1910068640594811,-1.4982229411198618,-7.434326484577432,0.0047377002017348,6.170809740270728,7.221457363090899,1,field
SIM-FIELD-02809,field,0.7628197173549462,False,16.184668537948575,0.530142327405412,1.00616677475407,0.1509601177349138,3.191627061944526,-13.887089729361987,0.0035696701006016,6.665116521178795,6.198018398568022,1,field
SIM-FIELD-02811,field,2.7900296834224414,True,6.188879868177618,1.0783664184904498,0.8665968717402877,0.0204725876971136,0.3092965542098546,-24.09430212333914,0.0002047258769711,42.32962068895999,-4.122034546943475,1,field
SIM-FIELD-02814,field,0.6252273931070911,False,11.292477988586398,0.6908151385676112,11.843434085655026,0.0386146888137182,-15.0188955380645,-6.64521968568018,0.0003861468881371,306.70800282216817,6.6598662252708785,3,field
SIM-FIELD-02815,field,0.5085700383974048,False,13.88867231419938,0.8779281625329332,5.600406023851315,0.0633143072095509,1.0174947184590275,-12.194334834055178,0.0009438102403183,88.45403623095316,7.629769884521432,3,field
SIM-FIELD-02816,field,1.415429451105039,True,9.449558201357815,0.5670797238164044,0.4730474656240532,0.0286239759794811,-4.969720503726638,22.850752385497263,0.0002862397597948,16.526266859752607,-2.175918198289663,1,field
SIM-FIELD-02817,field,1.8130814001077729,True,2.282536780903748,0.8630591395939555,9.632299008907433,0.02,-4.594603558210628,-9.836021684556751,0.0002,481.6149504453716,-2.79881344094,3,field
SIM-FIELD-02818,field,1.942117571282899,True,8.153892675135882,0.7380346428790142,0.5242644734318753,0.0253852146638005,-8.47748819005861,-7.819272372900804,0.000253852146638,20.652355332629124,-3.248355180251778,1,field
SIM-FIELD-02819,field,1.154818849845477,True,8.661675363220304,1.000106356997284,1.3446662606416853,0.0266534938126979,16.653822736516947,1.6056090176992528,0.0002665349381269,50.449906120790715,-0.6952520966751212,1,field
SIM-FIELD-02820,field,0.6262928335192318,False,14.257098208732138,0.6882297291526809,3.0038170440065977,0.0688333549092291,6.484403847906941,-5.598937909285307,0.0011277784969743,43.63897485409141,6.645465594736855,1,field
SIM-FIELD-02821,field,2.702333013202006,True,6.837961127574148,0.9707526262470868,0.705732981676525,0.022095112051659,-17.940313235948075,-3.471258618036338,0.0002209511205165,31.940683533376124,-3.9188368014418735,1,field
SIM-FIELD-02822,field,0.9312545447816812,False,12.830084834351135,0.3733806497324984,2.791200626695607,0.048868521180039,0.1485372581529868,-3.4888508012950963,0.0004886852118003,57.1165355385403,5.059040104102305,1,field
SIM-FIELD-02823,field,0.5576659941344477,False,15.07420549790544,0.7884829641659725,2.5148939876660004,0.0844604340414962,-11.434726624007284,-1.342865179403437,0.0016300959928769,29.77600122715933,7.07680391098436,1,field
SIM-FIELD-02824,field,0.5245560293848346,False,12.233690917475748,0.8510852676961639,11.113337769975145,0.0448924263821256,-4.927169897055943,-17.222223103602293,0.0004489242638212,247.5548475677857,7.462913488227892,3,field
SIM-FIELD-02825,field,0.9783886934083864,False,12.941444226348194,0.338358081207012,2.3815820829402217,0.0496125296008849,-1.9669524220208825,-10.695960780480466,0.0004961252960088,48.003641461122825,4.825771998235139,1,field
SIM-FIELD-02826,field,0.7445897119286811,False,11.68352559773834,0.5443302446456024,7.038693791479863,0.0412231638400005,-13.546433799133338,-14.344553470481674,0.0004122316384,170.74608389591714,5.920985958941952,3,field
SIM-FIELD-02828,field,1.1762763050260006,True,3.5520217432728507,0.7961273735754753,12.831503775125652,0.02,-15.558582762211325,-7.103952855349608,0.0002,641.5751887562826,-0.9065904764234336,3,field
SIM-FIELD-02829,field,0.873444603240566,False,11.528906789714991,0.4200513620224289,5.619445140018497,0.0401942029425288,-17.432788885463474,-16.688637654251654,0.0004019420294252,139.80735351447055,5.277373968517114,3,field
SIM-FIELD-02830,field,1.4518254178056025,True,8.098895365151025,0.6122972998090331,1.3583528114723955,0.025247940507643,8.87406598872092,-4.173775272377744,0.0002524794050764,53.80053913946755,-1.2360417049532177,1,field
SIM-FIELD-02831,field,0.627559930995119,False,11.398003930012669,0.6872567177181576,11.252056801760215,0.0393200012467761,-7.0856320738883705,-8.947251700655414,0.0003932000124677,286.1662371560272,6.654163509364709,3,field
SIM-FIELD-02833,field,1.266598706126352,True,5.44934581040496,0.5784252086080308,4.908649202567622,0.02,-8.45446925275522,3.9151826028250967,0.0002,245.43246012838108,-1.0958442081880282,3,field
SIM-FIELD-02836,field,0.7851810951682028,False,10.398610664880469,0.5029287716376698,11.557891862147407,0.0326580982936068,-2.169546341499606,4.320165204521511,0.000326580982936,353.90584467712245,5.71300379891507,3,field
SIM-FIELD-02837,field,0.5045734364290971,False,13.066634497563996,0.8871772378344159,8.224650923373712,0.0509977364078417,2.390169064023608,-13.485536213629484,0.0005332578802613,161.27482321174247,7.64222186941587,3,field
SIM-FIELD-02838,field,0.5876096428139567,False,14.24166616895335,0.7468660911299343,3.31920177517696,0.0686258041359019,0.3308296415460384,8.290730376703532,0.0011208601378633,48.36667223022753,6.846834439406075,1,field
SIM-FIELD-02839,field,1.0890776925493546,False,12.448411348671703,0.2632284254810365,2.455393069831184,0.046323632330645,-12.447957520205296,-10.966359325181807,0.0004632363233064,53.005192950010525,4.399016477390505,1,field
SIM-FIELD-02840,field,0.9760621737383188,False,13.934747250298797,0.3416617335212188,1.6181348880467723,0.0640273400061377,-2.2034827533453,-12.535343524129631,0.0009675780002045,25.272561500940956,4.979820858598027,1,field
SIM-FIELD-02841,field,1.1711093050032215,True,9.612942906073595,0.7659960098980515,0.9566606781058776,0.029032796155148,-0.1440867771291974,5.186403397937171,0.0002903279615514,32.95103485704892,-0.48326747692293814,1,field
SIM-FIELD-02844,field,0.7146128394566869,False,12.81256103078546,0.5760463856512966,4.53780025413564,0.0487544939414648,9.12217244215408,-16.723185816341005,0.0004875449394146,93.0745022106839,6.096787906295688,1,field
SIM-FIELD-02845,field,0.7206256507180425,False,15.858380385749198,0.5764241849139252,1.252657972679375,0.1316881027015378,-2.761726024128069,1.601141957408699,0.0030075696621281,9.512309365702077,6.347542920069445,1,field
SIM-FIELD-02846,field,0.6353047423092394,False,14.211271522375776,0.6767457221477592,2.8923818005628235,0.0681655749571584,1.603055467344635,4.564629961448341,0.0011055191652386,42.43170841558464,6.517549623394965,1,field
SIM-FIELD-02847,field,0.7943406781261748,False,15.958814845945549,0.4729227855791013,1.1789445654549298,0.1379697718870022,0.3144231336935743,-11.514554200508552,0.0031907850133708,8.544948283457988,6.316281770135884,1,field
SIM-FIELD-02848,field,1.2798865501393055,True,6.191911666177175,0.6478929219415258,2.830946664763515,0.0204799463695279,-6.013013069814163,-12.063897927435033,0.0002047994636952,138.23017959537623,-1.5484298973065531,1,field
SIM-FIELD-02849,field,0.7526051710952762,False,13.558419456470611,0.5356345100161392,2.9277051491450656,0.0583632387150251,10.336191522359526,1.5251699993808836,0.0007787746238341,50.16351411614438,5.891056139189326,1,field
SIM-FIELD-02850,field,0.5282900710588782,False,16.677847436417615,0.8421402507539487,1.620339174148627,0.1804274463806329,-6.249567942033973,-6.598098153658914,0.0044291338527684,8.980558150395428,7.725877095684135,1,field
SIM-FIELD-02851,field,0.6744593169066112,False,11.513446765998934,0.6261182469162384,9.23261014206174,0.0400875654359778,9.029973655822731,-5.798726958819027,0.0004008756543597,230.31107131728317,6.340069252734141,3,field
SIM-FIELD-02853,field,0.6889215265530882,False,11.176114446287476,0.6080330278362143,10.31783464531008,0.0378420060481206,-10.28818039894847,-6.084413113775582,0.0003784200604812,272.6555942142636,6.244057264010353,3,field
SIM-FIELD-02854,field,0.6804967764237235,False,15.819482009562869,0.6244964924947545,1.318389829883903,0.1292049298701136,0.8913234463920172,-7.8578537713137635,0.0029351437878783,10.203866301458053,6.419701230560712,1,field
SIM-FIELD-02855,field,0.5617591789136565,False,13.412919678853072,0.7860927531827457,5.65382893897445,0.0561928801818736,11.587921538078913,-0.7415702332709636,0.0007064293393957,100.61468500413744,7.174633001014882,3,field
SIM-FIELD-02856,field,0.917872174291922,False,14.595559456351191,0.3833857408391687,1.271550339047358,0.0739080422647405,-0.4374535853921512,-2.3474466512071417,0.001296934742158,17.204492232288228,5.117227246419629,1,field
SIM-FIELD-02857,field,1.5946145875241813,True,8.248152723554457,0.8580113599892819,1.2084801071452802,0.0256203432579175,-2.200161677267608,-9.821596150068167,0.0002562034325791,47.168771119872545,-1.3406497471547532,1,field
SIM-FIELD-02858,field,0.6589752072257326,False,11.86733006367524,0.6439336921846314,8.145285494057521,0.042446539073207,-0.315378822438465,-10.026501614647536,0.000424465390732,191.8951620533644,6.421861618819834,3,field
SIM-FIELD-02859,field,0.5889330837126528,False,16.001742880113422,0.7435956455249058,1.7143575653082592,0.1398251939149879,0.962712018496092,6.872811298566041,0.0032449014891871,12.260720098486463,7.172249921505609,1,field
SIM-FIELD-02860,field,1.6398440400886931,True,2.7118645893783557,0.7239043065607694,11.822893655940998,0.02,9.258116998999572,-23.24280440805452,0.0002,591.1446827970499,-1.9245164944747781,3,field
SIM-FIELD-02861,field,1.3962720703965523,True,5.246691842164187,0.7255011680333677,5.275870212812982,0.02,-2.6069501094415064,3.414742844779376,0.0002,263.79351064064906,-1.1418376413493538,3,field
SIM-FIELD-02862,field,1.3980425105879573,True,4.011272884614024,1.0106554474250833,7.398787308852902,0.02,6.8507625782904205,-0.7678411156709891,0.0002,369.9393654426451,-1.6429244006718688,3,field
SIM-FIELD-02863,field,1.3042451415216731,True,7.899937082034269,0.6641964867882335,1.996185199177375,0.0247505478902558,-7.1777791258598285,-16.70560076396373,0.0002475054789025,80.65216204620931,-0.5990587621427945,1,field
SIM-FIELD-02865,field,0.6773308707771204,False,11.504762960037905,0.6213449136035926,9.16209999164829,0.0400330819634254,-1.738433402638366,-10.623981548807537,0.0004003308196342,228.86321867546621,6.314738095985293,3,field
SIM-FIELD-02866,field,0.9170988453523148,False,10.972030131007754,0.3842544623547373,6.592131769652057,0.0364813324760299,-3.5391689167523928,-15.066691958070107,0.0003648133247602,180.69876625212152,5.067159530294083,3,field
SIM-FIELD-02867,field,1.4542001227260706,True,5.214510252061677,1.0700068732113903,5.6215264063045804,0.02,4.589716606643525,-2.6572996124861183,0.0002,281.076320315229,-1.0362184727375734,3,field
SIM-FIELD-02868,field,0.979056552707504,False,14.220859950346776,0.3365488133981407,1.303790488939449,0.068291006900228,6.691311577049292,-10.5771831691587,0.0011097002300076,19.091686418451328,4.79689899318584,1,field
SIM-FIELD-02869,field,1.961970269245454,True,3.732547159562524,0.8165943007360926,3.992903561095441,0.02,-7.09084443699636,-10.857687271837078,0.0002,199.64517805477203,-3.2610087354836654,1,field
SIM-FIELD-02871,field,1.2609607983065665,True,3.956312813252583,0.7132651961265841,8.32427582344305,0.02,0.6084146920189972,5.519898033763425,0.0002,416.2137911721525,-1.4419548764937966,3,field
SIM-FIELD-02872,field,0.5442914161095154,False,15.288787259719696,0.8169353194371285,2.538758990047896,0.0975281203369022,6.3003360938276725,-8.790828288389847,0.0020112368431596,26.031046033471984,7.311894631240005,1,field
SIM-FIELD-02873,field,0.7017208900448573,False,11.2686284708166,0.5915712878046376,9.535910448396818,0.0384568445210406,-0.7548934365205091,-5.803360390125416,0.0003845684452104,247.9639337850381,6.16543929062578,3,field
SIM-FIELD-02874,field,0.6753762178508709,False,12.317557787875788,0.6253694725692327,6.370046624560509,0.0454499449197621,-2.63208802528977,-9.247747980508278,0.0004544994491976,140.155211096653,6.338270843363565,3,field
SIM-FIELD-02876,field,1.6142104618911517,True,3.569579376532331,0.7545526684342441,5.819757704685026,0.02,-5.189926231161696,-8.015926165312022,0.0002,290.9878852342513,-2.6058961037480675,3,field
SIM-FIELD-02877,field,0.7911724975847512,False,13.41235187278136,0.4931604228488639,2.8425710922041514,0.0561886024157681,-1.5913603940307424,-10.503769336108862,0.0007062867471922,50.58981661744351,5.680908548403224,1,field
SIM-FIELD-02878,field,0.6478595819558541,False,11.192336237397498,0.6594832598817896,11.544911038746484,0.0379475680716782,-8.213564196661675,1.2353389389056535,0.0003794756807167,304.23322561645045,6.504289191082114,3,field
SIM-FIELD-02879,field,1.3101963855145344,True,9.869835234928006,0.5938725609406031,0.4836015280139303,0.0296741996714208,17.734618297092545,-5.1755772414970895,0.0002967419967142,16.29703693338987,-1.7077264430140762,1,field
SIM-FIELD-02881,field,1.6315552274371816,True,8.41811128561572,0.6275505732314666,0.6847067407348952,0.0260461079312826,10.713683643699282,-2.7022650278952245,0.0002604610793128,26.288255525215355,-2.4043656974402765,1,field
SIM-FIELD-02883,field,0.7547787153639932,False,10.456666775090865,0.533445404921071,12.05069518003418,0.0330481696520254,2.641581085633765,2.2551504871269348,0.0003304816965202,364.640320687038,5.861727281074444,3,field
SIM-FIELD-02884,field,1.1285211128015007,False,8.957580740255077,0.2399243171440613,11.664896518016558,0.0273944315190436,7.86250148687379,1.1636953874908815,0.0002739443151904,425.8126878781022,4.291985192357544,3,field
SIM-FIELD-02885,field,1.5113970942923938,True,3.290099743874619,0.5752289596223525,7.102594616608195,0.02,25.238950166708587,-0.1671827622286147,0.0002,355.1297308304097,-2.4528151168734045,3,field
SIM-FIELD-02887,field,0.9864905888557992,False,13.042615544054057,0.3318836535030574,2.225605181441904,0.0506336076938327,-7.959778173362117,-1.64208116161845,0.000521120256461,43.955097865029046,4.779856162714939,1,field
SIM-FIELD-02888,field,2.4125943880033454,True,5.69557765027691,0.7389560030067477,1.32285298173812,0.02,-1.7377578255006143,1.815381681791596,0.0002,66.142649086906,-3.6968644468799,1,field
SIM-FIELD-02890,field,0.5864930843847237,False,13.676504541891417,0.7486234332442385,4.644711954750157,0.0601608669027794,7.284515352850509,-11.450284503636215,0.0008386955634259,77.20487077182683,7.011298472246459,1,field
SIM-FIELD-02891,field,0.9860749875712802,False,10.067901968928886,0.3321055144014792,8.853476538518775,0.0304476337002903,0.6920465186649177,-6.3143666086541606,0.0003044763370029,290.77716270720776,4.803471172710413,3,field
SIM-FIELD-02892,field,0.6254834752418127,False,15.337455837201796,0.6857349042504078,1.7502363987338625,0.1003768363395209,10.97433096929326,-11.312610716351328,0.002094324393236,17.43665632989023,6.552939394153002,1,field
SIM-FIELD-02893,field,0.7392881903032065,False,15.15210281919225,0.544740067562952,1.3300240738284028,0.0890439000954371,6.908210395555802,0.7923384452659833,0.0017637804194502,14.936723036646928,5.771400328675094,1,field
SIM-FIELD-02894,field,0.6287767176598412,False,12.668345114620424,0.6864608359166149,6.267745917826672,0.0477840556045429,0.8513427328656693,-0.8076666926606417,0.0004778405560454,131.16814465682958,6.653902028138594,3,field
SIM-FIELD-02898,field,1.082197033439122,False,12.738458967682018,0.2690043691990865,2.227481678307118,0.048253625990626,-20.02193192348132,4.738040432679743,0.0004825362599062,46.16195431074631,4.477529670299887,1,field
SIM-FIELD-02899,field,0.5465522624454879,False,13.129811023369465,0.8113150925880994,6.752392910607441,0.0519390018601456,-4.663777466322211,-12.415589940121931,0.0005646333953381,130.00621245647696,7.277099549532101,3,field
SIM-FIELD-02900,field,1.0284090027254986,False,9.13137457281079,0.3030097883013987,12.58536544469478,0.0278285136592592,-4.732207491273235,-9.891403776956508,0.0002782851365925,452.2471303639795,4.630703726785777,3,field
SIM-FIELD-02901,field,1.0272975812522105,False,10.360011219632115,0.3039598398806002,7.170762877949833,0.0323965746949299,-19.59400975618433,-21.13106856627683,0.0003239657469492,221.34324216294584,4.6378380273013615,3,field
SIM-FIELD-02902,field,2.756263841436662,True,5.567016552674328,0.6872809967909899,1.5267335674410525,0.02,-16.563004237427563,-8.810343308359606,0.0002,76.33667837205262,-3.514167175880967,1,field
SIM-FIELD-02903,field,0.9562912329376766,False,12.68363455865418,0.3563987796452245,2.778610227480106,0.0478973517176588,-1.7332117071902742,-4.245695374455853,0.0004789735171765,58.01177158727312,4.902772708290012,1,field
SIM-FIELD-02905,field,0.7112608554024488,False,14.040841420795116,0.5837545106482723,2.6731859743054827,0.06562441373889,8.842596341301848,-13.214814920062016,0.0010208137912963,40.73462636849909,6.175987289783691,1,field
SIM-FIELD-02906,field,2.231670317670856,True,1.95243400685324,0.981147299574745,13.190431541226417,0.02,-8.497258271780082,-1.3933704799292852,0.0002,659.5215770613208,-2.446270971856352,3,field
SIM-FIELD-02907,field,1.0095875828825418,False,13.321354750840888,0.3165398556198685,1.8489621987020524,0.0548286994571278,-6.50156996089734,-10.486373841150929,0.0006609566485709,33.72252519226379,4.655994912199423,1,field
SIM-FIELD-02908,field,0.6663392300022553,False,12.316858054281168,0.6349492141740894,6.523801339322958,0.045448255987753,-11.503927551179832,1.4679509572041416,0.0004544825598775,143.54349132958887,6.389361692157429,3,field
SIM-FIELD-02909,field,1.9415553726346604,True,5.742502834570593,0.6331309537685684,1.9083892676828125,0.02,13.268090824966162,-10.430247096388976,0.0002,95.41946338414063,-2.85416233779343,1,field
SIM-FIELD-02910,field,1.2035659480981007,True,9.595344258645133,0.690089042532188,1.264183614653728,0.0289882108793766,3.943341902484893,1.5670126482598208,0.0002898821087937,43.61026694314274,0.10439504388155285,1,field
SIM-FIELD-02911,field,0.5913492884123903,False,11.981011417445306,0.7396686067586833,9.718271568527449,0.043204032800118,-4.186259812199124,-9.833832331635248,0.0004320403280011,224.93899154018106,6.918956571809321,3,field
SIM-FIELD-02912,field,0.8237125201431488,False,13.16128432644416,0.465789421958253,2.8827612316738067,0.0524392808534009,12.730406641656284,-19.194028266147946,0.00058130936178,54.973317420825154,5.4603276908986125,1,field
SIM-FIELD-02913,field,1.6835276724831132,True,7.23399159192084,0.9256152012143288,1.2179564162904923,0.0230842635432086,-3.253926340102209,-2.21496446040762,0.000230842635432,52.761328686563864,-2.337849669809988,1,field
SIM-FIELD-02914,field,1.2785421070498977,True,6.225763828520936,0.6141399010102728,4.784103900933804,0.020564926882126,-12.852947462907998,-8.958976164577976,0.0002056492688212,232.63413132248508,-0.3752331561339233,3,field
SIM-FIELD-02915,field,0.8571345688425152,False,13.260699028630036,0.4337462685864923,2.675064686274649,0.0539175428878595,15.995597269953794,-11.782369112118486,0.0006305847629286,49.61399468515075,5.397370469860146,1,field
SIM-FIELD-02916,field,0.7748294611143436,False,15.986754071497613,0.5056481451350531,0.7276021868331805,0.1392678807104864,11.632317802092665,-19.302796598357705,0.0032286465207225,5.22447949319871,5.296224049899013,1,field
SIM-FIELD-02917,field,0.6849018243576294,False,16.62957522300477,0.6118688298375443,1.0466274621989755,0.17829598638586,-3.5818509622885086,3.1847610515758547,0.0043669662695875,5.870168383565923,6.7285358524977035,1,field
SIM-FIELD-02918,field,0.8219581439992463,False,11.219116219147285,0.4662295712889627,7.235666750353098,0.0381293606924077,3.2332322862077576,1.799630661895392,0.000381293606924,189.76627509503092,5.516509001921753,3,field
SIM-FIELD-02919,field,0.7909092652604732,False,12.633760072763245,0.4978127711078621,4.081987783939248,0.047557192812945,1.428161075528667,-14.170466889896064,0.0004755719281294,85.83323662510495,5.68811857616312,1,field
SIM-FIELD-02920,field,1.017640620660663,False,11.809202159830702,0.3112479944331641,3.724051948422895,0.0420635658974932,-14.06545502177064,-6.407229077436198,0.0004206356589749,88.53390978544765,4.664280812403074,1,field
SIM-FIELD-02921,field,1.4811981502085598,True,5.364187912138595,0.6799107159480154,3.4505902665089634,0.02,20.190490252216723,-4.21877925784904,0.0002,172.52951332544816,-1.9463451232768367,1,field
SIM-FIELD-02923,field,1.459111846009392,True,9.332167448475884,0.8273643186688878,0.4782445048895613,0.0283307957333148,-9.454546763567704,-7.279617342496583,0.0002833079573331,16.88072969751369,-2.269582608470225,1,field
SIM-FIELD-02924,field,1.2846705831003271,True,9.347294428876184,0.9518093072491116,0.6464512747856619,0.0283678981709912,1.3415621474938637,2.6444904738695483,0.0002836789817099,22.78812730111666,-1.6000265900780075,1,field
SIM-FIELD-02928,field,0.6116642733506891,False,11.937279151466822,0.7111693851978055,9.28147555168218,0.0429178485341151,3.105185623780541,-10.387830346899232,0.0004291784853411,216.26143594556933,6.775364276640946,3,field
SIM-FIELD-02929,field,1.630422191739769,True,7.40337452985194,0.593343720857789,1.0575214844296477,0.0235084758880977,7.502530054501276,-8.519664465401549,0.0002350847588809,44.98468932922482,-2.4751794741941584,1,field
SIM-FIELD-02930,field,0.5400602927558547,False,14.138813688477898,0.8216365665606601,4.297375858212146,0.0670920512797234,0.1743135543764512,3.981749922512724,0.0010697350426574,64.05193724507424,7.304830387091661,1,field
SIM-FIELD-02931,field,0.8465131487274609,False,10.84829830899259,0.4432087511918209,8.130042080664705,0.0356544985790722,-5.857417913993094,-12.60473671078798,0.0003565449857907,228.022897661411,5.39876227641753,3,field
SIM-FIELD-02933,field,1.3661281574564563,True,7.882065531309963,0.6105602992084799,1.1155375279286466,0.0247035811965238,7.397550195359731,-15.006093400812553,0.0002470358119652,45.15691547125245,-1.8805135436042848,1,field
SIM-FIELD-02934,field,0.7762350500309997,False,13.962914796552123,0.50855991150319,2.1988676422469404,0.0644333307428372,-7.442597175927031,-13.98772605656863,0.0009811110247612,34.12624517306021,5.673910238554376,1,field
SIM-FIELD-02936,field,0.7271583159407262,False,14.711084522488594,0.5658619847098946,1.815726593530604,0.0756781444346603,3.0778708809439657,1.7544119565211445,0.001355938147822,23.992747273267025,6.006336794459642,1,field
SIM-FIELD-02937,field,0.5501581387800819,False,13.66314805650374,0.8073938279784979,5.148584082960236,0.0599488855548544,-17.025771630602794,-2.899464774658477,0.0008316295184951,85.88289899483087,7.221587105102895,3,field
SIM-FIELD-02938,field,1.7438911645722572,True,7.177298912235417,0.5794296403212751,1.0720347332947575,0.0229428903171206,-4.422832864769339,-2.7214674856905217,0.0002294289031712,46.72622840788183,-2.6716568054123337,1,field
SIM-FIELD-02940,field,0.7765442116795533,False,10.59500040805716,0.5105796224662279,10.753678690925454,0.0339698852232429,7.523505003114262,-8.69698404564921,0.0003396988522324,316.5650581464892,5.7527856883262025,3,field
SIM-FIELD-02942,field,1.29961435091679,True,4.693769193110477,0.8393336420266313,6.109063106887271,0.02,-1.6621240687643717,0.851564070498017,0.0002,305.45315534436355,-1.376357749709296,3,field
SIM-FIELD-02944,field,1.3441861563571735,True,2.571644635581664,0.7742422057357182,13.241155363798544,0.02,10.94525845911425,-3.2446437584891155,0.0002,662.0577681899272,-1.818725957695004,3,field
SIM-FIELD-02945,field,1.318500248852592,True,6.273188469602111,0.7804902882067408,2.922005961603872,0.0206831073200196,-7.356377707343942,-6.055465378555582,0.0002068310732001,141.27499878974197,-1.398406042069361,1,field
SIM-FIELD-02946,field,0.5718287104978724,False,15.997395240470814,0.7726834358069024,1.5288539351524868,0.1398459124942109,11.989711862250791,-9.445917734085482,0.0032455057810811,10.932417743820546,6.919225217606195,1,field
SIM-FIELD-02947,field,0.7796681477316296,False,13.82945567477885,0.5073651465041996,2.305842432447656,0.0624385967011455,-14.933634874076182,-23.01644511909477,0.0009146198900381,36.929760665254555,5.643603809137451,1,field
SIM-FIELD-02948,field,1.3728927339940566,True,2.7486066266451026,0.9868579221114672,13.471753026856817,0.02,-4.663086808261593,8.050429785195792,0.0002,673.5876513428408,-1.6042728110896558,3,field
SIM-FIELD-02949,field,1.4612120722362802,True,5.883753180981329,0.9029487822068464,3.139445882289582,0.02,6.0280855717717365,-12.64708964952633,0.0002,156.9722941144791,-1.6319818135256972,1,field
SIM-FIELD-02950,field,0.8435015584138421,False,10.48281033905268,0.4459534031100295,9.645482170217203,0.033216016051909,-9.718275385858044,-5.128294244601708,0.000332160160519,290.38648569845134,5.4044300518970445,3,field
SIM-FIELD-02951,field,0.8389958671502218,False,15.360283162697971,0.4491046502880103,0.9372227335647711,0.1017862600439151,0.4077691882681912,-4.143701992477908,0.0021354325846141,9.207752924219946,5.219497234868431,1,field
SIM-FIELD-02952,field,0.5265503546311626,False,16.944426210158433,0.8420878458501316,1.3566798645526348,0.1966738948914936,2.2448655328926117,-3.778811203138037,0.0049029886010018,6.898118661356277,7.606813107039423,1,field
SIM-FIELD-02953,field,0.7075504383672077,False,12.703424495309768,0.5856319657532159,4.823758465807477,0.048019805479618,1.6282372499936042,-16.596904320152795,0.0004801980547961,100.45351949322078,6.120352264194592,1,field
SIM-FIELD-02954,field,0.6214107739314432,False,11.983272412106873,0.696385072983555,8.79777390484874,0.0432268865408952,6.940923776326415,-1.591305933003308,0.0004322688654089,203.52550481574755,6.705136396072465,3,field
SIM-FIELD-02955,field,0.6506058098054988,False,15.80432120367489,0.6577712586239497,1.422783718491582,0.1284128609584065,-13.582467825846486,-13.390732934733192,0.0029120417779535,11.079760297159238,6.570015637319928,1,field
SIM-FIELD-02956,field,0.5289966696183098,False,12.042262958000194,0.8431758094509236,11.860642141061312,0.0436209911060179,11.694150648697905,2.830280629986884,0.0004362099110601,271.9021700409057,7.412803970919697,3,field
SIM-FIELD-02958,field,0.7317537345091658,False,13.266291681620856,0.5577575112152564,3.460263999683672,0.0540065229472936,6.651071260719923,-22.22066992987573,0.0006335507649097,64.07122345314909,5.961837853665667,1,field
SIM-FIELD-02959,field,0.5413325623879909,False,16.913238796239572,0.8251585894785162,1.1910690825716506,0.1947979877847399,4.32262048199012,4.463478608693169,0.0048482746437215,6.1143808317354535,7.292923553735644,1,field
SIM-FIELD-02960,field,0.727875894224734,False,12.770343249137172,0.5632881343735869,4.521717767686826,0.0484756330417661,10.332640924228272,-7.974930490328229,0.0004847563304176,93.27815819941868,6.0468605064976355,1,field
SIM-FIELD-02961,field,2.289935321544772,True,8.020853493221685,0.9176358862424508,0.3843921880376612,0.0250516282180707,-0.2194935425430498,-23.759853382739703,0.0002505162821807,15.344000185999262,-4.055273741954609,1,field
SIM-FIELD-02962,field,1.138735849627008,True,5.901479099972838,0.7350609770689586,8.241955424625388,0.02,-11.190336606052506,-14.153808848399398,0.0002,412.0977712312694,0.48163040686595604,3,field
SIM-FIELD-02963,field,1.029554028985423,False,13.593248593283402,0.3020175235592111,1.5798202721715755,0.0589025400522114,2.1154599492685326,-9.66979453111096,0.0007967513350737,26.820919280751184,4.586287005131773,1,field
SIM-FIELD-02964,field,0.6222009592573072,False,15.98843288809155,0.6919673292853191,1.3112502007508977,0.1393225947227347,2.922794566710624,-9.202671291680575,0.0032302423460797,9.411611974069325,6.576860726549576,1,field
SIM-FIELD-02965,field,1.8116467932014884,True,3.027632762482015,1.014342925142884,9.139015571596875,0.02,-3.490160123279737,3.2344235711139646,0.0002,456.95077857984376,-2.1678701509980227,3,field
SIM-FIELD-02967,field,1.3081240274509336,True,4.550498330257883,1.0395104504147312,8.0189984430462,0.02,12.478393486415632,-1.6033081925701969,0.0002,400.94992215231,-0.9289010239701154,3,field
SIM-FIELD-02968,field,1.820481424410601,True,8.303499042562457,1.063670944500936,0.7684641649004246,0.0257592088431005,10.894771639411532,17.424846408743445,0.000257592088431,29.83259965712241,-2.2683828562214146,1,field
SIM-FIELD-02969,field,0.6428675256606827,False,14.264629847164722,0.6677289939223648,2.8576077533904867,0.0689566228509804,14.86106957336975,-14.816651386779512,0.001131887428366,41.440656970193515,6.5446429249520435,1,field
SIM-FIELD-02972,field,0.7286183475835422,False,13.977247802490073,0.5609697559255437,2.6796374987413056,0.0646762026914684,0.0741888879898025,2.224781523973567,0.0009892067563822,41.43158359998744,6.11762803579713,1,field
SIM-FIELD-02973,field,2.362991578533576,True,1.9997312536366325,0.702023408955767,11.190910732918011,0.02,16.506713927380776,1.2462852006712508,0.0002,559.5455366459006,-2.755941588884225,3,field
SIM-FIELD-02974,field,0.9155144228533733,False,14.479927179989437,0.3812380000482188,1.446487266088333,0.0721987919742355,3.244810896131276,-3.774402477651734,0.0012399597324745,20.03478488399805,5.28150025379499,1,field
SIM-FIELD-02975,field,1.5573764648531263,True,3.613446557356142,0.826244305936401,9.132839066687492,0.02,-0.3027245827648107,-1.36267700615419,0.0002,456.6419533343746,-1.5835244184278423,3,field
SIM-FIELD-02977,field,0.6887650120891367,False,15.099677694741004,0.6096486361326068,1.8277468629576896,0.0859812088916443,3.907582562350584,-7.024357857277004,0.0016744519260062,21.25751529338303,6.409257930632744,1,field
SIM-FIELD-02978,field,0.5436244573468316,False,14.605688989163491,0.8167225335046078,3.4412977849936537,0.0740952638522197,1.9155717264033365,-7.64302794190472,0.0013031754617406,46.444234166669496,7.289300263898324,1,field
SIM-FIELD-02979,field,1.977108686552084,True,7.9895990498233935,0.8523066333917849,1.1814093539118615,0.0249748736065102,2.0152884268436275,11.856395982425294,0.0002497487360651,47.30391722999165,-1.6483989246770587,1,field
SIM-FIELD-02980,field,0.5836022013405455,False,11.439031114799326,0.7519780537181823,12.782190001908358,0.0395941380189486,5.8884174274151615,-10.74208007224348,0.0003959413801894,322.83036432795114,6.972057459131085,3,field
SIM-FIELD-02981,field,1.414357543071277,True,6.280261861714672,0.995400440566076,5.287898162805165,0.0207009110364847,10.210835256605549,-7.902750599461903,0.0002070091103648,255.44277512643825,-0.10332272488156313,3,field
SIM-FIELD-02982,field,0.6050798365305151,False,14.929949199083984,0.722461820759827,2.3970885926835286,0.0789431416958407,-5.619505184537701,-4.843620631090018,0.0014647713898613,30.364747857632132,6.828369624993995,1,field
SIM-FIELD-02983,field,2.728335359449924,True,1.3489084025660645,1.024044316112661,10.363816272725858,0.02,13.966063123607904,-15.200669284373475,0.0002,518.1908136362929,-3.573493070871077,3,field
SIM-FIELD-02984,field,0.5852745510787912,False,15.809993505263916,0.7440038882857647,1.4870086517982275,0.1287870652462717,1.0899757077279126,-1.3184331806982097,0.0029229560696829,11.54625776241357,6.671560982094595,1,field
SIM-FIELD-02985,field,0.7256663341085718,False,13.207063481115004,0.5652488806053515,3.5928838932393825,0.0531079914847789,10.267474560542729,-1.1116395184494117,0.0006035997161592,67.65241525409837,5.984279395498685,1,field
SIM-FIELD-02986,field,1.0029153773233883,False,11.605161005746412,0.3212083306403631,4.163100781369132,0.040699511107217,-2.810907108186425,3.953204377727684,0.0004069951110721,102.28871718881445,4.70224562835554,1,field
SIM-FIELD-02988,field,1.0188586585789212,False,13.470988148919124,0.3105263046027103,1.6917734367820805,0.0570577968389524,-2.4398293913920552,-2.118658254890298,0.0007352598946317,29.65017106351248,4.612699157139771,1,field
SIM-FIELD-02989,field,0.5537159571614453,False,11.56114762925326,0.7988659061460281,13.421811082695028,0.0404059803041838,6.467753141326444,-5.003993511067805,0.0004040598030418,332.1738757890074,7.200203237535829,3,field
SIM-FIELD-02991,field,0.7834511275526573,False,13.135622306990204,0.5028607512331439,3.28664569189366,0.0520305846374807,8.549507299271813,-6.450771403196798,0.0005676861545826,63.16757181940438,5.719386750201533,1,field
SIM-FIELD-02992,field,0.6140907830737037,False,16.403692206099613,0.7093882027776623,1.2041716931975743,0.1641224780843185,2.6629122783979824,-11.20504227934979,0.0039535722774592,7.337030900660218,6.807134275642994,1,field
SIM-FIELD-02993,field,0.5255986897204891,False,13.842343154137088,0.8484619095405703,5.18714144775412,0.0626457583292219,-8.408426269946323,-13.962105118287791,0.0009215252776407,82.8011598246471,7.416983608623539,3,field
SIM-FIELD-02994,field,1.068193229410766,False,14.747376015262905,0.2785601331013723,0.8553637403963043,0.0761927267318147,9.55080716061869,-6.756597126464517,0.0013730908910604,11.226317485749494,4.408130196237172,1,field
SIM-FIELD-02995,field,0.5800172071056204,False,11.146960166423286,0.7572105076217531,14.811535650010184,0.0376417609018623,1.6222730762851214,7.835170384174395,0.0003764176090186,393.4867895427653,6.99996060749362,3,field
SIM-FIELD-02997,field,1.4495177650859947,True,6.672930523570152,0.773376768842382,2.6009555751315108,0.0216824013858417,8.365087535771128,-15.25674009871134,0.0002168240138584,119.95698856630787,-1.2514048043393942,1,field
SIM-FIELD-02998,field,1.2600374449170135,True,5.654107760762096,0.8586038139524801,4.971359428239111,0.02,13.19633014239712,-14.540014162628356,0.0002,248.56797141195557,-0.8635164208695683,3,field
SIM-FIELD-02999,field,1.3546857755252704,True,3.193004296575377,1.025609734229775,10.863892353256665,0.02,6.793271867474352,-8.95508970766204,0.0002,543.1946176628333,-1.6270684350432267,3,field
