kepmag,sigma,anchor,label,t0,period,rp_rs,b,a_rstar,id,depth_ratio,shape,dur,n_transits_found,bls_period,bls_duration,bls_t0,bls_power,bls_depth,bls_depth_err,bls_snr,bls_odd_even_mismatch
13.821770123928726,8.554425309821814e-05,Kepler-10b,planet,0.2129385924455404,0.8139476903720756,0.0203243743598783,0.3281943215280245,3.444237036827336,SIM-PL-0000,,,,8,12.209758131776482,0.09,0.20900000000000002,2.622361917008151e-06,0.00040484270996654637,0.17742172072922877,0.0022818103009179746,0.09585388115660787
15.736010257773852,0.0002236010257773,Kepler-90b,planet,1.792417790143306,7.146104505360234,0.0149706884363241,0.5019206924654847,13.008981802595432,SIM-PL-0001,,,,13,7.151793160967474,0.09,1.753,1.4437846150077718e-06,0.00022312704089721969,0.13217871058843939,0.0016880709450401827,0.20859823912942185
11.680455775780956,3.680455775780956e-05,Kepler-90i,planet,5.173204454758689,14.12105367028222,0.0221999289145976,0.3891002090529046,20.48527507024387,SIM-PL-0002,,,,7,14.12885738115096,0.16,5.148000000000001,4.1791830070732984e-06,0.0003863373344202836,0.13448743243314124,0.0028726649578379483,0.14903798564091117
11.414792828875196,3.414792828875196e-05,TRAPPIST-1b,planet,0.236203616054925,1.4740354716807214,0.0866760989233691,0.1410252485201828,45.03998421442893,SIM-PL-0003,,,,10,8.843202668890743,0.02,1.714,9.5389112288711e-05,0.0046040830258157195,0.3336740682737929,0.013798144547564556,0.6015068426480025
14.379390971588306,0.0001127634582952,TRAPPIST-1e,planet,4.8455194630999765,6.260716577046824,0.0631967775522205,0.3700047019261935,118.12513077670398,SIM-PL-0004,,,,5,18.780233527939952,0.02,11.11,4.631466869339891e-05,0.004304168616278581,0.4474673913296483,0.009618954810290766,0.0006491689496184226
14.72453615131974,0.0001334721690791,Kepler-452b,planet,237.6266300285467,385.9060181767334,0.0151067195053467,0.5526300404242247,200.92918946652213,SIM-PL-0005,,,,8,11.429107589658049,0.02,3.8499999999999996,2.2498764946790648e-07,0.0002371643151215519,0.35387458383743353,0.0006701931304297989,0.48878565291201925
11.945702876207658,3.945702876207658e-05,HAT-P-7b,planet,1.3076556569611844,2.1460895734086063,0.0892753921363631,0.5434036239755841,3.804746418396207,SIM-PL-0006,,,,42,2.1426188490408675,0.16,1.3820000000000001,0.004295726201177546,0.005094707994963366,0.05715213277289963,0.0891429199188026,0.009966723851229696
12.284409071290858,4.711022678227144e-05,Kepler-10b,planet,0.6937877562528022,0.828070347964073,0.0245935078037757,0.3216311970413382,3.483962924483351,SIM-PL-0007,,,,54,1.6547122602168476,0.09,1.559,2.165793169634361e-05,0.00042932833932518566,0.0670439966816869,0.006403680576555737,0.014495507226552587
14.418947988060722,0.0001151368792836,Kepler-90b,planet,6.797076175483774,6.81316374211865,0.0164049572782896,0.5128570464759384,12.60171389054072,SIM-PL-0008,,,,14,6.810258548790659,0.09,6.787,1.4426613170175109e-06,0.00022343767699439798,0.12998694004948783,0.0017189240465952363,0.1071761208971552
12.233996679059484,4.584991697648709e-05,Kepler-90i,planet,8.691539029297658,14.465061552967097,0.0217391079540251,0.4235574367230538,20.81663791522304,SIM-PL-0009,,,,6,14.470391993327775,0.16,8.68,3.78743566867647e-06,0.0003972528408056064,0.14512973002993387,0.002737225796007962,0.04726824858107928
15.009889783012053,0.0001509889783012,TRAPPIST-1b,planet,0.2386841242394824,1.4918583414917244,0.0773210357332154,0.1484725214091423,45.40231503410575,SIM-PL-0010,,,,61,1.492076730608841,0.02,0.232,0.0003218905241869873,0.003303262507397542,0.13106882771980585,0.02520250287474254,0.15102014976251144
15.5829568690618,0.0002082956869061,TRAPPIST-1e,planet,0.7193406294950796,6.176770787571368,0.0693308222856671,0.3226842613214662,117.06684933933084,SIM-PL-0011,,,,15,6.175979983319434,0.02,0.716,7.914276504463282e-05,0.0032484409603097397,0.25863922698323705,0.012559738127118197,1.1747251812795947
15.122449355653506,0.0001622449355653,Kepler-452b,planet,312.85233232544823,379.05295390783976,0.0142251131965016,0.6139909472718275,198.5433086606538,SIM-PL-0012,,,,109,0.8252710592160134,0.3,0.668,3.842136097127938e-07,2.1908149915983444e-05,0.031316688444238294,0.000699567898278662,0.459437085836196
12.719682377379025,5.799205943447557e-05,HAT-P-7b,planet,0.3107747828486691,2.1793260620769144,0.0797887601649039,0.5272387256665556,3.8439284526438384,SIM-PL-0013,,,,42,2.1751459549624688,0.23,0.397,0.0024188586156406702,0.003198082548969694,0.048664462860623314,0.06571700088685067,0.0013764693998186155
14.00572029961344,9.03432179768064e-05,Kepler-10b,planet,0.0188885957844114,0.847399737461756,0.0212543376069609,0.3094819217298095,3.537970867299315,SIM-PL-0014,,,,18,5.086321934945788,0.09,2.549,5.677612746021288e-06,0.0003767496763771305,0.11283173414868812,0.0033390400246853863,0.018149307128346892
10.028932264339666,2.0289322643396654e-05,Kepler-90b,planet,1.5576270427508392,7.127661128073594,0.0155665263688636,0.527940337652927,12.986588913942024,SIM-PL-0015,,,,13,7.135529608006673,0.16,1.52,1.3979070732610565e-06,0.00016637706627820048,0.10066338150342667,0.0016528062518199515,0.11008653176677874
13.327599524606264,7.318998811515657e-05,Kepler-90i,planet,1.0273106480877598,14.324345393443206,0.0227311325582748,0.4159920783287168,20.681415203890516,SIM-PL-0016,,,,7,14.324020016680569,0.16,1.038,5.4064941258163615e-06,0.0004433957446720038,0.13568895328998806,0.003267736495279754,0.007703271997262551
14.724511012616832,0.000133470660757,TRAPPIST-1b,planet,0.2627593706533367,1.5435606048359798,0.0930067837509678,0.1177614430569397,46.445331157770255,SIM-PL-0017,,,,20,4.63094245204337,0.02,1.806,0.0002468325245943195,0.0050972905557689074,0.2299116555987761,0.022170648732417034,0.18823205792311634
13.456338110249035,7.640845275622588e-05,TRAPPIST-1e,planet,1.0155309033148592,6.118493455573264,0.0652499389384256,0.3161651570248455,116.32934240588382,SIM-PL-0018,,,,5,18.357381150959135,0.02,1.012,5.197945127642257e-05,0.0045598004902153155,0.4474673913296483,0.01019024085010056,0.0047157166409804345
13.189864686179972,6.974661715449933e-05,Kepler-452b,planet,261.06135104101986,396.12147509837536,0.0142245505578336,0.6159715761438077,204.4596390731653,SIM-PL-0019,,,,17,5.297748123436198,0.09,0.631,6.362437883739066e-08,4.146779239866394e-05,0.11723563460403424,0.0003537132079228492,0.5452180851578602
13.881004862074828,8.70251215518707e-05,HAT-P-7b,planet,0.7420269286201907,2.1428059886181168,0.0760615376264089,0.5008040074396566,3.800864506653742,SIM-PL-0020,,,,42,2.1426188490408675,0.16,0.746,0.0041405207059548,0.005009397656861814,0.057231644719463896,0.08752845879961525,0.007347875702214595
14.331274327732618,0.0001098764596639,Kepler-10b,planet,0.4767843782378281,0.8327298207233097,0.0230254002714789,0.2563998988855108,3.4970199828483275,SIM-PL-0021,,,,27,3.3298582151793163,0.09,1.323,1.1365755546837595e-05,0.0004316524776061259,0.09181494794314511,0.0047013311805548215,0.0543004713422458
15.343853203285718,0.0001843853203285,Kepler-90b,planet,2.7063314627212245,7.174621365409182,0.0174434413522792,0.4745535079762849,13.04356745387766,SIM-PL-0022,,,,13,7.168056713928274,0.16,2.746,2.7482104125038545e-06,0.0002321346132665436,0.10018034607866344,0.0023171672124616864,0.028581061054135323
10.049559713241903,2.049559713241905e-05,Kepler-90i,planet,8.58196426839479,14.807837563790113,0.0242792250902302,0.3881341101159745,21.14421138661325,SIM-PL-0023,,,,6,14.811926605504588,0.16,8.57,6.020319835112566e-06,0.000500845944174988,0.14512973002993387,0.003451022365105244,0.012686154125756991
13.954685211957392,8.88671302989348e-05,TRAPPIST-1b,planet,0.1285242220247591,1.487368437283596,0.0837080431432395,0.1307905044956514,45.31117392549654,SIM-PL-0024,,,,5,19.333194328607174,0.02,4.59,0.00015021460373272936,0.007751505756502519,0.4474673913296483,0.017323062879440083,0.008075005341309558
11.223744579680812,3.223744579680812e-05,TRAPPIST-1e,planet,3.3442606241490767,5.943790233710237,0.0655117914088934,0.2999308321255774,114.1042767538242,SIM-PL-0025,,,,8,11.884487072560468,0.02,3.3539999999999996,4.5320780594513656e-05,0.003366035523970301,0.35387458383743353,0.009511944846303582,0.5859347801053346
15.58926179019733,0.0002089261790197,Kepler-452b,planet,327.35432225774395,389.4490869760503,0.0126654400219842,0.6060079709867497,202.1571585835899,SIM-PL-0026,,,,9,9.282318598832362,0.02,7.7459999999999996,6.127225238443405e-07,0.0003689994049511647,0.3336740682737929,0.0011058677914652507,0.09129172362702014
12.331621718003433,4.829054295008582e-05,HAT-P-7b,planet,0.9563441910331606,2.20285391107032,0.0775489281783414,0.4365943492738782,3.871544762161008,SIM-PL-0027,,,,81,1.1017514595496247,0.16,0.946,0.0027510730689600097,0.0029436027360347783,0.04289258680485996,0.0686273073113243,1.6449575737608986
15.98534794206052,0.000248534794206,Kepler-10b,planet,0.531175777043257,0.8505221174093829,0.0237151112538554,0.3304449110993177,3.5466563521489327,SIM-PL-0028,,,,53,1.7035029190992494,0.16,0.456,1.3822982565945879e-05,0.0002581022732370819,0.05157532469662101,0.005004375149459634,0.09186577408610289
12.356572197192262,4.891430492980656e-05,Kepler-90b,planet,5.08130508779825,6.942408462674434,0.0149076723672556,0.5097243195765058,12.760582673523327,SIM-PL-0029,,,,13,6.940366972477065,0.16,5.098,1.475682361752784e-06,0.00017094277670004487,0.10066338150342667,0.001698162471267924,0.0040100261307385015
14.022220532012522,9.133323192075132e-05,Kepler-90i,planet,10.898395511557544,14.34478273198313,0.0210028901808982,0.4303936539774375,20.701082077666424,SIM-PL-0030,,,,6,14.34028356964137,0.16,10.91,3.366959368984674e-06,0.00037455303190303546,0.14512973002993387,0.002580815328642737,0.006098263438537691
13.11155724590703,6.778893114767572e-05,TRAPPIST-1b,planet,0.838615111211106,1.5265344116551995,0.0882219820366765,0.1204013973552618,46.10315772518716,SIM-PL-0031,,,,30,3.053377814845705,0.02,0.8360000000000001,0.0002817375487031779,0.004407967306211957,0.18630906881569873,0.023659435014258063,0.18157069094436604
14.883314344052785,0.0001429988606431,TRAPPIST-1e,planet,1.8488720457913692,5.990026313093451,0.0712657292965635,0.3344947892532722,114.69524848961107,SIM-PL-0032,,,,8,11.982068390325272,0.02,1.84,6.904730068019897e-05,0.004441598833116789,0.37826487059409347,0.0117420336341065,0.30219866716922705
15.90442555096683,0.0002404425550966,Kepler-452b,planet,51.03731970688032,392.2890300672162,0.0131812694701941,0.663791670830875,203.1387491367664,SIM-PL-0033,,,,95,0.9553794829024187,0.3,0.32999999999999996,8.892029012896225e-07,3.583360867831509e-05,0.03244548491450929,0.0011044251233332826,0.11329042133524041
14.970317439716744,0.000148219046383,HAT-P-7b,planet,1.3429417999929965,2.2415000891294943,0.0840187318302736,0.5591701574206076,3.916694163389748,SIM-PL-0034,,,,40,2.2402001668056712,0.16,1.366,0.004849582455365215,0.005566663930814175,0.058643233232093694,0.09492423292526965,0.007423150412200236
15.381886419382452,0.0001881886419382,Kepler-10b,planet,0.2347054905053593,0.8387157076644712,0.0232492746882105,0.3210191779437257,3.513758319114743,SIM-PL-0035,,,,36,2.516680567139283,0.09,0.22699999999999998,1.551524709463049e-05,0.0004417695562313195,0.08077501032960434,0.0054691364869984965,0.03888801770002203
15.554699951160812,0.000205469995116,Kepler-90b,planet,1.0108961818802775,7.174487231701234,0.0165230016692181,0.4931993154719423,13.043404881998256,SIM-PL-0036,,,,13,7.168056713928274,0.16,1.05,2.399779810560435e-06,0.00021692050638255633,0.10018034607866344,0.0021653000301299257,0.179156454162002
14.98363628705906,0.0001490181772235,Kepler-90i,planet,9.89138562787443,14.11550019237481,0.0225923087623324,0.3524570544278954,20.479903800587085,SIM-PL-0037,,,,6,14.11259382819016,0.16,9.906,4.476412329984014e-06,0.000431876348525706,0.14512973002993387,0.0029757951622774253,0.021252026119563134
11.305079649979032,3.3050796499790314e-05,TRAPPIST-1b,planet,0.4064063650533445,1.5258162391863517,0.0924498693875127,0.1376291124216049,46.08869681510279,SIM-PL-0038,,,,5,16.77981651376147,0.02,6.514,0.00021745160024001081,0.009326341195560195,0.4474673913296483,0.020842504674691478,0.028687203769989577
13.806741598958585,8.516853997396461e-05,TRAPPIST-1e,planet,1.556197550726118,6.184769271867493,0.0692929565379043,0.3175785979471457,117.16788977165209,SIM-PL-0039,,,,4,12.372393661384487,0.02,1.542,5.5204145166801826e-05,0.00525376746567674,0.5002269632436452,0.010502767447019425,0.07311793783844248
11.194592865823594,3.194592865823594e-05,Kepler-452b,planet,104.81375589626845,395.8193650660472,0.0134733358343366,0.5701342495861665,204.3556690095733,SIM-PL-0040,,,,7,13.803586321934947,0.09,4.867,1.2721796862878043e-08,2.9122496301825507e-05,0.1831985152046966,0.00015896687955841525,0.08580797233671668
12.73650188934445,5.841254723361123e-05,HAT-P-7b,planet,1.57984633591189,2.2519038843122603,0.0805329724755748,0.4773208121846482,3.9288042162230177,SIM-PL-0041,,,,40,2.2564637197664723,0.23,1.487,0.002549218304943978,0.0033548214488099415,0.049601271205633,0.06763579576220516,0.008705261806746018
14.664560550757123,0.0001298736330454,Kepler-10b,planet,0.5331963585802676,0.8615722263580821,0.0220989860053084,0.3130137170140385,3.577309337510218,SIM-PL-0042,,,,53,1.71976647206005,0.16,0.626,8.348798348422808e-06,0.00020180645579881418,0.0518564066039367,0.003891639799497676,0.0024702805572928794
14.488808804358504,0.0001193285282615,Kepler-90b,planet,4.745217401317967,7.208148829880864,0.0170342303950726,0.436542525538914,13.084171487207634,SIM-PL-0043,,,,56,1.6221851542952461,0.3,0.7000000000000001,5.246615795771339e-06,0.0001132603703025703,0.0387423263397418,0.002923427191990483,0.5076005632808224
15.856861073241015,0.0002356861073241,Kepler-90i,planet,6.151401670821092,14.338636450571428,0.0234954346787853,0.3750113360554237,20.69516848682374,SIM-PL-0044,,,,6,14.34028356964137,0.16,6.140000000000001,4.691527414449358e-06,0.00044213155161676454,0.14512973002993387,0.003046457479977206,0.19133133625149845
12.95415834899395,6.385395872484874e-05,TRAPPIST-1b,planet,1.483422013560498,1.545840170355429,0.0789424574360218,0.1272641583912652,46.49104759304448,SIM-PL-0045,,,,15,5.411592994161802,0.02,4.566,0.00010077089454517308,0.0036655312401736584,0.25863922698323705,0.01417237161944978,1.861402559000448
10.108646589623792,2.108646589623792e-05,TRAPPIST-1e,planet,5.4030463822852495,6.158253872173228,0.0694183159785767,0.3624647903335082,116.83276785995322,SIM-PL-0046,,,,14,6.159716430358633,0.02,5.3919999999999995,6.497251668848242e-05,0.0032907070336654076,0.28906878268849695,0.011383820151937687,0.18540191078239135
12.767635188347434,5.919087970868585e-05,Kepler-452b,planet,203.49521731083743,377.4900611021026,0.0132165444491046,0.5286792588892364,197.99718349229457,SIM-PL-0047,,,,7,13.803586321934947,0.02,6.434,4.199226938317251e-08,0.00010953442952932324,0.37826487059409347,0.0002895707163007,0.21231566109025815
14.450667007984348,0.000117040020479,HAT-P-7b,planet,1.5933514583947368,2.1933757567713044,0.0890440111873546,0.524254056665533,3.860431462460621,SIM-PL-0048,,,,41,2.19140950792327,0.16,1.6380000000000001,0.005895907101550473,0.006051490808339555,0.05788150231477708,0.10454964999750216,0.009881506809056776
11.776620908879224,3.776620908879224e-05,Kepler-10b,planet,0.5017720989936706,0.8522460150295744,0.0211119257063883,0.2847145383927481,3.5514471418482274,SIM-PL-0049,,,,53,1.7035029190992494,0.09,0.525,1.4653236286502966e-05,0.0003538945263520388,0.0671790535181027,0.0052679296271519365,0.0328708185558236
13.40045885833874,7.501147145846851e-05,Kepler-90b,planet,0.9868114480516792,7.069119795076468,0.0158139249376619,0.4952047917463317,12.915383065710326,SIM-PL-0050,,,,13,7.07047539616347,0.16,0.978,1.961420113782814e-06,0.00019611021879861745,0.10018034607866344,0.0019575717840366424,0.17908930519019867
13.432551304242065,7.581378260605162e-05,Kepler-90i,planet,2.516336982304823,14.194613191542077,0.021725269962553,0.340780544195962,20.556354835270035,SIM-PL-0051,,,,7,14.193911592994164,0.16,2.512,4.578939166359751e-06,0.00040805254413711634,0.13568895328998806,0.0030072642926579703,0.08723501079439158
11.6566905620796,3.6566905620796e-05,TRAPPIST-1b,planet,0.0174527074067183,1.4786052205121556,0.0815706352939183,0.1394804844119365,45.13302368275728,SIM-PL-0052,,,,21,4.435779816513762,0.02,0.02,0.00016688784514625873,0.004085190878603706,0.22411568961834308,0.018228045013539952,0.13121018384038893
13.764724848740972,8.41181212185243e-05,TRAPPIST-1e,planet,1.0332422781612094,6.25125820554609,0.0701885208438471,0.3363730657695967,118.00612918264224,SIM-PL-0053,,,,7,12.502502085070894,0.02,7.284,7.377082230210273e-05,0.004958858144845424,0.40852635721681824,0.012138404431549557,0.09577222680046561
11.557707962107475,3.557707962107477e-05,Kepler-452b,planet,366.5533854019317,374.1368576118125,0.015152835050065,0.6541080668599534,196.82291561992596,SIM-PL-0054,,,,7,12.079649708090075,0.02,8.39,1.9562119978664526e-08,7.476079946566738e-05,0.37826487059409347,0.00019764140230164623,0.7114263469291324
11.932939346847505,3.932939346847504e-05,HAT-P-7b,planet,0.2775044858505075,2.268048266505346,0.0844144687897337,0.5448443455118784,3.9475594776275336,SIM-PL-0055,,,,80,1.134278565471226,0.16,0.268,0.0033017229100610374,0.0032504635534325033,0.04317720015364385,0.07528194375424752,1.700254432696742
12.851935515852382,6.129838789630955e-05,Kepler-10b,planet,0.5420054014523726,0.8380782132334887,0.020909887375137,0.2712905045794627,3.51197759238333,SIM-PL-0056,,,,107,0.841534612176814,0.3,0.364,7.436286962751925e-06,9.720546992530998e-05,0.03143338513928775,0.0030924276686896015,0.0296903976581421
14.325004495037572,0.0001095002697022,Kepler-90b,planet,4.210362447050776,6.958149075801953,0.0148892748268152,0.4367492474282322,12.77986354900588,SIM-PL-0057,,,,13,6.956630525437865,0.16,4.222,1.6245378191180312e-06,0.0001784760004251984,0.10018034607866344,0.00178154705400055,0.005189069732115088
10.26939830213643,2.2693983021364306e-05,Kepler-90i,planet,3.274666016252216,14.068065675394488,0.0231012322825958,0.4470356090639797,20.43399685508704,SIM-PL-0058,,,,7,14.063803169307757,0.16,3.29,5.501399115725129e-06,0.0004472704740261513,0.13568895328998806,0.003296292462882117,0.013108387500517356
14.217412159607424,0.0001030447295764,TRAPPIST-1b,planet,0.1196546682483663,1.532743496473262,0.0932368136742082,0.1259406176626897,46.228087635302806,SIM-PL-0059,,,,20,4.598415346121769,0.02,1.6460000000000001,0.0002887393840962142,0.005513040846805928,0.2299116555987761,0.023978953274238764,0.15624721662639338
11.280709479878144,3.280709479878144e-05,TRAPPIST-1e,planet,1.686627707179297,6.214555658182677,0.0745901560542959,0.3760140683720338,117.54378227908995,SIM-PL-0060,,,,5,18.633861551292746,0.02,1.706,3.12810198326182e-05,0.0035372882174126152,0.4474673913296483,0.007905130711092872,1.1072317111022125
12.097831868283023,4.244579670707563e-05,Kepler-452b,planet,58.69232314727621,373.6608760121656,0.0125834445224018,0.5376357044239772,196.6559464838954,SIM-PL-0061,,,,4,19.625938281901586,0.3,19.451999999999998,3.317513762869388e-08,3.353477205170208e-05,0.13106882771980585,0.0002558561988773676,1.3099627418673756
15.51329959117238,0.0002013299591172,HAT-P-7b,planet,0.4090168201790111,2.206187109510295,0.0743405574342673,0.5152879685924812,3.875449204694316,SIM-PL-0062,,,,41,2.20767306088407,0.16,0.38,0.0030930116139596424,0.004389886148694733,0.057964499418274244,0.07573404743853873,0.00805955869376434
13.393870737887198,7.484676844717995e-05,Kepler-10b,planet,0.0655047502218564,0.8172430332777506,0.0236233080176859,0.330831023259298,3.4535269845866905,SIM-PL-0063,,,,37,2.45162635529608,0.09,0.075,1.688044120952134e-05,0.0004551065567875989,0.07981531873463017,0.005701995105735735,0.013227941216417285
13.443620292901542,7.609050732253855e-05,Kepler-90b,planet,3.988578548443709,7.1890887715033305,0.0149452858116257,0.4738535121203508,13.061096204571822,SIM-PL-0064,,,,53,1.6872393661384488,0.3,1.172,2.418159515573547e-06,7.879320060144579e-05,0.03948644249816261,0.0019954494661075686,0.4262169109771376
12.880530818822937,6.201327047057342e-05,Kepler-90i,planet,10.070243927122403,14.686280134319182,0.0227802051055947,0.3654289575864169,21.02833737179509,SIM-PL-0065,,,,6,14.681818181818183,0.23,10.079,4.892044573098215e-06,0.0003850243822699495,0.12402326691074161,0.003104452832604772,0.06730992221675619
12.479630256651744,5.199075641629363e-05,TRAPPIST-1b,planet,0.0706667979371312,1.5058844989768745,0.0864239760207533,0.1275725648425882,45.68644669913144,SIM-PL-0066,,,,7,12.047122602168475,0.02,10.608,0.00021447051548732047,0.007827981230127956,0.37826487059409347,0.020694444128088137,0.049640778888120476
11.285109960929791,3.285109960929793e-05,TRAPPIST-1e,planet,3.6553381602252464,5.993785781234022,0.0758694668747874,0.3966522463497658,114.74323359221108,SIM-PL-0067,,,,5,17.983319432860718,0.02,3.6519999999999997,7.469258475078007e-05,0.0061111612951540994,0.5002269632436452,0.012216777071606073,0.07017159804571234
10.189777073844857,2.1897770738448548e-05,Kepler-452b,planet,163.10897269591123,385.5535955728175,0.0141468997490776,0.5731559748214943,200.80684055740136,SIM-PL-0068,,,,19,4.549624687239366,0.23,4.007,5.593200151937683e-09,7.246951861716866e-06,0.07023644276571314,0.00010317936923272775,0.020547588257941316
15.633335690512183,0.0002133335690512,HAT-P-7b,planet,0.0687066436223832,2.1763965550399846,0.0775171339878632,0.4456099462875882,3.840482941054132,SIM-PL-0069,,,,42,2.1751459549624688,0.16,0.094,0.004106254244837894,0.00498862599947647,0.057231644719463896,0.08716551872534059,0.01543102346661363
11.5400127543626,3.5400127543626e-05,Kepler-10b,planet,0.1044904074860801,0.8584802993348127,0.0223043434778261,0.3369850296962179,3.5687456092553984,SIM-PL-0070,,,,105,0.8577981651376148,0.09,0.139,3.59044151158381e-05,0.0003884055703016198,0.04852936401426447,0.008003516596414779,0.013679755978326156
11.382574108066166,3.3825741080661656e-05,Kepler-90b,planet,2.6390124269870783,7.1091939620041575,0.0154351286764723,0.5687966657920958,12.964147782082437,SIM-PL-0071,,,,13,7.103002502085071,0.16,2.676,1.3270157735546697e-06,0.00016210348568257427,0.10066338150342667,0.001610352078993652,0.041510566053398715
11.31214883036104,3.312148830361041e-05,Kepler-90i,planet,6.755062165568513,14.351517062533503,0.0207725503826486,0.3983775473443789,20.707560485254437,SIM-PL-0072,,,,6,14.35654712260217,0.16,6.74,3.148117746070098e-06,0.000366008821313879,0.14664872444411567,0.002495820012763604,0.015457281686416873
11.407730387295295,3.407730387295295e-05,TRAPPIST-1b,planet,0.9729907246463072,1.4714607690904429,0.0839868035022097,0.1162405383801422,44.98752127543515,SIM-PL-0073,,,,8,11.770642201834864,0.02,3.9179999999999997,8.710502393586365e-05,0.004988702205580342,0.37826487059409347,0.013188383572984743,0.9451951075489514
11.647726767480991,3.6477267674809926e-05,TRAPPIST-1e,planet,4.344754446126387,5.9559486038197,0.0741995318328396,0.376490981046654,114.25982839434243,SIM-PL-0074,,,,4,17.869474562135114,0.02,10.3,6.408105972098145e-05,0.005660435483290316,0.5002269632436452,0.011315734454988367,0.059019143776303316
14.237072659437718,0.0001042243595662,Kepler-452b,planet,300.13222194721413,387.392785385883,0.014715982452308,0.5124283249783306,201.44493410019584,SIM-PL-0075,,,,116,0.7764804003336114,0.3,0.318,1.4586356570774314e-07,1.306906378528705e-05,0.030914613706504415,0.00042274711595498044,0.1675944264172468
15.676996534550652,0.000217699653455,HAT-P-7b,planet,0.4759852095466621,2.185478172125455,0.0793139836637244,0.4625965180114473,3.851159176834602,SIM-PL-0076,,,,21,4.370725604670559,0.16,0.47800000000000004,0.002407655661662482,0.0054021944605733285,0.07934880482910134,0.06808161096072442,0.010503048597538032
15.853311176187946,0.0002353311176187,Kepler-10b,planet,0.142755721708104,0.8568337562168092,0.0238438106631522,0.2693547988778506,3.564180974519361,SIM-PL-0077,,,,105,0.8577981651376148,0.16,0.09,3.581354900977449e-05,0.0002942970597794581,0.038579314260535236,0.007628364200358784,0.03853660790289461
12.160688375398394,4.401720938495984e-05,Kepler-90b,planet,0.3338951637443992,6.8993787681189325,0.0164158531647374,0.5613878876728198,12.707800534279912,SIM-PL-0078,,,,13,6.907839866555464,0.16,0.278,1.6582713825758139e-06,0.00018211377666610407,0.10115370683564126,0.0018003668116879797,0.038424264238196115
14.219951200795215,0.0001031970720477,Kepler-90i,planet,8.354324371830943,14.27800736663281,0.0209345070999347,0.4130055454226076,20.63678938776102,SIM-PL-0079,,,,6,14.275229357798166,0.16,8.358,3.065439432817712e-06,0.0003611706399800907,0.14664872444411567,0.0024628283767836262,0.01895506957913086
12.043093459319532,4.107733648298832e-05,TRAPPIST-1b,planet,1.5045378496530095,1.5083306962122447,0.0889887078493011,0.1134003648093698,45.73590946753611,SIM-PL-0080,,,,60,1.5083402835696416,0.02,1.502,0.0005236909121156193,0.00421334004193874,0.13106882771980585,0.03214601149058771,0.09069882825557142
12.409620323392565,5.024050808481406e-05,TRAPPIST-1e,planet,3.5582395632548622,6.123019687304015,0.0631799356513937,0.3614315891902022,116.38670605459674,SIM-PL-0081,,,,5,18.373644703919936,0.02,9.67,3.5258066030982365e-05,0.004198694203617626,0.5002269632436452,0.008393578339703712,0.057289932573512135
14.851222252933308,0.0001410733351759,Kepler-452b,planet,194.57971820072947,394.4058239193542,0.0125325884913977,0.6050324276404528,203.8688520805788,SIM-PL-0082,,,,5,19.512093411175982,0.02,4.434,2.2409101679820422e-07,0.00029939339792217634,0.4474673913296483,0.000669084281275848,0.5082544957914316
12.020839707723102,4.0520992693077545e-05,HAT-P-7b,planet,2.222186715467332,2.239457407089599,0.0779975494079837,0.462780863525353,3.914314276066913,SIM-PL-0083,,,,41,2.2402001668056712,0.16,2.182,0.0032582817382283405,0.004589203576410572,0.058471044689904605,0.07848677239732861,0.00950063004424484
15.786092479093714,0.0002286092479093,Kepler-10b,planet,0.4690946837649872,0.8490473271509286,0.0247261437995,0.2892191322232479,3.542555273593579,SIM-PL-0084,,,,35,2.5492076730608844,0.09,2.131,1.7176624547763644e-05,0.0004707800602538059,0.08177215770551924,0.005757217046286043,0.014232688527665393
10.679620907762295,2.6796209077622957e-05,Kepler-90b,planet,4.453344836471242,6.939275181172212,0.0162285532088266,0.4922753513493934,12.75674293923104,SIM-PL-0085,,,,13,6.940366972477065,0.16,4.442,2.2473077446346528e-06,0.00021095294133555154,0.10066338150342667,0.00209562740874516,0.05894118279157296
15.06653981594826,0.0001566539815948,Kepler-90i,planet,10.698211995953203,14.791453600152678,0.0215218316005137,0.4131213518615274,21.128611994123688,SIM-PL-0086,,,,6,14.795663052543787,0.16,10.68,4.060012397690165e-06,0.00041129938394957044,0.14512973002993387,0.002834011913787323,0.015324897116538913
10.458385947056817,2.458385947056815e-05,TRAPPIST-1b,planet,1.512330976852688,1.5232789640678848,0.0777738572422875,0.1227756458620026,46.03758880946735,SIM-PL-0087,,,,5,19.804837364470394,0.02,9.118,0.00010821223709515284,0.006579125689486265,0.4474673913296483,0.014703028236172491,0.02877168447855495
11.038406162640982,3.0384061626409812e-05,TRAPPIST-1e,planet,3.8223488982497855,5.98424176172678,0.0724353297452936,0.3673541651808832,114.62139601649032,SIM-PL-0088,,,,15,5.980817347789825,0.02,3.8499999999999996,5.200886030690151e-05,0.00272577276872088,0.26768657552093117,0.010182702525953694,0.22667222369548712
12.385922745448475,4.964806863621188e-05,Kepler-452b,planet,67.5868030821409,380.6550148570523,0.0130712779617666,0.5556815502998363,199.10234197285533,SIM-PL-0089,,,,6,15.494995829858217,0.3,5.670000000000001,3.992734407153221e-08,3.0650724613834335e-05,0.1095261303406809,0.00027984851211756767,0.44559566326569444
10.03206331738902,2.032063317389021e-05,HAT-P-7b,planet,0.4551863546572539,2.258897067941605,0.0758112961505895,0.5289407410966425,3.936933825660808,SIM-PL-0090,,,,40,2.2564637197664723,0.16,0.506,0.002788871217991017,0.004228165039648624,0.05872996884071873,0.07199331317739688,0.02015008488174456
11.64144190427417,3.64144190427417e-05,Kepler-10b,planet,0.8067930365213084,0.8137726015528968,0.0209435229645127,0.301775778270004,3.4437430910654063,SIM-PL-0091,,,,55,1.6221851542952461,0.3,0.9440000000000001,3.5051313628194978e-06,9.303034634078333e-05,0.03888988121537013,0.0023921478655485246,0.003964049818752479
12.317606297153969,4.794015742884922e-05,Kepler-90b,planet,2.941625908232608,7.005418174544528,0.0171168557375385,0.5391653865509812,12.8376768854953,SIM-PL-0092,,,,13,7.005421184320268,0.16,2.936,2.512319076992266e-06,0.0002230445978130824,0.10066338150342667,0.0022157471215636616,0.03802711940669473
11.9702116210833,3.970211621083301e-05,Kepler-90i,planet,12.881864209699865,14.16916216092943,0.0239761184113099,0.4039391493647598,20.531775704292656,SIM-PL-0093,,,,6,14.161384487072562,0.16,12.904,5.6038431522436425e-06,0.0004883251076217565,0.14664872444411567,0.0033298967275221377,0.01752741987327079
12.91259858148739,6.281496453718477e-05,TRAPPIST-1b,planet,0.5345603346436263,1.5321842006887538,0.0843908427135916,0.1170289348685556,46.21684124507775,SIM-PL-0094,,,,14,6.1271893244370315,0.02,5.14,7.388932908992513e-05,0.0033715855455196397,0.2777598899227884,0.01213848963742343,0.12898557901240773
11.93502779426283,3.935027794262829e-05,TRAPPIST-1e,planet,1.17336293749522,6.074460489720391,0.0673085474228262,0.3696140488195348,115.77054584284936,SIM-PL-0095,,,,6,12.14470391993328,0.02,7.258,6.786052561651824e-05,0.004756067199431335,0.40852635721681824,0.01164200819705529,0.036448133458259764
10.337615049993266,2.3376150499932657e-05,Kepler-452b,planet,116.5547221610001,393.0526796889119,0.0124410331653577,0.5300609116749806,203.40229043908843,SIM-PL-0096,,,,7,12.160967472894079,0.02,10.25,6.32986167941972e-09,4.252683750782804e-05,0.37826487059409347,0.00011242608239310312,0.08512355894583191
15.68632085726875,0.0002186320857268,HAT-P-7b,planet,1.660134372188217,2.1438759441788227,0.0784627665427484,0.4549233985406899,3.802129644599832,SIM-PL-0097,,,,42,2.1426188490408675,0.16,1.6860000000000002,0.004446060035799082,0.005183088952780968,0.05715213277289963,0.0906893356609551,0.007992525675960888
13.836792607289578,8.591981518223945e-05,Kepler-10b,planet,0.404871348805483,0.8590821651759835,0.0226660088455444,0.2694892671859761,3.5704134053839582,SIM-PL-0098,,,,105,0.8577981651376148,0.16,0.466,3.0203415451620946e-05,0.0002719142687074294,0.03876063266516618,0.007015217503190969,0.016535427237681106
10.713307166855095,2.7133071668550952e-05,Kepler-90b,planet,4.3543118799014175,6.8048603220856565,0.0160704477598559,0.4868575952422689,12.59147306917475,SIM-PL-0099,,,,13,6.810258548790659,0.16,4.322,1.8772812256850724e-06,0.0001918578531042714,0.10018034607866344,0.001915124678783013,0.06388930821756786
13.128314427850375,6.820786069625941e-05,Kepler-90i,planet,5.492891394026032,14.423808281770556,0.0207883559060474,0.4034510830744063,20.77704075170449,SIM-PL-0100,,,,6,14.421601334445372,0.16,5.494,3.478421818672752e-06,0.00038070230160147656,0.14512973002993387,0.0026231861764157796,0.023251635311339874
10.569953697769431,2.569953697769433e-05,TRAPPIST-1b,planet,0.4744495570479423,1.5488665726240665,0.0932945487480874,0.143603962026682,46.55170705170343,SIM-PL-0101,,,,8,10.843619683069225,0.02,5.116,0.0003640152217799661,0.00953959147159833,0.35387458383743353,0.026957549107230385,0.013059253794141376
13.472201457975164,7.680503644937914e-05,TRAPPIST-1e,planet,0.0031302376892777,5.943729015293048,0.072168563015089,0.3068208628301453,114.10349327000512,SIM-PL-0102,,,,31,2.972060050041702,0.02,2.972,6.751057764002627e-05,0.0020869885332858162,0.18024006024579595,0.011578938280645048,1.93902669879603
11.421188486791726,3.421188486791726e-05,Kepler-452b,planet,344.0937158013505,392.0223680516466,0.0140070748726841,0.6883465221501247,203.04668176974957,SIM-PL-0103,,,,5,19.544620517097584,0.02,11.158,1.5520757459718717e-08,7.87927851003678e-05,0.4474673913296483,0.00017608609393018613,0.02617386144618838
14.981141549028823,0.0001488684929417,HAT-P-7b,planet,0.7980942247506986,2.233003035278863,0.0842650399791957,0.4469769211470589,3.9067896584083934,SIM-PL-0104,,,,20,4.468306922435364,0.16,3.0060000000000002,0.0026651891232307872,0.005864259294569352,0.08177215770551924,0.07171462095555713,0.003353693659800371
12.997172038549897,6.492930096374736e-05,Kepler-10b,planet,0.2427927091272756,0.8619108224228408,0.0206336161704385,0.2814104427777908,3.57824652613942,SIM-PL-0105,,,,53,1.71976647206005,0.23,0.355,5.691526039628629e-06,0.0001379681272826172,0.04398453277376416,0.003136741908621848,0.04648146101418518
15.90702577879224,0.0002407025778792,Kepler-90b,planet,4.694484713471497,7.186731200724867,0.0159195935393158,0.4599875738836382,13.058240567557611,SIM-PL-0106,,,,12,7.184320266889075,0.16,4.714,2.0751951653883864e-06,0.0002090175094852098,0.1037213537327992,0.0020151830068056028,0.528683779069074
11.342391924649071,3.3423919246490723e-05,Kepler-90i,planet,7.314388603210021,14.09994868025422,0.0227106779782555,0.4233880763596643,20.46485878015058,SIM-PL-0107,,,,6,14.09633027522936,0.16,7.3180000000000005,4.672994634722305e-06,0.00044125741895206794,0.14512973002993387,0.0030404343676588936,0.010545179692031914
15.44115226987132,0.0001941152269871,TRAPPIST-1b,planet,1.0532014697832175,1.516302688973009,0.0846646889063218,0.149423575584161,45.89692009828522,SIM-PL-0108,,,,6,16.682235195996665,0.02,4.074,0.0001881400352851974,0.00791917578382173,0.40852635721681824,0.019384736489887644,0.002049078393813471
14.06169668951312,9.37018013707872e-05,TRAPPIST-1e,planet,0.1220781539813827,6.038054304117125,0.0718725287521459,0.3088910074128808,115.30751593681823,SIM-PL-0109,,,,7,12.079649708090075,0.02,6.156,5.557310512384163e-05,0.0039847245871431625,0.37826487059409347,0.010534217943328579,0.1430420731213364
11.161319717485208,3.161319717485208e-05,Kepler-452b,planet,212.0151114439413,390.0837291366196,0.012434416649709,0.548058542526991,202.37672110585552,SIM-PL-0110,,,,20,4.549624687239366,0.09,1.287,1.1518451493829182e-08,1.6179709159680478e-05,0.10768038017133082,0.00015025679825736923,0.5435707517786144
12.925986853050915,6.314967132627288e-05,HAT-P-7b,planet,1.2973544406793496,2.2076224207431165,0.0732663865498,0.5276810705228167,3.877129894055801,SIM-PL-0111,,,,41,2.20767306088407,0.16,1.296,0.0034222728345415735,0.0046104612577893,0.05788150231477708,0.07965344839731733,0.0003293819766754652
11.738301221238917,3.7383012212389145e-05,Kepler-10b,planet,0.838045831198775,0.8404007296966375,0.0234174051166357,0.2594187592937782,3.518462956121043,SIM-PL-0112,,,,108,0.841534612176814,0.16,0.78,3.328581101487246e-05,0.00028283347451663055,0.03838425492916141,0.0073684763463196835,0.014607195039682146
11.359523205425916,3.359523205425916e-05,Kepler-90b,planet,0.5416585496359307,7.057365070969661,0.016732168078797,0.4604579944248687,12.901061728743349,SIM-PL-0113,,,,13,7.05421184320267,0.16,0.568,2.399014194373777e-06,0.0002179569488952593,0.10066338150342667,0.0021652059134119176,0.12576287708661926
10.7951106873814,2.7951106873813988e-05,Kepler-90i,planet,0.6686862692550276,14.1206673324772,0.0217717156618468,0.3947947970937117,20.484901430878672,SIM-PL-0114,,,,7,14.12885738115096,0.16,0.636,4.467292262170527e-06,0.0003994322874036893,0.13448743243314124,0.0029700343011772653,0.0043788067033853776
12.819408547477591,6.048521368693983e-05,TRAPPIST-1b,planet,0.3574472260448371,1.552986993988322,0.0859915212033012,0.1233798331101241,46.634230924802914,SIM-PL-0115,,,,116,0.7764804003336114,0.02,0.362,0.00026534681431918686,0.0021575929339796573,0.09489340701724952,0.022737016214281935,1.9814919228402141
10.949046033009513,2.9490460330095125e-05,TRAPPIST-1e,planet,2.546499216905806,6.216559139971006,0.0714502387786523,0.3417763701706569,117.56904385191324,SIM-PL-0116,,,,7,12.437447873227692,0.02,8.746,7.914664967128304e-05,0.0047553473561361415,0.37826487059409347,0.012571474979073552,0.29210543060779415
11.159540591665648,3.159540591665648e-05,Kepler-452b,planet,341.2802914353393,383.3718696154015,0.0133239654310281,0.68267425502782,200.04858934404703,SIM-PL-0117,,,,7,12.6488740617181,0.02,4.184,1.1915481171447921e-08,5.8347435178185414e-05,0.37826487059409347,0.0001542502085550434,0.4214323019407295
13.47375251453741,7.684381286343522e-05,HAT-P-7b,planet,1.659635252825315,2.1884849896084684,0.0835228484744894,0.4536133016489862,3.8546906935670977,SIM-PL-0118,,,,41,2.19140950792327,0.16,1.602,0.004093609845896435,0.004996102045165651,0.05739179792175809,0.08705254454611805,0.0098198018178369
12.891445437840336,6.228613594600843e-05,Kepler-10b,planet,0.7218729201740973,0.8472885979239284,0.0223091930621752,0.323916008567735,3.5376615154273283,SIM-PL-0119,,,,18,5.086321934945788,0.09,0.6990000000000001,6.393002833674191e-06,0.0004048742392170901,0.11424275197395478,0.0035439818476133513,0.07790186750814494
13.462380978343855,7.655952445859638e-05,Kepler-90b,planet,0.3268596346532582,7.085202813319468,0.0150822713147436,0.473658321247296,12.934964914971324,SIM-PL-0120,,,,13,7.086738949124271,0.16,0.316,1.682521198257951e-06,0.0001807493140495442,0.09970442295125312,0.0018128515134972001,0.06997244111695448
11.949815423432891,3.9498154234328936e-05,Kepler-90i,planet,4.139142205997588,14.500687209052534,0.0239555412349778,0.3560071393198707,20.85080310233614,SIM-PL-0121,,,,6,14.502919099249375,0.16,4.140000000000001,5.745337450376873e-06,0.00048927401364951,0.14512973002993387,0.0033712872858551743,0.030187173464359486
13.76130749815074,8.403268745376847e-05,TRAPPIST-1b,planet,0.0624663083941526,1.4779444781026916,0.0774563518847643,0.1236663443295329,45.11957699039407,SIM-PL-0122,,,,30,2.955796497080901,0.02,1.542,0.00017995496544225017,0.0035228805361351423,0.18630906881569873,0.018908797937367494,0.19488466933930307
10.576191147915484,2.576191147915484e-05,TRAPPIST-1e,planet,5.979758787185535,6.147330577811592,0.0626154896511603,0.3309271895443162,116.694571079063,SIM-PL-0123,,,,5,18.438698915763137,0.02,12.132,2.8348892900212976e-05,0.0033674258952627323,0.4474673913296483,0.007525522441437429,0.3557976350219009
10.345574498129796,2.345574498129796e-05,Kepler-452b,planet,79.3199795617619,386.3083910901891,0.0129814503076846,0.5926345016675388,201.068833864108,SIM-PL-0124,,,,5,17.658048373644707,0.3,8.672,2.3174697325343353e-08,2.5372063226947184e-05,0.11882534670040543,0.00021352399914235316,1.4314305314865556
14.051428006381308,9.308568038287844e-05,HAT-P-7b,planet,0.0856623226809064,2.142098398266985,0.0841300951923834,0.5035134805857525,3.8000277212723153,SIM-PL-0125,,,,43,2.1426188490408675,0.16,0.08,0.005799678154052714,0.0059197442961702595,0.05715213277289963,0.10357871192126851,0.0013506980308507024
12.705120528979428,5.7628013224485707e-05,Kepler-10b,planet,0.8018233671296036,0.8351772650650389,0.0228315357184507,0.310456535955821,3.5038686025480312,SIM-PL-0126,,,,54,1.6709758131776482,0.09,0.785,2.1798434769447353e-05,0.00042799547207050814,0.06664406448876914,0.006422109385939898,0.02148899266973945
15.72526164379113,0.0002225261643791,Kepler-90b,planet,3.5959632139050424,7.053714699847805,0.0176265217416527,0.4843941859306541,12.896612691135552,SIM-PL-0127,,,,13,7.05421184320267,0.16,3.592,4.4697671447961705e-06,0.00030202605458595766,0.10215696928752524,0.0029564899653188826,0.08036787338318276
15.72606370043176,0.0002226063700431,Kepler-90i,planet,10.849828794082509,14.693382817668306,0.0227800976856078,0.3781324824532003,21.035116741566604,SIM-PL-0128,,,,6,14.698081734778984,0.23,10.835,3.894411083569264e-06,0.00033597839317922595,0.1213390636593681,0.002768921920498819,0.053308967986048575
13.79150357551093,8.478758938777325e-05,TRAPPIST-1b,planet,1.1127494062309262,1.5358969631440431,0.0856668608395992,0.1445763042601935,46.291472362131984,SIM-PL-0129,,,,6,13.819849874895748,0.02,10.334,0.00019907238437080462,0.008146008928115567,0.40852635721681824,0.019939983759217315,0.005215701228814292
15.51072866820082,0.00020107286682,TRAPPIST-1e,planet,3.182511353297349,6.248824788137616,0.0633039282411489,0.3644774410169458,117.97550315578398,SIM-PL-0130,,,,5,18.74770642201835,0.02,9.424,2.644975405858157e-05,0.0032526760710884783,0.4474673913296483,0.007269079566721407,0.5003254034360368
11.038561221902077,3.038561221902075e-05,Kepler-452b,planet,71.22392818817548,378.3734806976736,0.0148130379091863,0.5302642787014457,198.3059712049327,SIM-PL-0131,,,,4,19.268140116763973,0.3,13.370000000000001,3.5093536722102146e-08,3.4786807211029114e-05,0.13217871058843939,0.00026318010711531056,1.7472028599712361
11.605268712298123,3.6052687122981255e-05,HAT-P-7b,planet,1.1058558881832452,2.244557220936424,0.0859802277604589,0.427347121863239,3.9202546153687474,SIM-PL-0132,,,,40,2.2402001668056712,0.23,1.193,0.0035537993287846877,0.003974250078126351,0.04974747490936589,0.07988847846784128,0.008399111044502456
13.312652548904705,7.281631372261762e-05,Kepler-10b,planet,0.7771418501415838,0.8194295120389994,0.0209318138596708,0.3125375423643818,3.459684027255734,SIM-PL-0133,,,,55,1.6384487072560467,0.09,0.785,1.5836129147891216e-05,0.00036633930215612676,0.06690981907947192,0.005475120202029069,0.10172056051246785
12.74837650317242,5.8709412579310536e-05,Kepler-90b,planet,6.851384098225904,6.9128411347713365,0.0148701504883576,0.443515705613683,12.724325836879004,SIM-PL-0134,,,,49,1.8336113427856549,0.3,1.3539999999999999,2.0981911741443044e-06,7.639643282852937e-05,0.040765466931849875,0.001874047780594442,0.030693277619758555
13.028384502449263,6.570961256123163e-05,Kepler-90i,planet,8.953226636484196,14.046019635698393,0.0234180956402504,0.3778829445938856,20.41264322300328,SIM-PL-0135,,,,6,14.047539616346958,0.16,8.946,5.065212263989792e-06,0.00045940234109054234,0.14512973002993387,0.0031654599026387487,0.023900476844232035
10.24136205577387,2.2413620557738697e-05,TRAPPIST-1b,planet,0.9710332891334474,1.4788710082004854,0.090936109184221,0.1359186172607345,45.138432132336966,SIM-PL-0136,,,,15,5.915763135946623,0.02,3.9299999999999997,0.00019059430938183426,0.0056361084296087105,0.28906878268849695,0.019497464849679843,0.2128980607155272
11.045664030288052,3.0456640302880515e-05,TRAPPIST-1e,planet,0.8792833221345717,6.047464718989706,0.0647201167338165,0.3498620211241622,115.4272907127715,SIM-PL-0137,,,,7,12.095913261050876,0.02,6.9239999999999995,5.1974249939006185e-05,0.004162301043854066,0.40852635721681824,0.01018857405483142,0.10569823665715691
15.448912245441338,0.0001948912245441,Kepler-452b,planet,372.4864901896672,382.1290497759231,0.0130530332290044,0.5753834831143577,199.61600868873387,SIM-PL-0138,,,,7,12.193494578815681,0.09,5.883,4.075205253914228e-07,0.0001621469913364315,0.18024006024579595,0.0008996168283305572,0.07508966876694041
14.84982326459588,0.0001409893958757,HAT-P-7b,planet,0.8447226647322644,2.157890878849285,0.0732052860875009,0.5348539543897797,3.8186818178677417,SIM-PL-0139,,,,42,2.158882402001668,0.16,0.824,0.0031496167172892055,0.004382348683465431,0.05739179792175809,0.07635844915400389,0.015249387228583688
12.155090298168236,4.3877257454205904e-05,Kepler-10b,planet,0.3691576041567552,0.8122314657449126,0.0247459330039601,0.2720154921517838,3.4393938397224586,SIM-PL-0140,,,,37,2.4353628023352796,0.09,2.019,1.8156605505741325e-05,0.0004691269196455128,0.07934880482910134,0.005912211540626249,0.02028515859566848
10.958756518126023,2.958756518126025e-05,Kepler-90b,planet,1.5712722744565846,7.126602891294026,0.0160038231217987,0.4968561156689054,12.985303478147516,SIM-PL-0141,,,,13,7.119266055045872,0.16,1.6260000000000001,1.648562189139976e-06,0.00018067870883031745,0.10066338150342667,0.0017948801851462438,0.0023592579171560204
10.584136758897728,2.584136758897728e-05,Kepler-90i,planet,4.184506537147001,14.414844233747196,0.0236642816837229,0.4467313986750649,20.76843157424619,SIM-PL-0142,,,,6,14.421601334445372,0.16,4.168,5.397824991015349e-06,0.0004792647290056129,0.14664872444411567,0.003268113860671521,0.020191414286070835
10.064564523526792,2.0645645235267925e-05,TRAPPIST-1b,planet,1.4208453588877472,1.520455181891655,0.0838326759602192,0.1346798932479247,45.98067635347096,SIM-PL-0143,,,,118,0.7602168473728107,0.02,0.66,0.00021869096397439023,0.001958745409311069,0.09489340701724952,0.020641533177905735,1.9552652411334235
14.961212811229023,0.0001476727686737,TRAPPIST-1e,planet,3.7006261107384746,5.943843620814322,0.0715982981678149,0.3465199712028548,114.10496000895724,SIM-PL-0144,,,,31,2.972060050041702,0.02,0.728,6.012419388175911e-05,0.0020723381184714063,0.18958518956601408,0.01093090722548141,2.1873726357986967
12.232300225697008,4.5807505642425205e-05,Kepler-452b,planet,95.85460231685006,377.0891074342615,0.0136050465595907,0.6248989790276899,197.85695594643855,SIM-PL-0145,,,,5,17.349040867389494,0.02,9.086,3.2917880718920047e-08,0.0001147482125680721,0.4474673913296483,0.0002564392730989806,0.05793092103497548
12.862362276434537,6.155905691086338e-05,HAT-P-7b,planet,2.097578704747355,2.212872111947598,0.0794727302994685,0.4667307797772593,3.883273962961869,SIM-PL-0146,,,,20,4.419516263552961,0.16,2.154,0.0014707553035983576,0.004328479681316444,0.08126875288004587,0.0532613031198517,0.019290184641333315
14.065461936809143,9.39277162085487e-05,Kepler-10b,planet,0.5082006867661594,0.8241037887502239,0.0204520364814383,0.2727308132001764,3.472828281510836,SIM-PL-0147,,,,109,0.8252710592160134,0.16,0.446,1.9153475171109004e-05,0.00021179214751665398,0.03810845233716082,0.005557616080622839,0.007731380726539651
15.57681097086913,0.0002076810970869,Kepler-90b,planet,2.475016609048948,7.206472569709983,0.017374282735125,0.4916160056270735,13.08214291961399,SIM-PL-0148,,,,13,7.216847372810676,0.16,2.402,2.2680361475484683e-06,0.00021192358736599193,0.10066338150342667,0.002105269902529331,0.08620951054602877
11.314953034246384,3.3149530342463844e-05,Kepler-90i,planet,13.297510251227326,14.800104033400604,0.0221714546725913,0.35088357209881,21.13684890544184,SIM-PL-0149,,,,65,1.3944954128440368,0.3,0.15,2.4343043273755737e-05,0.0002261658453639459,0.03657394742065691,0.006183796426529771,0.43451033802472855
10.345852550729765,2.3458525507297628e-05,TRAPPIST-1b,planet,0.974088494641948,1.5067962158115988,0.0868096154265588,0.120554109310608,45.704884988249695,SIM-PL-0150,,,,6,15.072143452877398,0.02,6.994,0.0001469837510180735,0.006999613108786162,0.40852635721681824,0.017133810304120083,0.4100841368850274
13.04755949413125,6.618898735328123e-05,TRAPPIST-1e,planet,5.1383191435848055,6.178774308831139,0.0709267871613018,0.3383749014907917,117.09216280831062,SIM-PL-0151,,,,5,18.536280233527943,0.02,11.31,7.130530796937038e-05,0.005340610750443009,0.4474673913296483,0.011935195399542738,0.04420712971018158
14.29818659569803,0.0001078911957418,Kepler-452b,planet,274.7592190625133,386.3323883926275,0.0134361994307567,0.5828091405627668,201.07716064788008,SIM-PL-0152,,,,5,16.74728940783987,0.02,13.148,1.483659722931574e-07,0.00024361114284277008,0.4474673913296483,0.0005444221133497128,0.17219356632372496
15.839830128480498,0.000233983012848,HAT-P-7b,planet,1.6856790412154667,2.180689013767656,0.0846497144826247,0.4332981397055918,3.845530948919592,SIM-PL-0153,,,,41,2.1751459549624688,0.23,1.797,0.002696885138378219,0.0034094728194843382,0.04907807900051906,0.06947038044109834,0.0360670680719331
12.603828043634746,5.509570109086864e-05,Kepler-10b,planet,0.5840173198123406,0.8195834312442926,0.0217701038638795,0.276021980734553,3.4601172515405985,SIM-PL-0154,,,,55,1.6384487072560467,0.09,0.6030000000000001,1.788226221429688e-05,0.0003836393004827965,0.06599442964064121,0.0058132073050986815,0.04971229727490053
15.052513611965686,0.0001552513611965,Kepler-90b,planet,5.729031464205248,6.969103623639871,0.0172040192585218,0.502515911788,12.793273333380192,SIM-PL-0155,,,,13,6.972894078398666,0.16,5.716,2.69996270627376e-06,0.0002300879075940454,0.10018034607866344,0.0022967370008222586,0.014080674639644164
12.259123964010314,4.647809910025785e-05,Kepler-90i,planet,1.196362266280597,14.180977856071298,0.0223129113184897,0.4054506744464559,20.543188446750424,SIM-PL-0156,,,,7,14.177648040033363,0.16,1.2140000000000002,4.907393101346761e-06,0.0004224342058013475,0.13568895328998806,0.0031132542153121407,0.011955999070092552
12.191358572027408,4.47839643006852e-05,TRAPPIST-1b,planet,0.4785423415812221,1.5059281949584504,0.0796029191785674,0.1351236036739266,45.68733047850065,SIM-PL-0157,,,,7,12.047122602168475,0.02,11.016,0.00013874215320912363,0.006296079351676531,0.37826487059409347,0.01664463142397565,0.13355795549634109
13.106713581585968,6.766783953964919e-05,TRAPPIST-1e,planet,1.2376658484514385,5.931707966216906,0.073938096150883,0.3505488802280969,113.9495936493404,SIM-PL-0158,,,,15,5.932026688907423,0.02,1.238,0.00013445437477041194,0.004234058333252966,0.25863922698323705,0.01637051882128995,0.523507074831937
13.677789168504937,8.194472921262336e-05,Kepler-452b,planet,188.64188493775265,388.5240902316602,0.0140976213003823,0.5526417741981288,201.83693047812025,SIM-PL-0159,,,,5,17.316513761467892,0.02,15.478,9.765876578617345e-08,0.00019764489954088305,0.4474673913296483,0.00044169676577679033,0.2095956731723673
12.00364650097993,4.009116252449823e-05,HAT-P-7b,planet,2.1506334208806503,2.175705756295513,0.0774890357327689,0.4778556602710461,3.839670239541204,SIM-PL-0160,,,,42,2.1751459549624688,0.09,2.149,0.0028685766760680265,0.005595770213568496,0.07610530911996893,0.07352667347750444,0.005154558489763677
11.441548644614862,3.4415486446148616e-05,Kepler-10b,planet,0.004490707317983,0.8160035451169927,0.0233847707655968,0.3380171304670976,3.450034193653858,SIM-PL-0161,,,,27,3.264804003336114,0.09,2.445,1.4170309263620272e-05,0.0004942829927876424,0.09409371389751811,0.005253092606441162,0.3437963757771047
10.998169983411708,2.9981699834117066e-05,Kepler-90b,planet,0.1028926785847025,6.943988695034766,0.0173500126538799,0.5671985431140462,12.762518977605843,SIM-PL-0162,,,,13,6.940366972477065,0.16,0.12,2.469795656119362e-06,0.00021793593166341552,0.09923544050665922,0.0021961501914106066,0.014851527421271816
10.27083473342636,2.2708347334263585e-05,Kepler-90i,planet,10.385606160071616,14.649928312245663,0.0211600416870606,0.4551715525331862,20.993623154621396,SIM-PL-0163,,,,6,14.649291075896581,0.16,10.384,3.3899505461373897e-06,0.00037582966809757146,0.14512973002993387,0.002589611846036331,0.01762262400445639
14.53390444136834,0.0001220342664821,TRAPPIST-1b,planet,1.0070074054322466,1.4777694882145598,0.0844389524297774,0.1244261262491446,45.11601545581667,SIM-PL-0164,,,,8,11.819432860717265,0.02,6.9239999999999995,0.00024616242936094325,0.0078447821728993,0.35387458383743353,0.02216825545318936,0.007312580047737812
13.002217210810084,6.50554302702521e-05,TRAPPIST-1e,planet,0.6527686182877145,6.156205310305461,0.0708018748043687,0.3265768750351533,116.80685657302496,SIM-PL-0165,,,,8,12.307339449541285,0.02,0.66,4.4993142453794686e-05,0.0033538463908546756,0.35387458383743353,0.00947750006368188,0.39889094988285484
13.95976259387596,8.899406484689899e-05,Kepler-452b,planet,9.227759064937535,382.05480099240856,0.014453083492651,0.5659022952681638,199.5901505380492,SIM-PL-0166,,,,5,19.186822351959968,0.02,10.832,1.1512095770727688e-07,0.00021458886989500492,0.4474673913296483,0.0004795631459475842,0.07352716209465597
14.11152843608786,9.669170616527152e-05,HAT-P-7b,planet,2.0545275790109545,2.216170630245103,0.0876974773102418,0.4746599237529659,3.887131956698453,SIM-PL-0167,,,,20,4.435779816513762,0.16,2.024,0.002795605120304506,0.005986742961406777,0.0815192281311308,0.07343964238445165,0.015018984918405216
10.265116857138157,2.265116857138157e-05,Kepler-10b,planet,0.7098983464985904,0.8574603454816486,0.0238723744363408,0.2898156881377272,3.5659183830619603,SIM-PL-0168,,,,105,0.8577981651376148,0.09,0.6910000000000001,6.747242487360575e-05,0.0005341307568635933,0.048664462860623314,0.010975786548664107,0.01716422034338405
11.32159120887342,3.32159120887342e-05,Kepler-90b,planet,0.3730578896532852,7.077761832780781,0.0153386914052705,0.5265274516376787,12.925907006577784,SIM-PL-0169,,,,13,7.07047539616347,0.16,0.42400000000000004,1.3531276854355841e-06,0.0001636905850451731,0.10066338150342667,0.0016261184812234916,0.08388816742507758
10.525037849325,2.5250378493250007e-05,Kepler-90i,planet,9.781081845218624,14.481104645924557,0.0211269217942434,0.3437881705623365,20.83202679108442,SIM-PL-0170,,,,6,14.486655546288576,0.16,9.772,3.4305770694758313e-06,0.00037807500741027233,0.14512973002993387,0.002605083102768069,0.010355399616796917
13.8051495684049,8.51287392101225e-05,TRAPPIST-1b,planet,0.7141064051882607,1.5201405327876356,0.0778097742721888,0.1124455185463531,45.97433251738888,SIM-PL-0171,,,,118,0.7602168473728107,0.02,0.7060000000000001,0.0001323695017520784,0.001517260126458253,0.09449092690094914,0.016057204392213583,1.9651279652739797
11.57393669593854,3.57393669593854e-05,TRAPPIST-1e,planet,1.8591003278321483,5.932154733303367,0.0678018851994115,0.3851249571459387,113.95531524916808,SIM-PL-0172,,,,15,5.932026688907423,0.02,1.862,9.930155500494492e-05,0.003638709569887655,0.25863922698323705,0.014068668594201634,0.3213897238042951
13.962379998237903,8.905949995594763e-05,Kepler-452b,planet,26.36985151027996,389.1496914261712,0.0142973057824682,0.634735871358046,202.0535374886277,SIM-PL-0173,,,,8,12.079649708090075,0.02,4.218,1.084445031309953e-07,0.00016465456502245956,0.35387458383743353,0.0004652907344656892,0.2989567924151555
12.45997400077648,5.1499350019412e-05,HAT-P-7b,planet,1.759494949692567,2.243865701648639,0.0823185991863324,0.4541207358255539,3.919449387245096,SIM-PL-0174,,,,40,2.2402001668056712,0.16,1.834,0.003298927299599268,0.004591231606570267,0.058643233232093694,0.07829090166975348,0.0015312400743161896
14.031248286403404,9.187489718420424e-05,Kepler-10b,planet,0.6027963426768695,0.8510163385647337,0.0239492397648177,0.2714001117741785,3.5480301458473598,SIM-PL-0175,,,,53,1.7035029190992494,0.09,1.417,1.9909090548246918e-05,0.0004142826220507878,0.0674518428216053,0.006141902203420455,0.0659009877539451
11.579590049198323,3.579590049198323e-05,Kepler-90b,planet,4.029396557343975,6.851213544098546,0.0145821351389999,0.4585857108052273,12.648588591027842,SIM-PL-0176,,,,55,1.6384487072560467,0.3,0.3,2.4001198618239946e-06,7.688709433617547e-05,0.038852754676051454,0.0019789354700136125,0.0446783900696239
13.0963786315321,6.740946578830252e-05,Kepler-90i,planet,2.15329734167961,14.455470739929533,0.0202207851425833,0.445168993132632,20.80743548630637,SIM-PL-0177,,,,7,14.454128440366974,0.16,2.152,3.251999259297542e-06,0.00034079734548453366,0.13448743243314124,0.002534046039238327,0.0008278144884617543
14.95245461844168,0.0001471472771065,TRAPPIST-1b,planet,0.7402801332133727,1.4774923348239244,0.0781927316803407,0.1244463210953763,45.11037432001906,SIM-PL-0178,,,,8,11.819432860717265,0.02,0.738,0.00013470470654757086,0.0058031178375845816,0.35387458383743353,0.01639879805623587,0.22662909262536665
11.863144065701029,3.863144065701029e-05,TRAPPIST-1e,planet,1.149311594695554,6.186981795260192,0.0743081665128268,0.3581765904363455,117.19583166477808,SIM-PL-0179,,,,5,18.568807339449542,0.02,13.506,2.6680713204306115e-05,0.0036524452907816807,0.5002269632436452,0.007301576202725975,0.5981830474828121
13.17569123099914,6.939228077497845e-05,Kepler-452b,planet,361.592766051703,385.2749200079048,0.0138012239846987,0.5527687839027279,200.7100676680853,SIM-PL-0180,,,,5,19.333194328607174,0.09,9.335,6.055747958796343e-08,7.103841659517052e-05,0.20468198952937772,0.00034706725666732135,0.03675859865602441
15.938390462864694,0.0002438390462864,HAT-P-7b,planet,1.887730825152214,2.255648923754785,0.0889812143278027,0.4946880140316745,3.933158887436182,SIM-PL-0181,,,,40,2.2564637197664723,0.16,1.87,0.006947600138267137,0.006631150184835177,0.058385584967720186,0.113575126266207,0.03775090082754619
10.618784606415216,2.6187846064152147e-05,Kepler-10b,planet,0.6142655449216332,0.861147349855465,0.02433576452415,0.3135436241726525,3.576133162464179,SIM-PL-0182,,,,35,2.5817347789824856,0.09,1.505,1.589270242976034e-05,0.000454311273086927,0.0820275814578759,0.005538518447239994,0.05691411152632232
14.35020088554473,0.0001110120531326,Kepler-90b,planet,1.47323894682232,7.080803998187128,0.0162059030158698,0.4726866128428059,12.92961061907147,SIM-PL-0183,,,,13,7.086738949124271,0.16,1.4440000000000002,2.2760264055320373e-06,0.0002122965609999694,0.10066338150342667,0.0021089750595428055,0.017368535193081326
12.878996844427924,6.197492111069809e-05,Kepler-90i,planet,11.253529752715275,14.42980003002472,0.0235881911938625,0.3649669933053883,20.782794302951405,SIM-PL-0184,,,,6,14.421601334445372,0.16,11.284,5.251012679863283e-06,0.00047270217693529126,0.14664872444411567,0.003223363713029954,0.015217137099562796
15.411986607376644,0.0001911986607376,TRAPPIST-1b,planet,0.5637458446465459,1.537619447655136,0.0802684000928955,0.1273133154324114,46.3260760061835,SIM-PL-0185,,,,5,19.983736447039202,0.02,6.724,0.0001255919176996197,0.007087789999700167,0.4474673913296483,0.015839791093243277,0.00969680409065535
15.170791162821514,0.0001670791162821,TRAPPIST-1e,planet,1.2860790961413149,6.280585662137914,0.0634923586295339,0.4019722049721663,118.37492098972145,SIM-PL-0186,,,,5,18.845287739783153,0.02,13.834,4.5041105933491435e-05,0.004244577997091659,0.4474673913296483,0.009485781711330752,0.07402135793470956
11.21515469103391,3.215154691033909e-05,Kepler-452b,planet,331.81565296616253,374.3553884650485,0.0126244142782411,0.6198539702006178,196.8995501325641,SIM-PL-0187,,,,94,0.9553794829024187,0.16,0.278,1.4691872391015952e-08,6.3056716509413135e-06,0.040319468460894896,0.0001563927276734084,0.25240731135357647
14.300284646175704,0.0001080170787705,HAT-P-7b,planet,1.6696954876031895,2.149427725920421,0.0749742627495576,0.4964080071534602,3.808690812157741,SIM-PL-0188,,,,42,2.1426188490408675,0.3,1.81,0.0011780019222089207,0.0019545729558819724,0.04346941826703773,0.0449643228228821,0.0019131374217420886
11.163184905383126,3.163184905383126e-05,Kepler-10b,planet,0.292565724818676,0.8551492652280365,0.0210197598106624,0.2953201734870454,3.559508111890099,SIM-PL-0189,,,,105,0.8577981651376148,0.3,0.158,1.3161340311248059e-05,0.00013014861474214268,0.031524012126051,0.004128554900364021,0.012727124986780306
11.284917416664594,3.2849174166645946e-05,Kepler-90b,planet,3.448934073405379,7.062390158120372,0.0162197762076426,0.4519671158841277,12.907185002599478,SIM-PL-0190,,,,13,7.05421184320267,0.16,3.508,1.6258435248259449e-06,0.0001794294326015189,0.10066338150342667,0.0017824697513803562,0.02361867008253488
12.94537941993501,6.363448549837525e-05,Kepler-90i,planet,9.114288421478172,14.21080960624168,0.0228079616890706,0.3936210058476255,20.571988745583347,SIM-PL-0191,,,,6,14.210175145954963,0.16,9.108,4.701683049375567e-06,0.0004426098286196556,0.14512973002993387,0.003049752993603479,0.09598166506651318
15.945055149040236,0.000244505514904,TRAPPIST-1b,planet,0.3688284351032812,1.5347203501332138,0.0844334465947374,0.1347873333348938,46.26782750110623,SIM-PL-0192,,,,30,3.0696413678065055,0.02,0.364,0.0003188781275956954,0.00461069862815966,0.1831985152046966,0.025167772910211102,0.004583566608117461
15.25823046772684,0.0001758230467726,TRAPPIST-1e,planet,2.024531629717416,5.998443450030433,0.069941541803244,0.3927345316238685,114.8026692371998,SIM-PL-0193,,,,15,5.997080900750626,0.02,2.036,6.507287262211166e-05,0.0029455700664356987,0.25863922698323705,0.011388721273229785,0.1440332207827839
12.75807136233843,5.895178405846076e-05,Kepler-452b,planet,107.091076520914,377.83715429237816,0.0146857162137203,0.6657658134082783,198.11853405462563,SIM-PL-0194,,,,7,12.469974979149292,0.02,11.36,4.492111495310728e-08,0.00012236709110069466,0.40852635721681824,0.0002995329161485423,0.05094453995583789
14.462548670866472,0.0001177529202519,HAT-P-7b,planet,1.929588251057254,2.191286067657432,0.0733858657943248,0.4387099163116632,3.857979113814072,SIM-PL-0195,,,,41,2.19140950792327,0.16,1.9280000000000002,0.0037752163915326284,0.0047978757949213025,0.05739179792175809,0.08359863201118424,0.005486858923069762
15.403522969657429,0.0001903522969657,Kepler-10b,planet,0.1251875875796119,0.8589760931214981,0.0217491851819494,0.2584763633260341,3.570119503438691,SIM-PL-0196,,,,105,0.8577981651376148,0.16,0.18,2.8239075454636522e-05,0.0002629233798719932,0.03876063266516618,0.006783258213127155,0.05418069593704196
13.397260739761013,7.493151849402531e-05,Kepler-90b,planet,5.310550426478481,6.998575677316715,0.0162921369758213,0.528754580278667,12.829316111749735,SIM-PL-0197,,,,13,7.005421184320268,0.16,5.266,2.043710865840199e-06,0.00020117038076172822,0.10066338150342667,0.0019984464832912474,0.09130549422084942
11.686340777062266,3.686340777062266e-05,Kepler-90i,planet,11.624341646853797,14.25057320508066,0.0204552146904053,0.354909893776631,20.61034618000619,SIM-PL-0198,,,,6,14.242702251876565,0.16,11.652000000000001,3.003309658020741e-06,0.0003537483603037739,0.14512973002993387,0.0024374630906486986,0.03481495269460074
13.851460282992326,8.628650707480815e-05,TRAPPIST-1b,planet,0.2275846860836025,1.4664708570753713,0.0867015437824827,0.1333757498596482,44.885758073044535,SIM-PL-0199,,,,12,7.330692243536281,0.02,3.1679999999999997,0.00015746283320947408,0.005350664074494138,0.3018881696740157,0.01772399388910099,0.30869923430401863
13.450817913145816,7.627044782864544e-05,TRAPPIST-1e,planet,5.266720563610541,5.925924177379528,0.0693908831886558,0.3654526899563001,113.87550958651522,SIM-PL-0200,,,,7,11.851959966638868,0.02,11.19,7.990555309598569e-05,0.00477809146285646,0.37826487059409347,0.0126316024413055,0.10868354546753328
11.460947472278558,3.4609474722785584e-05,Kepler-452b,planet,90.53046457053208,380.66993333943407,0.0130845918029786,0.6643063762244492,199.1075440329245,SIM-PL-0201,,,,5,16.04795663052544,0.02,3.726,1.8103956044086027e-08,8.509748772800307e-05,0.4474673913296483,0.00019017584158509537,0.027349848655560862
12.80984525993372,6.0246131498343e-05,HAT-P-7b,planet,0.55748943273333,2.2531556496275544,0.084867230526374,0.4655241886201221,3.930260017059748,SIM-PL-0202,,,,40,2.2564637197664723,0.16,0.49200000000000005,0.0039879135191778214,0.005023938592592203,0.058385584967720186,0.08604758512516066,0.06852642643811263
12.377847957975414,4.944619894938534e-05,Kepler-10b,planet,0.4412431696922612,0.8539062361622213,0.021930694176014,0.2685593698381016,3.5560579191742567,SIM-PL-0203,,,,105,0.8577981651376148,0.3,0.242,7.331141517830516e-06,9.719746558845e-05,0.03153327445385684,0.00308237781428886,0.009335662758440642
14.127891183303417,9.76734709982049e-05,Kepler-90b,planet,3.636314588109661,6.816368418400639,0.0152341210589696,0.5727678426438041,12.605665187363812,SIM-PL-0204,,,,13,6.810258548790659,0.16,3.674,1.3616350492719721e-06,0.00016420435524833188,0.10066338150342667,0.0016312223252975286,0.05434031284708302
15.079948449077436,0.0001579948449077,Kepler-90i,planet,5.27689870981481,14.059510696269804,0.0200354273974965,0.3842592558283313,20.4257118904974,SIM-PL-0205,,,,7,14.063803169307757,0.16,5.256,3.388743324237382e-06,0.0003510370777741745,0.13568895328998806,0.0025870718968842993,0.0350538762273583
15.885568166841082,0.0002385568166841,TRAPPIST-1b,planet,1.3356554116405608,1.5116881312977892,0.0818103566821073,0.1141063540334728,45.80375419884608,SIM-PL-0206,,,,12,7.5583819849874905,0.02,5.87,9.925952846139648e-05,0.003890704995014538,0.28906878268849695,0.013459443661916256,0.240494086434952
11.510884185652468,3.510884185652468e-05,TRAPPIST-1e,planet,1.7554919353448386,6.110351713401797,0.0704779873614133,0.359852209551796,116.22612160523832,SIM-PL-0207,,,,15,6.11092577147623,0.02,1.75,0.00012752310857062213,0.00426820652483717,0.26768657552093117,0.015944791092086078,0.04515631005665812
10.649406625846115,2.649406625846115e-05,Kepler-452b,planet,178.8425179081204,391.1071266191161,0.0142051047247558,0.6515163413255218,202.73052783346424,SIM-PL-0208,,,,6,14.015012510425356,0.02,9.394,9.886586057375892e-09,5.7406695478712244e-05,0.40852635721681824,0.0001405213995733564,0.7078404791295084
12.995438520109012,6.48859630027253e-05,HAT-P-7b,planet,1.6333705087318553,2.217451137059599,0.0872450874854399,0.5436780493419203,3.888629139776354,SIM-PL-0209,,,,20,4.435779816513762,0.16,3.8400000000000003,0.002975512077677963,0.006190072917536593,0.0815192281311308,0.07593390000674835,0.031167771178072175
11.794222646386338,3.794222646386338e-05,Kepler-10b,planet,0.1200117317934888,0.8252760464043281,0.0227810692286598,0.258658794973457,3.4761208158140096,SIM-PL-0210,,,,109,0.8252710592160134,0.09,0.121,5.200445352936464e-05,0.0004654946004402083,0.04835132906459467,0.009627338264442195,0.016666477202421464
12.742325460193763,5.855813650484413e-05,Kepler-90b,planet,0.6047046199113089,7.169649863559498,0.014530994290507,0.4273204632553453,13.037541248666717,SIM-PL-0211,,,,13,7.168056713928274,0.16,0.62,1.613228297590075e-06,0.00017785366851363893,0.10018034607866344,0.0017753349381922176,0.07620822245969384
10.318881386801412,2.318881386801413e-05,Kepler-90i,planet,9.525547194763408,14.491612109738702,0.0235217989664108,0.3616476360785544,20.842102693916463,SIM-PL-0212,,,,6,14.486655546288576,0.23,9.537,5.249485623334413e-06,0.0003988424775762667,0.12402326691074161,0.0032158681795030433,0.004041468437085609
15.58058418616004,0.000208058418616,TRAPPIST-1b,planet,1.1863064911759855,1.4691639805835608,0.0862225193259576,0.1420833305388925,44.94069537156423,SIM-PL-0213,,,,12,7.346955796497082,0.02,4.117999999999999,0.00016879899213160065,0.005539921104321777,0.3018881696740157,0.018350904940408506,0.20496839844803838
12.090837287597868,4.227093218994669e-05,TRAPPIST-1e,planet,0.3054880352510915,6.121084159051827,0.0627037591478238,0.3155651125599725,116.36217767490412,SIM-PL-0214,,,,8,12.242285237698082,0.02,0.308,3.690254667512832e-05,0.003037373317322567,0.35387458383743353,0.008583191492265819,0.032111606767084744
15.247478352166732,0.0001747478352166,Kepler-452b,planet,386.1318078957834,387.1835803556637,0.013796063741363,0.6636301671841005,201.37240291366308,SIM-PL-0215,,,,7,11.640533778148457,0.02,9.018,4.027893559266591e-07,0.0003392383721246839,0.37826487059409347,0.0008968275895984855,0.8263167482981372
13.34523337858456,7.3630834464614e-05,HAT-P-7b,planet,0.8498049031307147,2.226300723213525,0.0743269746640786,0.511586409104791,3.898968310722037,SIM-PL-0216,,,,41,2.223936613844871,0.16,0.898,0.0027045398708579384,0.0040922337310249635,0.057798904508639504,0.07080123344575287,0.023152850520456115
12.61226518200444,5.530662955011097e-05,Kepler-10b,planet,0.3325890779257373,0.8248728304103113,0.0247441977469726,0.3333277176738581,3.4749884741559343,SIM-PL-0217,,,,109,0.8252710592160134,0.09,0.313,6.200798373066967e-05,0.0005077690953388947,0.04830718956560328,0.010511253084788176,0.0036364649457456717
11.35673236313083,3.3567323631308295e-05,Kepler-90b,planet,5.383219154298293,7.163072527625029,0.0163724138920819,0.4999552107428325,13.029566391051008,SIM-PL-0218,,,,12,7.168056713928274,0.16,5.348,1.8581234729284204e-06,0.00019883294992850686,0.10425952034540197,0.0019070963425670102,0.00733787833940721
13.42656007198761,7.566400179969027e-05,Kepler-90i,planet,3.332013183234225,14.107910428586186,0.0232036977852783,0.4041230247175653,20.472561915755243,SIM-PL-0219,,,,7,14.11259382819016,0.16,3.3160000000000003,6.019208427897959e-06,0.0004636504389814444,0.13448743243314124,0.0034475372946980937,0.024792917576718403
14.1700035124457,0.0001002002107467,TRAPPIST-1b,planet,1.0547365029596312,1.490791543204653,0.0903414813777308,0.1261391855088852,45.38066825755715,SIM-PL-0220,,,,15,5.964553794829024,0.02,5.522,0.00012604286811212362,0.004099477496984472,0.25863922698323705,0.01585017688461529,0.26863669021498165
14.599727762117118,0.000125983665727,TRAPPIST-1e,planet,4.900544837952223,6.054420231933591,0.0698012081638242,0.3831562988784731,115.51577982672444,SIM-PL-0221,,,,4,18.162218515429526,0.02,4.904,4.6637178359594313e-05,0.004828932509343575,0.5002269632436452,0.009653483047037491,0.07903611892269344
14.849320897704528,0.0001409592538622,Kepler-452b,planet,123.62009076026295,388.7966931452788,0.014881455939644,0.5960457079545429,201.9313302927773,SIM-PL-0222,,,,18,5.021267723102586,0.02,3.2439999999999998,2.499702746774974e-07,0.00016665675793126056,0.23618487274102273,0.0007056199493097937,0.16902689151353753
15.717567779067526,0.0002217567779067,HAT-P-7b,planet,0.0624785754339374,2.253010119194101,0.0886305830142714,0.5399211834497581,3.930090779276469,SIM-PL-0223,,,,40,2.2564637197664723,0.09,2.231,0.002997714842993684,0.005887777455680254,0.07756557604134746,0.07590709379302087,0.02280456028065046
14.735382029045166,0.0001341229217427,Kepler-10b,planet,0.7080509043594387,0.8480646209880442,0.0210159433857817,0.29299583524799,3.539821258116929,SIM-PL-0224,,,,27,3.394912427022519,0.09,0.665,6.608855617195511e-06,0.00033327646729153226,0.09293256467803979,0.0035862183341883644,0.01426694788358423
12.33558419707868,4.838960492696703e-05,Kepler-90b,planet,1.4831408850022278,6.932543175416318,0.0148574698804795,0.5114127872732948,12.74849113038921,SIM-PL-0225,,,,13,6.940366972477065,0.16,1.4360000000000002,1.1460568847140666e-06,0.00015064592837821245,0.10066338150342667,0.0014965315701527902,0.048614554457292014
10.36108892046685,2.3610889204668498e-05,Kepler-90i,planet,10.988748105806682,14.706531635303577,0.0222972497059934,0.4021128452786671,21.04766414388029,SIM-PL-0226,,,,6,14.698081734778984,0.16,11.016,4.2161078500350516e-06,0.00041913143573146794,0.14512973002993387,0.0028879777812927756,0.007407284053102747
10.222234064493144,2.2222340644931437e-05,TRAPPIST-1b,planet,1.1038401951748364,1.5256340717197907,0.0817320841605344,0.132088372677255,46.08502838374433,SIM-PL-0227,,,,6,16.77981651376147,0.02,1.106,0.0001673118838864018,0.007467973484295065,0.40852635721681824,0.018280273359037074,0.0007553521902533573
12.128969081246456,4.3224227031161406e-05,TRAPPIST-1e,planet,2.4838522292340577,6.205440162535628,0.0690980760788548,0.3137366601383454,117.42881219876058,SIM-PL-0228,,,,15,6.208507089241035,0.02,2.4539999999999997,8.317308424465746e-05,0.0033301268092902347,0.25863922698323705,0.012875567438600747,0.10498679141217102
10.464733167388536,2.464733167388536e-05,Kepler-452b,planet,114.61250497262884,373.93713762416655,0.014393128161613,0.6094682264773787,196.7528646610515,SIM-PL-0229,,,,11,8.208924103419516,0.3,6.484000000000001,3.659746846161604e-07,6.680648104762099e-05,0.07958097910880463,0.0008394779983327662,0.01891684033282361
15.656618897502993,0.0002156618897502,HAT-P-7b,planet,1.7833507892995155,2.214903526243118,0.0850367916215721,0.462482704993685,3.88565016046748,SIM-PL-0230,,,,20,4.435779816513762,0.16,3.944,0.0020458730833930083,0.0051051030837244715,0.08126875288004587,0.06281753937161673,0.013613622456730212
14.75600651963142,0.0001353603911778,Kepler-10b,planet,0.4050360371747592,0.8437093922813087,0.0235594764820934,0.2634328778967407,3.5276917132670382,SIM-PL-0231,,,,54,1.6872393661384488,0.09,0.407,2.7392931865580124e-05,0.0004797840188592861,0.06664406448876914,0.007199201047231135,0.02087807520684242
10.06084281511379,2.0608428151137906e-05,Kepler-90b,planet,3.477905735045169,7.205239238950199,0.0163155106583204,0.5723333420448629,13.080650273536545,SIM-PL-0232,,,,13,7.200583819849876,0.16,3.508,1.6733338482511663e-06,0.00018113659931895398,0.10018034607866344,0.0018081051464597878,0.04600678361085371
13.549973186542308,7.874932966355766e-05,Kepler-90i,planet,3.263503447316605,14.59041403748864,0.0242506510927433,0.4485544577524277,20.93672787124496,SIM-PL-0233,,,,6,14.584236864053379,0.16,3.2760000000000002,6.455601558107171e-06,0.0005186360942457391,0.14512973002993387,0.0035736033832541913,0.01963011772531533
10.220727222449806,2.2207272224498063e-05,TRAPPIST-1b,planet,1.172967033271475,1.4877706778518054,0.0906784639371696,0.13250700554883,45.31934279183727,SIM-PL-0234,,,,8,11.900750625521269,0.02,4.1499999999999995,0.0003190207098083788,0.00893057542670661,0.35387458383743353,0.025236555080794466,0.02231785370334498
15.137217984520934,0.000163721798452,TRAPPIST-1e,planet,3.92707497522568,6.040836228422472,0.0720241647563654,0.2989546460268761,115.34293045260368,SIM-PL-0235,,,,30,3.0208507089241037,0.02,0.9,8.331478269208846e-05,0.0023567602436690427,0.1831985152046966,0.01286451607446556,1.9861895433502528
14.18829448065562,0.0001012976688393,Kepler-452b,planet,158.1242622909398,376.1648756287945,0.0148207229844105,0.6636337844794348,197.53353022904005,SIM-PL-0236,,,,164,0.548790658882402,0.3,0.266,1.3573964197322372e-07,1.0613529374592368e-05,0.030252072398409845,0.00035083643972603514,0.862284492656838
12.837674158244967,6.0941853956124216e-05,HAT-P-7b,planet,2.015335138956954,2.259478583344663,0.0846733414818481,0.4265168192441489,3.9376094620076247,SIM-PL-0237,,,,39,2.2564637197664723,0.16,2.076,0.004252910576233078,0.005263673415555115,0.059170199513454785,0.08895818264662436,0.05185993340727374
10.98371191387117,2.9837119138711702e-05,Kepler-10b,planet,0.2985208896852121,0.8556424056289811,0.0205810637395591,0.3268375850068947,3.560876425519202,SIM-PL-0238,,,,105,0.8577981651376148,0.23,0.177,1.2666643610384301e-05,0.00014695919604867935,0.03408134980889112,0.0043120121964870285,0.025425842688019576
12.605655309793544,5.51413827448386e-05,Kepler-90b,planet,7.058480140532778,7.212851948219655,0.014773893246249,0.4887249436730208,13.089862242532837,SIM-PL-0239,,,,12,7.216847372810676,0.16,7.0360000000000005,1.171921784405163e-06,0.0001596137855279789,0.10536226820646862,0.0015149046071711236,0.10013568026562858
14.88365275139617,0.0001430191650837,Kepler-90i,planet,7.674250477251677,14.671405314738264,0.0235417457145094,0.4480340572715451,21.014136110627263,SIM-PL-0240,,,,6,14.665554628857382,0.16,7.69,5.180216752624611e-06,0.00046950479809138024,0.14664872444411567,0.003201560735499594,0.06391359805044584
11.266596279214529,3.2665962792145264e-05,TRAPPIST-1b,planet,0.124885708783663,1.5295369456797383,0.0925481750207292,0.1385516385031129,46.16359132778638,SIM-PL-0241,,,,5,18.357381150959135,0.02,1.6440000000000001,0.00023231992868168668,0.009639915532445253,0.4474673913296483,0.02154328051436389,0.0009364168062792187
13.237049022794766,7.092622556986914e-05,TRAPPIST-1e,planet,0.4239262943920453,5.96132696165456,0.0748895011632429,0.4019636645330163,114.32860420511378,SIM-PL-0242,,,,15,5.964553794829024,0.02,0.41600000000000004,4.314132198333537e-05,0.0024825482870670657,0.26768657552093117,0.009274085867906918,0.17558495152142622
12.127909963273924,4.319774908184808e-05,Kepler-452b,planet,367.3605547047648,386.8596733490722,0.0140871809031303,0.5305965384020008,201.26007888393093,SIM-PL-0243,,,,5,19.544620517097584,0.02,11.494,2.4952586780901884e-08,9.990512855906353e-05,0.4474673913296483,0.00022326795313999456,0.19139852198930693
13.519500643514718,7.798751608786794e-05,HAT-P-7b,planet,2.0566380127066406,2.2473532706330093,0.0857251714217791,0.5295057472666328,3.9235095861479623,SIM-PL-0244,,,,20,4.500834028356964,0.16,2.0,0.0018720770948915096,0.0048834532718650125,0.08126875288004587,0.060090171176529275,0.059566870290840276
13.305460067566369,7.263650168915921e-05,Kepler-10b,planet,0.2603626526354068,0.8386845568880797,0.0237884489611251,0.2875150509011017,3.513671315476316,SIM-PL-0245,,,,36,2.516680567139283,0.09,1.927,1.8323964589823967e-05,0.0004846881708340245,0.0815192281311308,0.005945691365653772,0.019020663809117922
12.895766961203924,6.239417403009814e-05,Kepler-90b,planet,0.3722770421638312,6.831962617533302,0.0163863822643738,0.4621560487977539,12.62488366895809,SIM-PL-0246,,,,14,6.82652210175146,0.16,0.406,2.15978842715555e-06,0.00019816377190051693,0.096558382993465,0.0020522689564294845,0.05675176056508663
15.09552695943804,0.0001595526959438,Kepler-90i,planet,4.827954509681006,14.267762503271804,0.0232642311429512,0.448843639267303,20.626916563842265,SIM-PL-0247,,,,6,14.275229357798166,0.16,4.814,5.470015487232728e-06,0.0004824589272448554,0.14664872444411567,0.0032898951496077213,0.07582019029462812
14.562117004001902,0.0001237270202401,TRAPPIST-1b,planet,1.3424121436340437,1.504938932658059,0.0818002854190775,0.1494968676192724,45.667319916852286,SIM-PL-0248,,,,9,10.534612176814013,0.02,4.342,0.00024080708384116838,0.0073152365168898115,0.3336740682737929,0.02192329944827288,0.021853418693116255
12.989939842252664,6.47484960563166e-05,TRAPPIST-1e,planet,0.2989333355825941,6.017968276630487,0.0699537949184471,0.3040280424742462,115.05165471443374,SIM-PL-0249,,,,8,12.030859049207674,0.02,0.32,3.607230413139689e-05,0.003003011160959801,0.35387458383743353,0.008486088852143601,0.5394634980491672
14.254856032192952,0.0001052913619315,Kepler-452b,planet,296.448364775213,390.636101017537,0.014504054113074,0.6323439990581484,202.5677242775947,SIM-PL-0250,,,,3,19.49582985821518,0.02,19.208000000000002,1.1644928782285073e-07,0.0002786267369592199,0.577546791667385,0.00048243145140642365,0.7862980679257757
10.575484264014475,2.575484264014477e-05,HAT-P-7b,planet,0.9218821836093858,2.148250872106753,0.0813916766857318,0.4295164211856188,3.8073004633453977,SIM-PL-0251,,,,42,2.1426188490408675,0.23,1.0330000000000001,0.0022692480242196833,0.0030845853478570495,0.04848463218579226,0.06361985661842236,0.00247836951542851
12.210763458998018,4.526908647495045e-05,Kepler-10b,planet,0.6458009401300329,0.8326028134515887,0.0246669119150957,0.3153063789310541,3.496664398722446,SIM-PL-0252,,,,27,3.3298582151793163,0.09,2.317,1.5067516901895388e-05,0.0005032251764203188,0.09293256467803979,0.0054149498420033625,0.05323663585934744
14.790410047333612,0.00013742460284,Kepler-90b,planet,5.054627995659194,7.023631713859247,0.0173602273826875,0.4448885390773137,12.859918558534622,SIM-PL-0253,,,,13,7.021684737281068,0.16,5.062,2.8301899235790487e-06,0.00023673479850550017,0.10066338150342667,0.002351746930907954,0.09730309298442044
15.17611327577357,0.0001676113275773,Kepler-90i,planet,8.549136811475776,14.500017445063971,0.0199167677848758,0.3467293728532696,20.85016105347524,SIM-PL-0254,,,,6,14.486655546288576,0.16,8.584,2.0864384903333508e-06,0.0002979674757587203,0.14664872444411567,0.002031844988002392,0.26224405319566474
12.91945801039958,6.298645025998951e-05,TRAPPIST-1b,planet,0.1690861704847964,1.5538024360553622,0.0912130802149586,0.1146572236985995,46.65055395762961,SIM-PL-0255,,,,6,13.982485404503754,0.02,12.602,0.0002490109735669867,0.009110634327842426,0.40852635721681824,0.02230121549539854,0.008569895558165053
14.343182497043475,0.0001105909498226,TRAPPIST-1e,planet,5.940374676302311,6.057345059293244,0.0686169252225442,0.394569746058145,115.55297981209408,SIM-PL-0256,,,,7,12.112176814011677,0.02,5.9479999999999995,4.22477282780088e-05,0.003474302736953372,0.37826487059409347,0.009184841118068188,0.0816862333123297
13.989695984367112,8.974239960917783e-05,Kepler-452b,planet,335.1854646595254,378.6323655359342,0.013831531104202,0.674860994423126,198.3964154517792,SIM-PL-0257,,,,5,18.877814845704755,0.02,9.568,1.0780082605350792e-07,0.00020765435324443526,0.4474673913296483,0.0004640658900917692,0.2576463962480265
14.15280594869751,9.916835692185065e-05,HAT-P-7b,planet,1.8879835473805853,2.198550363571567,0.0764511107840498,0.4762362460066495,3.866500757980949,SIM-PL-0258,,,,82,1.1017514595496247,0.3,0.6940000000000001,0.0014219775942714685,0.0015388272588807705,0.03382839288770759,0.04548922155388419,1.197735244352777
14.30229343213449,0.000108137605928,Kepler-10b,planet,0.6421875264735869,0.8409215807173331,0.0214859521851723,0.286827812075129,3.5199165529691103,SIM-PL-0259,,,,107,0.841534612176814,0.09,0.6090000000000001,3.157826982592867e-05,0.0003654084559017168,0.048664462860623314,0.00750873295259128,0.021744168361006427
13.366651571972964,7.41662892993241e-05,Kepler-90b,planet,0.5913392561845356,6.8041261845514684,0.0148073263624799,0.4780135485876727,12.59056743812354,SIM-PL-0260,,,,14,6.810258548790659,0.16,0.554,1.4089696150730136e-06,0.00016005508228411625,0.096558382993465,0.001657599033063226,0.06865555058539344
14.891073571074966,0.0001434644142644,Kepler-90i,planet,7.486194471186352,14.879168365984809,0.0233907103094998,0.4408844105011952,21.212059477368445,SIM-PL-0261,,,,6,14.87698081734779,0.23,7.479,5.101632620458781e-06,0.0003931856150632962,0.12402326691074161,0.003170256878866674,0.16533362809631977
10.154772413924062,2.1547724139240625e-05,TRAPPIST-1b,planet,0.6136020669998006,1.499698851099501,0.0775486875951771,0.1230273806050798,45.56125157434389,SIM-PL-0262,,,,6,13.494578815679734,0.02,9.612,0.00010798440941684095,0.005999566912615384,0.40852635721681824,0.014685874746219173,0.06154156304590627
10.283169371989732,2.283169371989732e-05,TRAPPIST-1e,planet,3.215064474131325,5.956014790514373,0.0752445482101407,0.3389910911425559,114.26067488321958,SIM-PL-0263,,,,5,17.869474562135114,0.02,3.2159999999999997,5.042216485214402e-05,0.004490976056588991,0.4474673913296483,0.010036432025234434,0.2633037109819843
15.04181627907816,0.0001541816279078,Kepler-452b,planet,120.46523037380392,394.18048642707424,0.0136712028111924,0.5143018878257319,203.79119320123115,SIM-PL-0264,,,,7,12.87656380316931,0.02,4.42,2.7505637938874177e-07,0.00028033468741517353,0.37826487059409347,0.0007411068518598801,0.14144420888120798
10.057044640943946,2.057044640943946e-05,HAT-P-7b,planet,0.5784207192373342,2.2134454787409825,0.0758731344608854,0.4212732407038347,3.883944718458808,SIM-PL-0265,,,,41,2.20767306088407,0.23,0.6910000000000001,0.0016874753984206094,0.0027027926862508433,0.04917173115202436,0.05496639274087407,0.036819671473845184
14.374941344680344,0.0001124964806808,Kepler-10b,planet,0.560029676744972,0.8410824923400884,0.0202966872191149,0.3161238241612054,3.5203655662386666,SIM-PL-0266,,,,107,0.841534612176814,0.09,0.539,2.7033781678216692e-05,0.00033845224532447205,0.04870979958691707,0.006948339927380377,0.0062272604037473395
10.489521652897466,2.4895216528974656e-05,Kepler-90b,planet,6.0011373301034086,7.126423548816082,0.0166810667374369,0.5582731013050068,12.985085625284023,SIM-PL-0267,,,,12,7.119266055045872,0.16,6.0360000000000005,1.7821726425239836e-06,0.0001947269032831489,0.10425952034540197,0.0018677134005416198,0.006107696875879421
15.17735414910342,0.0001677354149103,Kepler-90i,planet,4.019242694345676,14.17163469057374,0.0232331118475851,0.4120112589766954,20.534164175216716,SIM-PL-0268,,,,7,14.161384487072562,0.16,4.058,5.981838927509153e-06,0.00046639191196440333,0.13568895328998806,0.003437213573072912,0.009527679549088224
14.378636872752974,0.0001127182123651,TRAPPIST-1b,planet,1.2967535253015048,1.4763061810862266,0.080985213420613,0.1323604379625451,45.08622755012158,SIM-PL-0269,,,,61,1.47581317764804,0.02,1.31,0.00018380302240061824,0.0024548581635804867,0.1289318945153557,0.019039960382247503,0.018884062869147275
15.780008003821354,0.0002280008003821,TRAPPIST-1e,planet,1.758671178883824,6.009147266816312,0.0743781837932888,0.3060454950135827,114.9392003865566,SIM-PL-0270,,,,5,18.03211009174312,0.02,1.746,8.629840463985513e-05,0.005875318021685505,0.4474673913296483,0.013130159058578573,0.0034000371187389317
14.010201424763284,9.061208548579706e-05,Kepler-452b,planet,331.985205252636,394.8065926261064,0.0138632459977374,0.5791454504157926,204.0069339249188,SIM-PL-0271,,,,13,6.907839866555464,0.09,4.511,1.1269841985094932e-07,6.288346778826615e-05,0.13331781224160374,0.00047168091593272077,0.4130842319962623
13.761291808653908,8.40322952163477e-05,HAT-P-7b,planet,0.4603992342827507,2.215616407693029,0.0745597171097078,0.5039690721293166,3.8864838640028734,SIM-PL-0272,,,,21,4.435779816513762,0.16,0.41200000000000003,0.001335194345386093,0.004022955863972388,0.07934880482910134,0.05069964031136813,0.020486536223550855
15.410811263178676,0.0001910811263178,Kepler-10b,planet,0.6542284102064575,0.8599504557696181,0.0237630390880477,0.3445538719622339,3.5728187898778345,SIM-PL-0273,,,,52,1.71976647206005,0.09,1.517,2.7426014018042672e-05,0.0004904886036738443,0.06800839758888878,0.0072121770408244456,0.033608821254226734
13.94933027951464,8.873325698786601e-05,Kepler-90b,planet,5.047927641200447,7.046172845120807,0.0161790202994853,0.4921829322801929,12.887418318682336,SIM-PL-0274,,,,13,7.05421184320267,0.16,4.99,1.594042919736415e-06,0.0001803648750666742,0.10215696928752524,0.0017655660335716245,0.07565487697061189
11.732172569437228,3.732172569437228e-05,Kepler-90i,planet,14.065245263779836,14.12200409450395,0.0227359525560093,0.4328717076283008,20.48619424070965,SIM-PL-0275,,,,6,14.12885738115096,0.16,14.048,4.456373885813286e-06,0.0004354686341300207,0.14664872444411567,0.002969467588488759,0.08627476933363983
14.331157296054036,0.0001098694377632,TRAPPIST-1b,planet,0.1584866010074415,1.4663549560548417,0.0836694926953116,0.1345849056595631,44.88339304198069,SIM-PL-0276,,,,6,16.129274395329443,0.02,7.484,0.0001810954782049297,0.007769501876030427,0.40852635721681824,0.0190183613340446,0.018028722619163808
13.273006282631648,7.182515706579121e-05,TRAPPIST-1e,planet,1.5747505254553718,6.066816694905134,0.0711631959061463,0.3128791557127373,115.67340558437996,SIM-PL-0277,,,,8,12.128440366972479,0.02,1.598,4.9190995978892806e-05,0.0037489425548657973,0.37826487059409347,0.009910892727040184,0.04760427276539401
12.302659154695853,4.756647886739628e-05,Kepler-452b,planet,250.7813439772152,373.8491433180032,0.013532478022001,0.6430556925360549,196.7219970647685,SIM-PL-0278,,,,12,7.916180150125105,0.02,2.622,2.5968500717470032e-08,6.578817107150137e-05,0.28906878268849695,0.00022758656420674548,0.686702705229593
13.802392286483844,8.505980716209609e-05,HAT-P-7b,planet,1.347882673012636,2.237505583661782,0.0878031930426622,0.4657396098417545,3.912039570146752,SIM-PL-0279,,,,40,2.2402001668056712,0.16,1.294,0.005094251448828613,0.005696267326724236,0.05855692631957746,0.09727743043814428,0.004253165144594529
13.424646130169052,7.561615325422633e-05,Kepler-10b,planet,0.3102084674168778,0.855251595959502,0.0215880140676354,0.2669500697143044,3.559792069961817,SIM-PL-0280,,,,105,0.8577981651376148,0.3,0.18,1.5827379801541426e-05,0.00014272301207052251,0.031524012126051,0.004527438052613177,0.019780822014143985
13.941019192361804,8.852547980904514e-05,Kepler-90b,planet,7.054663215540683,7.09643288508657,0.0163912004180879,0.5302258798818941,12.948629283942578,SIM-PL-0281,,,,12,7.103002502085071,0.16,7.016,2.194555025589661e-06,0.000216084844722908,0.10425952034540197,0.00207256703279508,0.028695476137121045
10.546807308496888,2.546807308496888e-05,Kepler-90i,planet,12.86601742817352,14.175623100422214,0.023367203486843,0.375149735554863,20.53801669815449,SIM-PL-0282,,,,6,14.177648040033363,0.16,12.852,5.087447235661624e-06,0.00046040956566129054,0.14512973002993387,0.003172400069691636,0.013993755688341068
11.791053891486332,3.791053891486334e-05,TRAPPIST-1b,planet,1.0986627544414187,1.5182625161915608,0.0856571508937944,0.1376994890850159,45.93645955094521,SIM-PL-0283,,,,6,16.698498748957466,0.02,5.6579999999999995,0.0001964032389610212,0.008091214143769787,0.40852635721681824,0.019805855854425364,0.0011222906673643924
14.215685505873331,0.0001029411303523,TRAPPIST-1e,planet,6.056666184154978,6.231126231713595,0.0723648862230921,0.3116939019486149,117.75263639795652,SIM-PL-0284,,,,4,18.698915763135947,0.02,18.512,5.597497679014706e-05,0.005290320254490721,0.5002269632436452,0.01057583985514585,0.15042944156878033
13.164285826101525,6.910714565253806e-05,Kepler-452b,planet,297.0898458876516,393.99362882783146,0.0149706129119299,0.5627126036459732,203.72678456334933,SIM-PL-0285,,,,5,18.97539616346956,0.02,12.682,6.198690546750868e-08,0.00015746352652912243,0.4474673913296483,0.0003518994446974559,0.24756149336034283
13.386103463021012,7.46525865755253e-05,HAT-P-7b,planet,1.2431705153581851,2.1399855305666047,0.078301780475097,0.4922055926695194,3.79752852817042,SIM-PL-0286,,,,42,2.1426188490408675,0.16,1.1900000000000002,0.0032044867898843726,0.004420356727330321,0.05739179792175809,0.07702070482887761,0.010325511118201475
15.466437879153162,0.0001966437879153,Kepler-10b,planet,0.0117278204008798,0.8607815203440201,0.0215131930970882,0.2569448257517478,3.5751202907464403,SIM-PL-0287,,,,59,1.5246038365304422,0.3,0.856,2.3577653469547603e-05,0.00023321460220038226,0.0378910135357775,0.006154878965699244,0.361646634296564
13.957624547790214,8.894061369475536e-05,Kepler-90b,planet,0.0469005764945791,6.93991050226329,0.0169633332700131,0.552182014824972,12.757521551210644,SIM-PL-0288,,,,13,6.940366972477065,0.09,0.045,2.2154960492660532e-06,0.00027404664017649516,0.13106882771980585,0.0020908605420835993,0.025924204200680753
15.05887306769729,0.0001558873067697,Kepler-90i,planet,0.0860001158627436,14.331707928789776,0.0217402853267739,0.3695836419249055,20.688501257054146,SIM-PL-0289,,,,7,14.324020016680569,0.16,0.118,3.1775904304536574e-06,0.00033992461359177994,0.13568895328998806,0.0025051752950390077,0.20561795715050002
14.089619126986154,9.537714761916924e-05,TRAPPIST-1b,planet,0.0121737136004417,1.480226489865596,0.0803565271718461,0.1172437965079107,45.16600946398358,SIM-PL-0290,,,,15,5.915763135946623,0.09,4.487,7.779386197919854e-05,0.001571510869207704,0.12689803983358025,0.012384043687898201,0.11191582879798863
15.039099485587766,0.0001539099485587,TRAPPIST-1e,planet,5.280362111197821,6.232405867964845,0.071284666058567,0.3468960497281353,117.76875712046493,SIM-PL-0291,,,,3,18.698915763135947,0.02,17.740000000000002,4.3352699561974444e-05,0.005376039407220312,0.577546791667385,0.00930840493754561,0.051106593226578595
11.315760791665936,3.3157607916659355e-05,Kepler-452b,planet,74.95279693282515,377.1348126576388,0.0130731866695986,0.678701391866028,197.8729431733676,SIM-PL-0292,,,,7,13.494578815679734,0.3,7.5280000000000005,2.9663210343961412e-08,2.435701555780767e-05,0.10115370683564126,0.0002407921204250474,0.8549725951172973
13.424131515079011,7.560328787697528e-05,HAT-P-7b,planet,0.0385664841454111,2.151398373482382,0.0733825380242499,0.434135572678153,3.81101839010037,SIM-PL-0293,,,,21,4.305671392827357,0.16,2.158,0.001520975931248886,0.00430679544051582,0.07958097910880463,0.0541184022708176,0.02493574788845058
11.862105323671948,3.862105323671947e-05,Kepler-10b,planet,0.49592505697823,0.8347822560887698,0.0220087341262963,0.2638198191702125,3.502763712418881,SIM-PL-0294,,,,54,1.6709758131776482,0.09,1.293,1.434034756587491e-05,0.00034641435954796407,0.06651246929627,0.00520826189755356,0.016770636886651476
12.69049726509437,5.7262431627359256e-05,Kepler-90b,planet,3.688358612699961,6.984592159715825,0.0162823159437126,0.5582466201984857,12.812221322709528,SIM-PL-0295,,,,13,6.9891576313594665,0.09,3.659,1.8181041369113185e-06,0.00024617772285540074,0.12998694004948783,0.0018938650510711113,0.033968461252461106
14.62387688450216,0.0001274326130701,Kepler-90i,planet,11.233124105268324,14.472659710049024,0.021652952045912,0.4282309198435003,20.823926937831217,SIM-PL-0296,,,,6,14.470391993327775,0.16,11.226,3.66559439652395e-06,0.0003908108236154728,0.14512973002993387,0.0026928378047341903,0.1669796357076329
14.673301883799622,0.0001303981130279,TRAPPIST-1b,planet,0.9946746198480256,1.5241761409034689,0.0860792748631566,0.1444762077313205,46.05566376740344,SIM-PL-0297,,,,59,1.5246038365304422,0.02,0.982,0.0002472832134185612,0.0029456075739308085,0.13331781224160374,0.022094628800183605,0.01637539679327842
12.6603298202428,5.650824550607002e-05,TRAPPIST-1e,planet,2.9013338618405458,6.138114712975126,0.0703299075002242,0.3305042685923559,116.5779122821498,SIM-PL-0298,,,,8,12.274812343619685,0.02,2.908,7.025727838519412e-05,0.004480346873854235,0.37826487059409347,0.011844469899669807,0.3296383320047598
10.648918840927106,2.6489188409271058e-05,Kepler-452b,planet,343.43742514043686,393.4600606477493,0.0127388414486736,0.523008092620166,203.5428108954523,SIM-PL-0299,,,,6,16.178065054211842,0.02,6.248,9.759832430207971e-09,5.7037509384127993e-05,0.40852635721681824,0.00013961769755251394,0.13373246314816672
12.619092621520268,5.547731553800666e-05,HAT-P-7b,planet,0.3256779445630646,2.1945666711855014,0.0763283380279195,0.4575488132449965,3.8618287082425056,SIM-PL-0300,,,,41,2.19140950792327,0.16,0.386,0.0027589705508162345,0.004159040876001607,0.05813170404994702,0.07154513950645831,0.01421110546598527
10.722067902780712,2.722067902780713e-05,Kepler-10b,planet,0.1550116202050278,0.8360487695050156,0.0207178541053355,0.2983837942102375,3.506305694920753,SIM-PL-0301,,,,54,1.6709758131776482,0.09,1.023,1.2662393896509944e-05,0.000325517211835491,0.06651246929627,0.004894077986873747,0.0007328724033084055
14.240270183822089,0.0001044162110293,Kepler-90b,planet,2.368692127574269,6.967796018039109,0.0145320284596198,0.5621261439174287,12.791673024365169,SIM-PL-0302,,,,13,6.972894078398666,0.16,2.3480000000000003,1.432769393536864e-06,0.0001676112094115556,0.10018034607866344,0.0016730947333715958,0.18097818662435053
12.997712266483015,6.494280666207542e-05,Kepler-90i,planet,8.528772720990888,14.323859739885116,0.023544068803862,0.378226576964392,20.68094774519877,SIM-PL-0303,,,,6,14.324020016680569,0.16,8.524000000000001,5.441998027457708e-06,0.0004761826517321044,0.14512973002993387,0.0032810827363482925,0.033092179793940406
11.976141182565556,3.976141182565557e-05,TRAPPIST-1b,planet,0.0165679463434609,1.5009159409072117,0.0803884171202443,0.1273628751797521,45.58589858360222,SIM-PL-0304,,,,10,9.00583819849875,0.02,0.018000000000000002,8.596578261785897e-05,0.004370755912701418,0.3336740682737929,0.013098878001856105,0.285060616141293
13.387711256005836,7.469278140014592e-05,TRAPPIST-1e,planet,2.677292634221825,5.947235305607863,0.0750944996827674,0.3236395101581254,114.14836304195482,SIM-PL-0305,,,,15,5.948290241868224,0.02,2.666,0.00013328420773540226,0.004215593398093853,0.25863922698323705,0.01629912618926546,0.03261378064179296
15.614246570291575,0.0002114246570291,Kepler-452b,planet,298.5742251513825,388.3187277995608,0.0144975309971332,0.6086328317168889,201.76580082559053,SIM-PL-0306,,,,70,1.2969140950792326,0.3,1.166,5.075939976816316e-05,0.00031678222242437215,0.03577512083325598,0.008854819076666723,0.6229758606615805
11.76052976671016,3.76052976671016e-05,HAT-P-7b,planet,0.7817326170698886,2.223100480574788,0.083601493972568,0.5319910532475172,3.895230979165201,SIM-PL-0307,,,,41,2.223936613844871,0.16,0.766,0.005408059922212227,0.005804746109603909,0.057964499418274244,0.10014312497925013,0.004265283407998708
13.957169369249687,8.892923423124218e-05,Kepler-10b,planet,0.7614764984958885,0.8490997203900827,0.0216615281986098,0.2617923758856326,3.5427010087258703,SIM-PL-0308,,,,35,2.5492076730608844,0.09,1.577,1.0522493603106412e-05,0.00036847538724837925,0.08177215770551924,0.004506122836764877,0.042718761866951414
11.005384042266996,3.005384042266996e-05,Kepler-90b,planet,3.623215046307964,6.903134803923354,0.0156308946989201,0.4897087094844395,12.712412217510058,SIM-PL-0309,,,,13,6.907839866555464,0.16,3.592,1.6847339639328317e-06,0.00018448585196251255,0.10165150595291257,0.0018148855762940772,0.0011874376087363042
15.212309165406488,0.0001712309165406,Kepler-90i,planet,11.98056786840462,14.555165654908532,0.0238434790195807,0.416393916069802,20.90299415829633,SIM-PL-0310,,,,6,14.551709758131778,0.16,11.988,5.879954533589119e-06,0.0004949728331598013,0.14512973002993387,0.0034105543575235083,0.025168463542038232
15.782156492266129,0.0002282156492266,TRAPPIST-1b,planet,0.5724710629372844,1.4940457971424133,0.0835279444720801,0.1373071944972146,45.44668533083599,SIM-PL-0311,,,,30,2.9883236030025024,0.02,0.5680000000000001,0.00021329398824672852,0.0037708883855728237,0.1831985152046966,0.020583618711971695,0.013468226792023414
15.564892529939517,0.0002064892529939,TRAPPIST-1e,planet,0.5417014546998317,6.054290555809829,0.0627830438815982,0.3711639173363785,115.51413037707044,SIM-PL-0312,,,,5,18.162218515429526,0.02,6.594,2.6356433960645135e-05,0.0032469329503789224,0.4474673913296483,0.007256244842178709,0.3390742203732592
15.249486203828749,0.0001749486203828,Kepler-452b,planet,151.9562564894369,373.2662564994634,0.0140064565711063,0.6206151207887857,196.5174645168038,SIM-PL-0313,,,,49,1.866138448707256,0.02,0.392,3.6191513928965493e-07,0.00012279982683360835,0.14512973002993387,0.000846138326091285,0.00910542859184262
15.256405800019191,0.0001756405800019,HAT-P-7b,planet,0.9173432717747172,2.174117611735676,0.0870496538443009,0.4394752392153322,3.8378015145733193,SIM-PL-0314,,,,41,2.1751459549624688,0.16,0.9,0.006716254268541111,0.006478934262545311,0.058047898943699425,0.11161358775154326,0.006584742058055443
12.084780912013258,4.211952280033145e-05,Kepler-10b,planet,0.1934522877387213,0.8300901404590878,0.0231846175445432,0.3271596543186357,3.4896259092017,SIM-PL-0315,,,,55,1.6547122602168476,0.3,0.33599999999999997,5.159678165388093e-06,0.00011308097312001664,0.038945871610002146,0.0029035419787851145,0.02972519356599674
15.34710734339411,0.0001847107343394,Kepler-90b,planet,1.6254995582801193,7.011197422436887,0.0155165305155399,0.509508850113566,12.844736366023978,SIM-PL-0316,,,,50,1.8010842368640536,0.3,0.642,2.9311540288051557e-06,8.93080585956385e-05,0.040407018259214826,0.002210211553416758,0.4176002373296947
11.9658345172759,3.9658345172759e-05,Kepler-90i,planet,5.0083739677241965,14.028638867657763,0.0229892064038096,0.3989190056224329,20.395800462023747,SIM-PL-0317,,,,7,14.031276063386157,0.16,5.01,5.7014912540989845e-06,0.0004512479225952104,0.13448743243314124,0.003355316659938041,0.007480684329189057
15.327241141408624,0.0001827241141408,TRAPPIST-1b,planet,0.0505120929749422,1.5101217669388278,0.0833985943947304,0.128231368215524,45.77210844583588,SIM-PL-0318,,,,30,3.0208507089241037,0.02,1.552,0.00019742858127055007,0.003689954501827075,0.18630906881569873,0.019805554959202037,0.08683905295358751
13.396689709031453,7.49172427257863e-05,TRAPPIST-1e,planet,1.1497849272212626,6.141996851721757,0.0678600606073587,0.3353348746662261,116.62706135141444,SIM-PL-0319,,,,15,6.143452877397832,0.02,1.1380000000000001,7.447532035221673e-05,0.003151197028691044,0.25863922698323705,0.012183755207771634,0.17668000224704608
14.821420881003906,0.0001392852528602,Kepler-452b,planet,99.94048986544036,389.35698311715714,0.0132980874781541,0.6887081995428005,202.12528417600868,SIM-PL-0320,,,,31,2.9395329441201,0.3,0.214,5.333317668607125e-06,0.00015244296291994086,0.04931342407940045,0.003091307605703665,0.9000281993237818
14.215743030098515,0.0001029445818059,HAT-P-7b,planet,1.729907096714616,2.1646426378878507,0.075219896206875,0.5574282258112135,3.826643107975891,SIM-PL-0321,,,,41,2.158882402001668,0.23,1.847,0.0013472496116973172,0.0024123956454761286,0.049124824679931886,0.04910746575064364,0.0039108868359214
11.287198775211907,3.287198775211907e-05,Kepler-10b,planet,0.660941038799853,0.8533827672511842,0.0207352997986099,0.282553254425773,3.554604460601416,SIM-PL-0322,,,,52,1.7035029190992494,0.16,1.602,6.451181437918315e-06,0.00017782980183655983,0.051970356048212304,0.0034217545416003916,0.039810970729330535
12.447896102943991,5.119740257359982e-05,Kepler-90b,planet,1.479745844890168,6.860650503692087,0.0167540889531928,0.5590098711089327,12.660200824209776,SIM-PL-0323,,,,13,6.859049207673062,0.16,1.494,2.4612007561199314e-06,0.00022076378470226032,0.10066338150342667,0.0021930892982642883,0.02509332274014994
11.120621715532296,3.1206217155322945e-05,Kepler-90i,planet,8.525033779722134,14.701498963538054,0.0241439109925716,0.3937566988394241,21.04286210398668,SIM-PL-0324,,,,6,14.698081734778984,0.16,8.526,5.861149866132657e-06,0.0004941807136622511,0.14512973002993387,0.003405096347663042,0.0197040638755865
13.058337080394896,6.645842700987239e-05,TRAPPIST-1b,planet,0.2796961351731657,1.4824986573074546,0.0789692534414992,0.1124980949203458,45.21221793263087,SIM-PL-0325,,,,12,7.4120100083402845,0.02,4.724,0.00012487351710779575,0.00476490040166444,0.3018881696740157,0.015783660574740857,0.20324143008785284
11.67282153686351,3.67282153686351e-05,TRAPPIST-1e,planet,4.237941628123862,6.087294244942703,0.0690003593442274,0.34422431473447,115.93355051527004,SIM-PL-0326,,,,5,18.25979983319433,0.02,16.418000000000003,4.6321374838240205e-05,0.00481255518608581,0.5002269632436452,0.009620743261977587,0.010923980321127874
10.885578480591189,2.885578480591189e-05,Kepler-452b,planet,253.67834519102487,381.51793408935794,0.0135166958233808,0.5624284985101085,199.4031294494804,SIM-PL-0327,,,,5,18.03211009174312,0.09,17.313000000000002,1.1678973246545668e-08,3.186789749920482e-05,0.20906041960538538,0.00015243391149485623,0.0969919460296926
11.443989693446872,3.443989693446872e-05,HAT-P-7b,planet,1.070701127729796,2.1470498733616643,0.0777101576244714,0.5532962542645742,3.805881327650938,SIM-PL-0328,,,,42,2.1426188490408675,0.23,1.157,0.0020393328687634145,0.0029241514877885733,0.04848463218579226,0.06031089349266951,0.0041648453050809045
13.846094223933196,8.61523555983299e-05,Kepler-10b,planet,0.713209309781384,0.8430836259299597,0.021624995832841,0.2990929748819324,3.525947207586307,SIM-PL-0329,,,,108,0.841534612176814,0.16,0.782,1.7610601790301882e-05,0.0002079839369099057,0.03838425492916141,0.00541847008086369,0.06746811748395501
14.605502417904232,0.0001263301450742,Kepler-90b,planet,1.984143073412016,6.946225994164323,0.0154137643773788,0.4794651376609974,12.765260153298296,SIM-PL-0330,,,,13,6.940366972477065,0.16,2.018,1.5718504001327616e-06,0.00017470365477845196,0.09970442295125312,0.0017522156952241427,0.09457871619452557
15.661859352260334,0.000216185935226,Kepler-90i,planet,0.6966245057823337,14.3443214394279,0.0223846206173253,0.400556057062702,20.70063827839311,SIM-PL-0331,,,,7,14.34028356964137,0.16,0.72,6.03041886869015e-06,0.0004682819224156587,0.13568895328998806,0.00345114256585699,0.10183440378291629
11.318499342340395,3.318499342340395e-05,TRAPPIST-1b,planet,0.6797762385141534,1.505319654352463,0.0810701545437755,0.1381269846739859,45.67502158325394,SIM-PL-0332,,,,20,4.517097581317765,0.02,3.6759999999999997,0.00010084298535177093,0.0032580747520061237,0.2299116555987761,0.014170985561914536,0.33505592818114394
14.658942672784502,0.000129536560367,TRAPPIST-1e,planet,1.0346046198004522,5.984709343624943,0.0703680817053096,0.3447803162061575,114.62736660771236,SIM-PL-0333,,,,7,11.965804837364471,0.02,7.028,6.572171958030131e-05,0.004333316762688888,0.37826487059409347,0.011455773717192103,0.2751854789097304
11.784632786514,3.784632786513999e-05,Kepler-452b,planet,158.59293710634856,381.76263704495256,0.014708047288485,0.5799970327537383,199.48838419319176,SIM-PL-0334,,,,49,1.8336113427856549,0.3,0.54,5.423052859879015e-07,3.8839396355849765e-05,0.040765466931849875,0.0009527523975324497,0.682895086569264
13.282297282715868,7.205743206789666e-05,HAT-P-7b,planet,2.141803272611717,2.263763745309597,0.0781199780300155,0.4194438973005168,3.94258641125349,SIM-PL-0335,,,,20,4.533361134278566,0.16,2.084,0.0016003378528111633,0.004486650853857133,0.08077501032960434,0.055545035965322044,0.01231787222488977
13.812975051879842,8.532437629699606e-05,Kepler-10b,planet,0.5261991713274697,0.8282257510598758,0.0241507130522608,0.3297539158311335,3.4843987986352616,SIM-PL-0336,,,,36,2.484153461217682,0.09,1.365,1.898861298592339e-05,0.0004918263505105935,0.08126875288004587,0.006051850595474721,0.024489053341502916
12.65599466494172,5.6399866623542974e-05,Kepler-90b,planet,0.2153190167378899,7.001510781457452,0.0148774686622403,0.4562098382726226,12.832902817487806,SIM-PL-0337,,,,13,7.005421184320268,0.16,0.18,1.4784093896804738e-06,0.0001719540281404086,0.10115370683564126,0.0016999280947736957,0.08060117930185837
11.304440731898618,3.3044407318986175e-05,Kepler-90i,planet,14.0408590060584,14.203907726420525,0.0221848249972723,0.4390890247205169,20.56532729590192,SIM-PL-0338,,,,6,14.210175145954963,0.16,14.008000000000001,4.086478395920896e-06,0.000412637774765523,0.14512973002993387,0.002843233944419341,0.003248416915408018
15.807319565421142,0.0002307319565421,TRAPPIST-1b,planet,1.0440136613723126,1.4678169022509702,0.0828731768465858,0.1112999904202931,44.91322038448112,SIM-PL-0339,,,,20,4.40325271059216,0.02,2.514,0.0002044062540650581,0.00490385507492741,0.24300455986433925,0.02018009488243783,0.0790288911549737
13.569562708930386,7.923906772325964e-05,TRAPPIST-1e,planet,5.408929721356196,5.987609800774275,0.0743713916958863,0.402423174175455,114.66439930738892,SIM-PL-0340,,,,5,17.967055879899917,0.02,17.366000000000003,5.1319300314727135e-05,0.004530752710741437,0.4474673913296483,0.010125324880721064,0.3904793947707409
13.763711189024455,8.409277972561142e-05,Kepler-452b,planet,160.31625841959075,393.390242109214,0.0151698773314789,0.6820785680911973,203.5187313961129,SIM-PL-0341,,,,6,13.36447039199333,0.02,11.388,8.154393101102582e-08,0.00016486755392453034,0.40852635721681824,0.00040356650436884726,0.012977452654739298
11.219191521360798,3.219191521360798e-05,HAT-P-7b,planet,0.9856478308955784,2.220925565370602,0.0754710479265514,0.4310504163353714,3.892690029676714,SIM-PL-0342,,,,41,2.223936613844871,0.16,0.9279999999999999,0.002735911724637247,0.0041287018504249096,0.057964499418274244,0.0712281118936614,0.03831192322254109
15.577344443702016,0.0002077344443702,Kepler-10b,planet,0.5856133048722163,0.8599015991545719,0.0235674416025188,0.33040565674293,3.572683466201944,SIM-PL-0343,,,,53,1.71976647206005,0.09,0.5810000000000001,2.659783214472236e-05,0.00047987942339011713,0.06758959461192052,0.0070999008966608395,0.039231961092653485
12.75306491169729,5.882662279243226e-05,Kepler-90b,planet,6.267677975441632,6.8284139603323135,0.0158330811562808,0.5543772797594182,12.620511546704464,SIM-PL-0344,,,,13,6.82652210175146,0.16,6.282,1.8364180239557225e-06,0.00019069534169902091,0.10066338150342667,0.0018943864079563975,0.09710079405797085
14.229245859257231,0.0001037547515554,Kepler-90i,planet,9.320482783457493,14.524768696595393,0.0205306055433064,0.3670423851659982,20.8738815248176,SIM-PL-0345,,,,6,14.519182652210176,0.16,9.334,2.9088093342789823e-06,0.0003481384622938677,0.14512973002993387,0.002398808722527507,0.01177848087058642
10.372178875278944,2.3721788752789443e-05,TRAPPIST-1b,planet,1.1725531627682166,1.494970151572919,0.0798136154972515,0.1421157024536635,45.46542840392927,SIM-PL-0346,,,,19,4.484570475396164,0.02,1.174,0.00018184718265706185,0.0043751352779934916,0.2299116555987761,0.019029636695012266,0.07017468593647219
11.056964228716817,3.0569642287168165e-05,TRAPPIST-1e,planet,0.4091783905652407,6.248967654119717,0.0706095071113514,0.353548130262299,117.97730132023572,SIM-PL-0347,,,,5,18.74770642201835,0.02,0.40800000000000003,5.303925679245392e-05,0.005149721195970569,0.5002269632436452,0.010294769323464672,0.1362526842798608
10.027483348842123,2.0274833488421232e-05,Kepler-452b,planet,168.8729634454521,393.2539797121067,0.0151467386493357,0.6278679432732127,203.47173217678264,SIM-PL-0348,,,,6,15.413678065054214,0.09,8.677,5.277621929513972e-09,1.9078100696234834e-05,0.18630906881569873,0.00010240027937183958,0.21109085486025359
11.079702441758364,3.079702441758364e-05,HAT-P-7b,planet,0.1136835571911755,2.1477811940219635,0.0801788786955779,0.5510584532973101,3.806745509303652,SIM-PL-0349,,,,42,2.1426188490408675,0.23,0.21700000000000003,0.001990314869488426,0.002891827712513062,0.04852936401426447,0.05958923573906827,0.019844125332040878
11.506588306250524,3.5065883062505244e-05,Kepler-10b,planet,0.036569151906709,0.8398108222222472,0.0238804943538108,0.2814232421931856,3.5168162730424744,SIM-PL-0350,,,,108,0.841534612176814,0.16,0.78,2.502375204868548e-05,0.0002448903886477227,0.03838425492916141,0.006379969836581974,0.024181716888066116
15.963447976878072,0.0002463447976878,Kepler-90b,planet,6.796034865904201,6.960249691201856,0.0153004335426337,0.469340373651511,12.782435519158716,SIM-PL-0351,,,,12,6.956630525437865,0.09,6.807,1.5394380576647607e-06,0.000241022825010484,0.13819367908731744,0.0017440944231479222,0.3529460672164863
11.946202810040544,3.946202810040545e-05,Kepler-90i,planet,9.178125775226343,14.608725610001423,0.0224890485736836,0.4599265342328854,20.95424184813552,SIM-PL-0352,,,,6,14.60050041701418,0.16,9.200000000000001,4.196387241189626e-06,0.0004225750463977551,0.14664872444411567,0.0028815460073011983,0.00405813246109658
14.057758533949016,9.346551203694098e-05,TRAPPIST-1b,planet,0.7582577194439697,1.5153996963196503,0.0775424939398032,0.1290365014419436,45.87869651773738,SIM-PL-0353,,,,7,13.64095079232694,0.02,6.81,0.00015605906802482292,0.006677447502598133,0.37826487059409347,0.017652835411627568,0.020430040441729323
15.71339802368319,0.0002213398023683,TRAPPIST-1e,planet,2.429897418205345,6.248369733954948,0.0740610093817832,0.3437165281268471,117.96977558304452,SIM-PL-0354,,,,5,18.74770642201835,0.02,2.424,3.6345211504899605e-05,0.004262933937143276,0.5002269632436452,0.008521999512982933,0.45063922706675835
14.879122452779008,0.0001427473471667,Kepler-452b,planet,16.57819856638065,385.18823655973785,0.0127920562956785,0.6155590899294575,200.67996121281163,SIM-PL-0355,,,,5,16.84487072560467,0.02,16.754,2.5160586530249674e-07,0.00031724177865000147,0.4474673913296483,0.0007089718374948357,0.40250560399106877
13.538147021257398,7.845367553143495e-05,HAT-P-7b,planet,2.000022732197849,2.1736479047602923,0.0827334376337143,0.5307479329056756,3.837248736426564,SIM-PL-0356,,,,41,2.1751459549624688,0.16,1.9680000000000002,0.00467389658181993,0.005404799130067195,0.058047898943699425,0.09310929815580926,0.014955539024351724
11.39800201077256,3.3980020107725614e-05,Kepler-10b,planet,0.765489404807996,0.8531517218617202,0.022963501805806,0.2641549113721347,3.553962847742787,SIM-PL-0357,,,,53,1.7035029190992494,0.16,0.834,1.111095464178767e-05,0.00023112345437525939,0.051519747872183407,0.004486113848007548,0.01054048532129361
11.98501216209187,3.98501216209187e-05,Kepler-90b,planet,6.4320683673284265,7.073465597009271,0.0159714589169852,0.4577014488266039,12.920675751745463,SIM-PL-0358,,,,12,7.07047539616347,0.16,6.446000000000001,1.9665035721594256e-06,0.00020454950876358513,0.10425952034540197,0.001961926432098785,0.05865561770906391
15.44639987052556,0.0001946399870525,Kepler-90i,planet,9.786050877725812,14.582045250552577,0.022668446772456,0.3834144734887058,20.928721163620818,SIM-PL-0359,,,,6,14.584236864053379,0.16,9.776,4.187568083884768e-06,0.0004177104301970047,0.14512973002993387,0.0028781865032812327,0.08290901352373967
11.262626249567994,3.262626249567994e-05,TRAPPIST-1b,planet,1.042381623940468,1.5192130096739094,0.0777664043632904,0.1337545413126073,45.95562960025263,SIM-PL-0360,,,,5,18.22727272727273,0.02,8.646,0.00010660179016451699,0.006529985916202796,0.4474673913296483,0.014593210684691367,0.03317789913389768
15.14694554733714,0.0001646945547337,TRAPPIST-1e,planet,5.620113794409948,6.149761038043954,0.0724382282219487,0.3606586641119785,116.7253272829003,SIM-PL-0361,,,,5,18.454962468723938,0.02,5.608,4.766763295420046e-05,0.004366583696859605,0.4474673913296483,0.009758440014778087,0.4449038662363346
12.423358625561,5.058396563902501e-05,Kepler-452b,planet,140.9681581647269,377.8404231100786,0.0148135009339122,0.6675706600334345,198.1196767205065,SIM-PL-0362,,,,6,14.486655546288576,0.02,9.208,4.104441861657752e-08,0.00011696782836401187,0.40852635721681824,0.0002863164794577336,0.23202381450029638
13.131277551620364,6.828193879050911e-05,HAT-P-7b,planet,1.3773935440407574,2.2170615999611365,0.0773672089678532,0.5611518333105574,3.888173719093942,SIM-PL-0363,,,,21,4.435779816513762,0.16,1.36,0.001745388960500133,0.004715321227009683,0.08126875288004587,0.05802133119933047,0.036450258819878276
14.683161056334718,0.00013098966338,Kepler-10b,planet,0.2001396743152148,0.8402024754409764,0.0226470030849548,0.3184686472445873,3.517909587028951,SIM-PL-0364,,,,107,0.841534612176814,0.16,0.128,2.3805660782989815e-05,0.00023835985301590146,0.03838425492916141,0.006209834044083892,0.022853005157193334
11.47310334743118,3.4731033474311806e-05,Kepler-90b,planet,1.736767784797458,7.195453202205051,0.0150067392994716,0.4265005217715723,13.068803642326934,SIM-PL-0365,,,,13,7.200583819849876,0.16,1.7060000000000002,1.5599344368544276e-06,0.00017663150550584206,0.10115370683564126,0.0017461693795645101,0.03388816240731002
13.95526203503648,8.888155087591199e-05,Kepler-90i,planet,10.20529577473744,14.383782918682712,0.0224963360560034,0.4416780601104836,20.738586104543128,SIM-PL-0366,,,,6,14.389074228523771,0.16,10.184000000000001,4.6380049946566255e-06,0.00043960232951034683,0.14512973002993387,0.003029030160944117,0.07474516864932312
11.22531942788813,3.22531942788813e-05,TRAPPIST-1b,planet,1.415508673614744,1.49266752463669,0.0853705675189998,0.1314281287266617,45.418731010816856,SIM-PL-0367,,,,60,1.492076730608841,0.02,1.43,0.00015599974375163443,0.0022995927697823104,0.13106882771980585,0.01754492513428361,0.054493098979984826
15.963914186500476,0.00024639141865,TRAPPIST-1e,planet,1.660639243567577,5.941322454314267,0.069949081414243,0.3209482401720804,114.07269155754771,SIM-PL-0368,,,,7,11.884487072560468,0.02,1.6500000000000001,4.603730513201273e-05,0.0036267775989167195,0.37826487059409347,0.009587931317070475,0.024526135449654228
14.436224673336453,0.0001161734804001,Kepler-452b,planet,315.0821603432391,394.63436144762,0.0143121095271444,0.5674191000754175,203.94759869519805,SIM-PL-0369,,,,83,1.085487906588824,0.3,0.784,2.0432626421331e-07,1.8324486189214007e-05,0.03368940330363743,0.0005439243320535606,0.07403660949518738
14.239275043400406,0.000104356502604,HAT-P-7b,planet,1.2779012123005755,2.20055993469205,0.0884099112182219,0.5128930288093861,3.868856499649652,SIM-PL-0370,,,,21,4.40325271059216,0.16,1.258,0.0031797554889678027,0.006284907969567821,0.08029062847334954,0.07827698062737096,0.012496432673239402
12.501742540319,5.254356350797496e-05,Kepler-10b,planet,0.1379078629741435,0.8603908335289241,0.0228464935101538,0.3288494695969838,3.574038438184421,SIM-PL-0371,,,,53,1.71976647206005,0.09,0.16499999999999998,1.9269681469401378e-05,0.00040670012435894964,0.06731499903509469,0.006041745973240175,0.006830358888693953
14.303560197696171,0.0001082136118617,Kepler-90b,planet,5.054889855964377,6.935952931385641,0.0159961270342149,0.5245660364703331,12.75267099916516,SIM-PL-0372,,,,13,6.940366972477065,0.16,5.032,2.418051162134307e-06,0.0002177447310155456,0.10018034607866344,0.0021735274386511746,0.04326834614771277
15.595006123403678,0.0002095006123403,Kepler-90i,planet,11.2057809812619,14.674983218632375,0.0199100184424492,0.3770919150466236,21.017552438838145,SIM-PL-0373,,,,6,14.665554628857382,0.16,11.22,2.740535043958159e-06,0.00033791857031661987,0.14512973002993387,0.00232838971206604,0.07967070587896691
11.977415195669,3.977415195669e-05,TRAPPIST-1b,planet,0.8159704626108133,1.5448127809078989,0.0929422726096614,0.1419901968885229,46.470446194525685,SIM-PL-0374,,,,7,13.901167639699752,0.02,0.8240000000000001,0.00030971066324328694,0.009406846492138188,0.37826487059409347,0.02486841159043933,0.009545745458168185
10.811984064873275,2.8119840648732757e-05,TRAPPIST-1e,planet,5.110810548865828,6.132843727357537,0.0701581618356818,0.308963388902325,116.51116339623503,SIM-PL-0375,,,,5,18.389908256880737,0.02,11.258000000000001,4.329025184516407e-05,0.004161261916542425,0.4474673913296483,0.009299586958006582,0.4594990179860013
14.00998270497242,9.059896229834525e-05,Kepler-452b,planet,88.70893287127602,384.6874811918016,0.0131914035067886,0.5602087220368835,200.5059971704705,SIM-PL-0376,,,,113,0.792743953294412,0.3,0.642,1.4517924697257792e-07,1.3225534219341029e-05,0.031083408463313318,0.0004254853271625817,0.1260116427977358
10.368479060914716,2.3684790609147173e-05,HAT-P-7b,planet,2.0268325736342048,2.1829068970802195,0.0811055228901281,0.5516845803929593,3.848137921236991,SIM-PL-0377,,,,124,0.7276897414512093,0.16,0.568,0.0020981003407871505,0.0020852804340610875,0.036422925150369524,0.05725186611048266,0.031972448286536295
12.336579974431976,4.841449936079939e-05,Kepler-10b,planet,0.275248004316918,0.8586980446451484,0.0242317257261407,0.2948673918486433,3.569349035856867,SIM-PL-0378,,,,105,0.8577981651376148,0.16,0.322,4.2964847146820396e-05,0.00032411190356318453,0.0387423263397418,0.008365834842259104,0.020287547359941368
10.999777640672198,2.999777640672198e-05,Kepler-90b,planet,3.034897083751963,7.208421302731347,0.0154694032982441,0.4854069618049249,13.084501212090348,SIM-PL-0379,,,,13,7.200583819849876,0.16,3.08,1.385760884131122e-06,0.0001656526775718481,0.10066338150342667,0.0016456101026787891,0.0776318013971347
14.04652004529672,9.27912027178032e-05,Kepler-90i,planet,4.402076765772779,14.519254037848569,0.0211101411477559,0.389483736976731,20.8685976945488,SIM-PL-0380,,,,6,14.519182652210176,0.16,4.412,3.841886533095899e-06,0.00040009824486708645,0.14512973002993387,0.0027568317310627108,0.06989912912042322
13.0925661038374,6.7314152595935e-05,TRAPPIST-1b,planet,0.4541457846427755,1.5319500164577244,0.0885882167944467,0.1391889291559843,46.21213183257066,SIM-PL-0381,,,,15,6.1271893244370315,0.02,0.458,0.0001619001819473643,0.004809220042901963,0.26768657552093117,0.01796586187986075,0.23713998247497617
12.288156417842512,4.720391044606279e-05,TRAPPIST-1e,planet,4.302850657683208,6.18865712024376,0.0671911183677114,0.3525593543499091,117.2169870790951,SIM-PL-0382,,,,5,18.568807339449542,0.02,4.298,4.473567512134242e-05,0.004729464828146179,0.5002269632436452,0.009454637945701063,0.03205628488027418
13.14102842696884,6.852571067422098e-05,Kepler-452b,planet,280.8455231408394,385.40816374799925,0.0147151698282196,0.589297829328929,200.7563408052635,SIM-PL-0383,,,,156,0.5813177648040033,0.16,0.512,6.23270037901039e-08,9.856714049183424e-06,0.03375840427786722,0.0002919780795339817,0.2748971189715144
13.747315591210793,8.368288978026981e-05,HAT-P-7b,planet,0.4884899492315505,2.1628786785471905,0.0741526738896749,0.5043742868894696,3.8245639472461086,SIM-PL-0384,,,,42,2.158882402001668,0.16,0.57,0.0019493400538411372,0.0034319804415682276,0.05715213277289963,0.06004991021429742,0.010669232145245266
15.142854144566195,0.0001642854144566,Kepler-10b,planet,0.3171185276426728,0.8160446727459753,0.0243396336850901,0.3060266776823935,3.450150116789444,SIM-PL-0385,,,,28,3.264804003336114,0.09,0.309,1.4993884761748361e-05,0.0004917691033361482,0.09109274591171923,0.005398553950857258,0.05290113840796978
10.484222212309144,2.484222212309145e-05,Kepler-90b,planet,2.968636845741087,7.143179971883426,0.0175150786438958,0.4910517171006228,13.005432288477577,SIM-PL-0386,,,,13,7.135529608006673,0.16,3.012,2.249875169380097e-06,0.00021427976988808162,0.10215696928752524,0.0020975541011302116,0.14444879692787543
15.326390424935456,0.0001826390424935,Kepler-90i,planet,10.67435214098663,14.53858306588438,0.0226802467564844,0.4208511678000569,20.887114727763603,SIM-PL-0387,,,,6,14.535446205170977,0.16,10.678,4.568939690210858e-06,0.0004457011911002118,0.14821717352069108,0.003007081976488993,0.013731640547891106
11.57349260460155,3.5734926046015485e-05,TRAPPIST-1b,planet,0.6721352760815964,1.480733077399507,0.0831255376791639,0.120066822399417,45.17631384763189,SIM-PL-0388,,,,6,16.29190992493745,0.02,6.586,8.683688726305062e-05,0.0058936198473619195,0.4474673913296483,0.01317105997344084,0.3743664297001184
10.679784284548168,2.679784284548168e-05,TRAPPIST-1e,planet,0.464373724758849,6.167047496987415,0.0631263715563851,0.4007369383052945,116.94396162750564,SIM-PL-0389,,,,5,18.50375312760634,0.02,0.46,2.686506010123331e-05,0.0032781128779363344,0.4474673913296483,0.007325925735494222,0.4355088115762371
13.980594377222651,8.951485943056627e-05,Kepler-452b,planet,359.3586019467029,392.240785661565,0.0129045233856399,0.5385182654492376,203.1220938845532,SIM-PL-0390,,,,6,14.35654712260217,0.02,5.454,8.997369202029139e-08,0.00018970892653746851,0.4474673913296483,0.0004239614555459536,1.3250129266448818
12.204373320112088,4.510933300280216e-05,HAT-P-7b,planet,1.0664877799115478,2.2178955958520508,0.085528380739007,0.4641004219835892,3.889148738653045,SIM-PL-0391,,,,21,4.435779816513762,0.16,1.066,0.003194023103084411,0.006222172574956386,0.07934880482910134,0.07841545425110664,0.022557553629926373
10.670494601812004,2.6704946018120025e-05,Kepler-10b,planet,0.6499435708007529,0.8419418868190591,0.0208753938371033,0.2784765230863404,3.5227631651935343,SIM-PL-0392,,,,107,0.841534612176814,0.09,0.673,3.273561254063655e-05,0.0003716516479567167,0.04861927855747472,0.00764412099446052,0.007367241996969063
13.17262361237557,6.931559030938926e-05,Kepler-90b,planet,4.662627998610756,7.209154253641032,0.0156777154683898,0.5670358445692042,13.08538815012643,SIM-PL-0393,,,,12,7.200583819849876,0.16,4.708,1.2993287963658209e-06,0.0001671602666918348,0.10480641290909425,0.00159494311513957,0.1571695616191094
13.805141213015608,8.512853032539019e-05,Kepler-90i,planet,8.946272025795441,14.135482961006645,0.0234344728927815,0.3519537380816859,20.499227649103947,SIM-PL-0394,,,,6,14.12885738115096,0.16,8.966000000000001,5.081073511643432e-06,0.00046012106702331135,0.14512973002993387,0.003170412202437148,0.012611984427773285
12.217932808943434,4.544832022358585e-05,TRAPPIST-1b,planet,1.4155681452595106,1.4955540045237077,0.0865681907615408,0.1158954247111068,45.47726516065232,SIM-PL-0395,,,,15,5.980817347789825,0.02,4.418,0.0004925147535125342,0.00810361856220243,0.25863922698323705,0.03133174598734647,0.0019095161418443759
15.140817815876249,0.0001640817815876,TRAPPIST-1e,planet,1.7778681435798835,6.136824470634293,0.0726677241773768,0.3262985345565727,116.5615751237554,SIM-PL-0396,,,,8,12.274812343619685,0.02,1.77,7.771435516663747e-05,0.004407787289747445,0.35387458383743353,0.012455789398461965,0.022170759709624552
11.3332157183654,3.3332157183654004e-05,Kepler-452b,planet,258.9705001172443,395.1917553577828,0.0136174375484023,0.617181773326301,204.13959482584264,SIM-PL-0397,,,,57,1.573394495412844,0.3,1.22,4.0383883010598064e-06,9.805717842470418e-05,0.038349272744555296,0.0025569501429104943,0.689265041485839
15.54470480174328,0.0002044704801743,HAT-P-7b,planet,1.0956870180981717,2.179104189803305,0.0807491299874427,0.4427393972026516,3.843667553756429,SIM-PL-0398,,,,41,2.1751459549624688,0.16,1.1760000000000002,0.0029009221311282066,0.004244779132391185,0.05788150231477708,0.073335676557025,0.031877406375110114
15.330973794853776,0.0001830973794853,Kepler-10b,planet,0.5153407681204456,0.828632065144085,0.0244619370568925,0.3158110762287397,3.4855382984009915,SIM-PL-0399,,,,36,2.484153461217682,0.09,2.207,1.5922897544567946e-05,0.00044613475465038466,0.08053166764694861,0.005539867330281083,0.031564625718659874
12.7276682735528,5.819170683882003e-05,grazing_EB,false_positive,0.3191784566959821,3.111493771145308,,,,SIM-FP-0000,0.0968312762385079,V,0.1135247432376725,58,1.5571309424520434,0.09,0.279,0.1579052197670625,0.035123133821317376,0.06439751385350899,0.5454113322016628,0.6267509472445851
11.135644014599526,3.135644014599526e-05,background_EB,false_positive,2.446338036599952,5.840848808171846,,,,SIM-FP-0001,0.1641769497437969,U_diluted,0.180422488167277,30,2.9232693911592995,0.16,2.404,0.3163535333086299,0.051888057356617945,0.0670439966816869,0.7739403962292599,0.49892487819792014
12.588263872124305,5.470659680310761e-05,secondary_eclipse,false_positive,0.6855197905811219,4.213955809301366,,,,SIM-FP-0002,0.0520096726628037,U,0.2508977732960233,43,2.1100917431192663,0.23,0.621,0.11046040243088423,0.021364642377752707,0.048175645014291536,0.44347392487251147,0.854131769741125
10.826022298919026,2.8260222989190264e-05,aliased_contact_binary,false_positive,0.5817491547974086,0.93621975766248,,,,SIM-FP-0003,0.0388348679410837,V,0.041878587022655,32,2.809424520433695,0.02,0.5700000000000001,0.01039192643607378,0.025485199670683745,0.17742172072922877,0.14364193722130478,0.07689636271355264
10.809004862051586,2.809004862051585e-05,grazing_EB,false_positive,0.7656135718404541,3.057549482691052,,,,SIM-FP-0004,0.0901699987957745,V,0.1533909750155352,30,3.053377814845705,0.16,0.83,0.1323507358236951,0.03363335948560564,0.0671790535181027,0.5006524760957294,0.01215060687410126
14.961692305936506,0.0001477015383561,background_EB,false_positive,5.204976303976312,5.654576375870073,,,,SIM-FP-0005,0.1522426496468926,U_diluted,0.157337519693731,32,2.825688073394496,0.16,2.4,0.26729036101346687,0.046616438795377024,0.06561441942459144,0.7104602799839114,0.509921755815463
10.202880814726262,2.2028808147262617e-05,secondary_eclipse,false_positive,3.3985402063788395,3.926863113090673,,,,SIM-FP-0006,0.0655444934669681,U,0.1234605404950878,46,1.9637197664720603,0.09,1.427,0.13797629158201452,0.03660021374838296,0.0713603126639543,0.5128931247924667,0.9180105704204324
14.63159093196965,0.0001278954559181,aliased_contact_binary,false_positive,0.7118134685085217,0.8668990006055572,,,,SIM-FP-0007,0.0353965908192272,V,0.025706679120397,12,7.8023352793995,0.02,4.178,0.003052383071342706,0.022555055129404034,0.28906878268849695,0.07802660294075946,0.0015957441163610582
10.59213489642893,2.5921348964289307e-05,grazing_EB,false_positive,1.9888488709923724,3.178204743222486,,,,SIM-FP-0008,0.0963835229094549,V,0.2234349493601279,57,1.5896580483736449,0.16,0.382,0.3718426073124077,0.04078878905238248,0.04989523268032659,0.8174887030532932,0.6367007999302811
11.984089800607444,3.984089800607444e-05,background_EB,false_positive,2.1513408149597177,5.930182390524933,,,,SIM-FP-0009,0.1540519194773979,U_diluted,0.2883010370753857,15,5.932026688907423,0.23,2.1410000000000005,0.31945044165138714,0.06130448996620341,0.07821929196611212,0.7837515327134781,0.008745694383574738
10.771819855873025,2.7718198558730247e-05,secondary_eclipse,false_positive,3.5234501702886534,4.138534673754987,,,,SIM-FP-0010,0.0613923414817246,U,0.1317922889060276,21,4.14303586321935,0.16,3.476,0.08362868581395322,0.03193527864480594,0.07958097910880463,0.40129285920374796,0.0058601360282527154
14.76271672680106,0.000135763003608,aliased_contact_binary,false_positive,0.0153288655074258,0.9172193442132938,,,,SIM-FP-0011,0.0417286957961534,V,0.0448192534709708,49,1.8336113427856549,0.02,0.9540000000000001,0.010995215258528581,0.021184529644683425,0.14365765229694957,0.14746537553665184,0.07965006134848798
11.361211542783044,3.3612115427830444e-05,grazing_EB,false_positive,0.8611951196704065,3.2767659043990265,,,,SIM-FP-0012,0.0897976437476177,V,0.1180311355402183,55,1.6384487072560467,0.09,0.8590000000000001,0.1917064974107717,0.03939897627174238,0.06548932811798407,0.6016091079872142,0.6227303431134182
11.166617465751742,3.166617465751742e-05,background_EB,false_positive,1.7541867207620172,5.75885652474166,,,,SIM-FP-0013,0.1439844516261983,U_diluted,0.1430928612079452,16,5.753127606338616,0.16,1.794,0.13892023423608146,0.04695831218338675,0.09038799224051253,0.5195193633512274,0.005189001867016402
14.426437863789229,0.0001155862718273,secondary_eclipse,false_positive,3.120041594199918,4.180329796789793,,,,SIM-FP-0014,0.0688513582979364,U,0.155326780703378,21,4.175562969140952,0.16,3.162,0.1318618312706027,0.04010076200094137,0.07958097910880463,0.5038988267047437,0.06268269864967745
11.918758289852397,3.9187582898523946e-05,aliased_contact_binary,false_positive,0.6869928790807256,0.9263497332235512,,,,SIM-FP-0015,0.0387290719332913,V,0.0394866385674617,12,7.4120100083402845,0.02,4.38,0.007537624718945538,0.035443910428886394,0.28906878268849695,0.12261410623187582,0.0018420926323971872
10.387997057258994,2.3879970572589945e-05,grazing_EB,false_positive,1.164578230458038,3.236696434214558,,,,SIM-FP-0016,0.0968801286905984,V,0.2424225237482515,111,0.8090075062552127,0.23,0.359,0.30268391373523196,0.022015494715823536,0.03342298922317481,0.6586931698065608,1.2425059640728344
14.225977191996506,0.0001035586315197,background_EB,false_positive,1.36906435003308,5.4782940362230175,,,,SIM-FP-0017,0.1356429089614733,U_diluted,0.2709718614848371,17,5.476647206005005,0.23,1.383,0.277847393002848,0.053938824471526536,0.07397757280884824,0.7291240091223306,0.021460393537408883
12.813634872503366,6.034087181258414e-05,secondary_eclipse,false_positive,0.604243196782618,4.038178196738767,,,,SIM-FP-0018,0.0549691357542901,U,0.2198223120481218,23,4.045454545454546,0.23,0.519,0.09955245103145646,0.027619812289231827,0.06381612384886659,0.4328030382202909,0.01099811811924775
15.403013319584964,0.0001903013319584,aliased_contact_binary,false_positive,0.2272589809965204,0.917189799035724,,,,SIM-FP-0019,0.0451605151727312,V,0.0421804197967353,49,1.8336113427856549,0.02,0.24800000000000003,0.012611967509165538,0.022688635570425664,0.14365765229694957,0.15793544727799672,0.05204949097517504
13.362401608162989,7.406004020407471e-05,grazing_EB,false_positive,0.9442749246769376,3.094108299648895,,,,SIM-FP-0020,0.0968216915893998,V,0.1932307548164909,15,6.192243536280234,0.09,0.915,0.12750752987126499,0.0616943670162059,0.12310841461033646,0.5011385063440327,0.014336456476895265
14.80064771482198,0.0001380388628893,background_EB,false_positive,5.171879896373776,5.510595844928702,,,,SIM-FP-0021,0.1429441188792618,U_diluted,0.2291580814344866,16,5.509174311926606,0.16,5.180000000000001,0.25376316296813817,0.0634664219393214,0.09038799224051253,0.7021554563403091,0.00024592697056098975
13.949827922779155,8.874569806947892e-05,secondary_eclipse,false_positive,3.4330046274494355,4.289903742860132,,,,SIM-FP-0022,0.0570643801883564,U,0.1809674788651702,21,4.289407839866556,0.16,3.44,0.13884453597644375,0.0411488280330462,0.07958097910880463,0.5170686324025587,0.0023888185422676744
11.04856520306279,3.0485652030627892e-05,aliased_contact_binary,false_positive,0.4793571562760755,0.890131629368531,,,,SIM-FP-0023,0.0372447757608651,V,0.0446983432404924,101,0.890325271059216,0.02,0.468,0.03300286512622498,0.025821009817676432,0.10165150595291257,0.25401502491893574,0.012977982866729057
15.663260913832971,0.0002163260913832,grazing_EB,false_positive,1.688874844629879,3.0934362329520817,,,,SIM-FP-0024,0.0870312608391312,V,0.2061648619451372,29,3.085904920767306,0.23,1.797,0.11204996053696992,0.026218754180528103,0.05755347613361511,0.4555546587604738,0.02500887879905546
14.114379374357554,9.686276246145324e-05,background_EB,false_positive,2.6541554240286467,5.728068717932836,,,,SIM-FP-0025,0.1306741772574718,U_diluted,0.2316307448959979,31,2.858215179316097,0.23,2.733,0.18310105401292365,0.0327705122808466,0.0563770552789813,0.5812739263993488,0.4677811415417689
13.994373338817836,8.985933347044593e-05,secondary_eclipse,false_positive,3.1795046165972343,3.993852271344549,,,,SIM-FP-0026,0.0558468638469656,U,0.1512636735599004,45,1.9962468723936615,0.16,1.2000000000000002,0.1060180235086358,0.024508543172416464,0.05549242753090822,0.44165563236111227,0.893307041345648
13.438655924843628,7.59663981210907e-05,aliased_contact_binary,false_positive,0.6711502430803162,0.8766969397774782,,,,SIM-FP-0027,0.0357187818135759,V,0.0293321324667038,34,2.6305254378648875,0.02,0.664,0.007391435901084153,0.020851626965841308,0.1721636899420252,0.12111512580186296,0.167447808193921
10.22558088514566,2.2255808851456587e-05,grazing_EB,false_positive,0.3977268709575332,3.2865074979560966,,,,SIM-FP-0028,0.0998644701215882,V,0.0882125591454917,28,3.2810675562969145,0.16,0.47200000000000003,0.05272751611217203,0.021943787902466094,0.06931719505396171,0.31657062703393296,0.034491988179288634
11.66216999776568,3.6621699977656784e-05,background_EB,false_positive,1.422225726019383,5.92952716400182,,,,SIM-FP-0029,0.1422783559400248,U_diluted,0.2872164599421387,15,5.932026688907423,0.23,1.407,0.2696949653125148,0.05632834051215374,0.07821929196611212,0.7201336025460003,0.005540306066008136
12.133123896231464,4.332809740578659e-05,secondary_eclipse,false_positive,0.7323381419651949,4.027181380499589,,,,SIM-FP-0030,0.0672464959950849,U,0.0928967047891331,23,4.029190992493746,0.09,0.7110000000000001,0.1081284477185662,0.04627264181528501,0.10066338150342667,0.4596770059200708,0.013808022564392404
11.888039906506558,3.888039906506557e-05,aliased_contact_binary,false_positive,0.6752084009280476,0.9056329153385848,,,,SIM-FP-0031,0.0444769818245089,V,0.0277311181917352,25,3.6226021684737284,0.02,2.4859999999999998,0.009725449165924485,0.02846847549765108,0.20468198952937772,0.13908637278300953,0.07589942311351976
12.819516576044018,6.048791440110045e-05,grazing_EB,false_positive,0.6249815265775135,3.102489310900619,,,,SIM-FP-0032,0.0820806120493398,V,0.2090120390975471,29,3.1021684737281072,0.16,0.63,0.21604833432749038,0.043438289744885394,0.0678678618849526,0.6400421132836125,0.007755370063983301
14.60307779276803,0.000126184667566,background_EB,false_positive,4.9117336855054265,5.93530489898051,,,,SIM-FP-0033,0.1285259163052464,U_diluted,0.3320727783742102,30,2.972060050041702,0.23,1.877,0.26001070647269475,0.03928218738981759,0.056682789435816096,0.6930178945109642,0.5002744842692105
13.86988776784807,8.674719419620174e-05,secondary_eclipse,false_positive,2.4268973182808704,3.970833931641663,,,,SIM-FP-0034,0.0575543941622962,U,0.1258901453619539,23,3.9641367806505423,0.16,2.5060000000000002,0.05578809754440143,0.024897143420347323,0.07610530911996893,0.3271406910797853,0.030039836943738962
14.055496770690077,9.33298062414046e-05,aliased_contact_binary,false_positive,0.6157047370798384,0.8832090182130353,,,,SIM-FP-0035,0.0382841434043873,V,0.0658107481207354,51,1.7685571309424521,0.09,0.5630000000000001,0.011384372341604509,0.010059543767699353,0.06843573759799854,0.14699255273305556,0.0019912155533982462
12.590888599527847,5.477221498819618e-05,grazing_EB,false_positive,0.5662609658254841,3.2548980820428444,,,,SIM-FP-0036,0.0786381780356002,V,0.106794739781127,28,3.248540450375313,0.16,0.646,0.03752072374604499,0.018426992729422054,0.06901930409121702,0.2669831719118559,0.03174777353289871
14.28939993351755,0.000107363996011,background_EB,false_positive,2.532154185874091,5.42625647480632,,,,SIM-FP-0037,0.1325208770787466,U_diluted,0.2995224478086569,33,2.711843202668891,0.23,2.551,0.35971468391002176,0.04391770783157667,0.05411779020644415,0.8115207155362952,0.49142349675229163
10.686719575135758,2.6867195751357576e-05,secondary_eclipse,false_positive,4.014088164385591,4.034885050351021,,,,SIM-FP-0038,0.051136168170776,U,0.1151037719674241,23,4.029190992493746,0.09,0.047,0.039096020740303807,0.027824065636079642,0.10066338150342667,0.27640702329409117,0.09146741304228102
10.417559833863304,2.4175598338633022e-05,aliased_contact_binary,false_positive,0.1775187877540309,0.9131277235734346,,,,SIM-FP-0039,0.0430258743683544,V,0.0467069383671294,20,4.5658882402001675,0.02,2.9139999999999997,0.010652367101350615,0.03263796424618226,0.22411568961834308,0.1456299837899031,0.06623838382415692
14.549579002909804,0.0001229747401745,grazing_EB,false_positive,1.8544634903832693,3.2475678489991004,,,,SIM-FP-0040,0.092830577572715,V,0.2183950956771442,56,1.6221851542952461,0.16,0.274,0.29612318206464366,0.0367717370911006,0.05034809588674958,0.7303501044769013,0.6228469562705833
14.426020578825725,0.0001155612347295,background_EB,false_positive,5.017276095607617,5.628701479016463,,,,SIM-FP-0041,0.1405989563688496,U_diluted,0.2533456215406773,32,2.809424520433695,0.23,2.277,0.2594176974349213,0.03791064705731462,0.05492830486748707,0.6901841800647761,0.498120477411786
13.99477475470593,8.986936886764823e-05,secondary_eclipse,false_positive,3.821449890313701,4.232628244863885,,,,SIM-FP-0042,0.0637424399572341,U,0.1318522168830316,21,4.240617180984154,0.16,3.744,0.06169118811166036,0.027345419673338922,0.07934880482910134,0.3446229559756385,0.05067625784250578
11.197292602926826,3.197292602926826e-05,aliased_contact_binary,false_positive,0.7821704937611194,0.901135233740182,,,,SIM-FP-0043,0.0354818295627636,V,0.068325766645441,50,1.8010842368640536,0.09,0.811,0.016838471780255087,0.01234440602063569,0.06901930409121702,0.17885439708753256,0.016299332459067867
10.975454788273424,2.9754547882734244e-05,grazing_EB,false_positive,1.519457607670384,3.263287772249025,,,,SIM-FP-0044,0.0799787118272713,V,0.1258990403573935,28,3.264804003336114,0.09,1.4989999999999999,0.1258174783824409,0.04523066058134717,0.09145162152541504,0.49458565990300407,0.013164205760308833
11.1986565740436,3.1986565740436e-05,background_EB,false_positive,2.913223773087295,5.555525863610434,,,,SIM-FP-0045,0.1549055463104272,U_diluted,0.2414450379774433,33,2.7768974145120935,0.23,0.14500000000000002,0.41839118741376363,0.04742799791363206,0.05418376821139272,0.8753174516876774,0.5176990229473509
10.785880786842256,2.785880786842256e-05,secondary_eclipse,false_positive,3.944120626142032,4.209565292401309,,,,SIM-FP-0046,0.0539904371354041,U,0.1083308064772024,21,4.208090075062552,0.09,3.955,0.0776455438690251,0.040645206953306645,0.10425952034540197,0.3898464794260793,0.014911393879130659
12.751348266281646,5.878370665704114e-05,aliased_contact_binary,false_positive,0.5722736406554996,0.8740680936139881,,,,SIM-FP-0047,0.0381115370721328,V,0.0315606150957396,103,0.8740617180984154,0.02,0.5720000000000001,0.03403535379532769,0.0259608821477173,0.10066338150342667,0.25789797401981346,0.0029967828302686805
14.116295432038754,9.697772592232524e-05,grazing_EB,false_positive,0.5502264527142511,3.0934872971624627,,,,SIM-FP-0048,0.0918766450464555,V,0.207035372363928,29,3.085904920767306,0.23,0.651,0.12528345232932345,0.027723818946705503,0.05755347613361511,0.4817053774882752,0.021967768598172104
10.561898063440289,2.561898063440289e-05,background_EB,false_positive,5.649153393158738,5.734456803366337,,,,SIM-FP-0049,0.1556736217521907,U_diluted,0.1840003564775258,15,5.736864053377816,0.16,5.634,0.26013662658448966,0.06697099559851805,0.09409371389751811,0.7117478184723297,0.007386930697757683
13.138348589241582,6.845871473103954e-05,secondary_eclipse,false_positive,0.2962317527894864,4.025946900908856,,,,SIM-FP-0050,0.0535892615281169,U,0.1688653829805855,45,2.012510425354462,0.16,0.306,0.1217000961939708,0.026258693010240974,0.05549242753090822,0.473194166818804,0.878868634318253
12.481261658482603,5.203154146206513e-05,aliased_contact_binary,false_positive,0.4431749109540981,0.8906680020573486,,,,SIM-FP-0051,0.0414887053855501,V,0.0662587531595449,101,0.890325271059216,0.09,0.459,0.051540288465760135,0.015236911155397603,0.05004457075284102,0.3044668168031515,0.0034228265345050044
15.31358926336477,0.0001813589263364,grazing_EB,false_positive,1.5182641131078964,3.106498885744184,,,,SIM-FP-0052,0.0893591947604947,V,0.1027759070301144,116,0.7764804003336114,0.09,0.753,0.094552114422199,0.01914206414869568,0.04700779346989048,0.4072104375832189,1.7569902460544036
10.820919646620414,2.820919646620414e-05,background_EB,false_positive,2.825665904185252,5.702845027071031,,,,SIM-FP-0053,0.1680520331830805,U_diluted,0.2251025873469878,16,5.7043369474562144,0.16,2.8120000000000003,0.3531000262879864,0.07456963413644901,0.09004194288773612,0.828165538691475,0.007673853403557406
14.829207106462931,0.0001397524263877,secondary_eclipse,false_positive,0.7538402888872987,4.260274332577047,,,,SIM-FP-0054,0.067891003003973,U,0.2164133705913092,21,4.256880733944954,0.16,0.7879999999999999,0.19372499871346413,0.04802343162128375,0.07866495024674701,0.610480671133071,0.0019441672569853981
13.516600237172058,7.791500592930146e-05,aliased_contact_binary,false_positive,0.8142413838063078,0.8589376034556399,,,,SIM-FP-0055,0.0443205942033069,V,0.0501838834123633,105,0.8577981651376148,0.09,0.047,0.011659511458198985,0.007198614514288826,0.04974747490936589,0.14470311362343244,0.002322777747995995
14.04025835126415,9.2415501075849e-05,grazing_EB,false_positive,1.1734194140498868,3.211945134528266,,,,SIM-FP-0056,0.0997915518177479,V,0.2283868773398839,56,1.6059216013344455,0.16,1.1760000000000002,0.40793776841734625,0.04296361548196448,0.05014502065096487,0.8567872726788436,0.6390350108757616
15.457841878047496,0.0001957841878047,background_EB,false_positive,1.027767036852406,5.651390579995302,,,,SIM-FP-0057,0.1595385165774027,U_diluted,0.1567381743458659,32,2.825688073394496,0.16,1.028,0.330542271517879,0.05142312876656785,0.06511867945560504,0.7896832244828583,0.5018545972968478
15.567598505256536,0.0002067598505256,secondary_eclipse,false_positive,0.6898887646732553,4.047627515210744,,,,SIM-FP-0058,0.0617897035210569,U,0.0960280533234231,23,4.045454545454546,0.09,0.7150000000000001,0.08943049934031547,0.04187528152444209,0.10018034607866344,0.41799897049228446,0.0001691830017076091
11.37459845914936,3.3745984591493605e-05,aliased_contact_binary,false_positive,0.0446315373766111,0.8722189946188024,,,,SIM-FP-0059,0.0429922697301908,V,0.0678097922907655,104,0.8740617180984154,0.16,0.816,0.018581121187178393,0.0067963371747004064,0.038945871610002146,0.17450725567931466,0.025173425094453708
11.579423249222282,3.579423249222282e-05,grazing_EB,false_positive,1.0608774113466015,3.3323634903163737,,,,SIM-FP-0060,0.0914154877432244,V,0.1585773344756829,27,3.3298582151793163,0.09,1.093,0.17710381235481212,0.05432982795770225,0.09255532353582294,0.586998412216389,0.001793428678513315
10.408364354842677,2.4083643548426747e-05,background_EB,false_positive,3.64616428735892,5.917391792619971,,,,SIM-FP-0061,0.1336261342836674,U_diluted,0.1859409308161477,31,2.955796497080901,0.16,0.73,0.21424676650383462,0.0419922358592576,0.06599442964064121,0.6362997011705,0.5123489929336582
11.369772510597898,3.3697725105978976e-05,secondary_eclipse,false_positive,1.3011117631030955,4.015461607346385,,,,SIM-FP-0062,0.0617282670378582,U,0.1177713335652632,23,4.012927439532945,0.09,1.327,0.10557425584244949,0.045276766120592504,0.09970442295125312,0.45410990586374433,0.06308261919275591
13.326428639629334,7.316071599073336e-05,aliased_contact_binary,false_positive,0.4791481507176122,0.9110312561932968,,,,SIM-FP-0063,0.0413394883511772,V,0.0300651966456234,5,17.316513761467892,0.02,15.038,0.0019316561735116733,0.02779680682029262,0.4474673913296483,0.062120296045918504,0.15348519252565537
15.522654481455849,0.0002022654481455,grazing_EB,false_positive,1.0123387082370476,3.16980297168008,,,,SIM-FP-0064,0.0887160207206929,V,0.1914164559231223,29,3.1672226855713097,0.16,1.052,0.2021840220241095,0.042206125411353046,0.06814988174510314,0.6193132596944783,0.016594954517347254
10.404070873168736,2.404070873168736e-05,background_EB,false_positive,2.466589424080631,5.628748463934289,,,,SIM-FP-0065,0.1300810975342345,U_diluted,0.328034732781329,32,2.809424520433695,0.23,2.539,0.2663116745028805,0.03841107833781954,0.05492830486748707,0.6992948067573748,0.49373812437786885
14.163098325014488,9.978589950086928e-05,secondary_eclipse,false_positive,2.101410794713249,4.031062682767243,,,,SIM-FP-0066,0.0597523597699879,U,0.2208939704739226,22,4.029190992493746,0.16,2.12,0.16716805260949463,0.044088712446914036,0.0777815501096721,0.5668273823901541,0.0002566051364620143
14.089266701006578,9.535600206039463e-05,aliased_contact_binary,false_positive,0.1406191655191433,0.8559243399910941,,,,SIM-FP-0067,0.0447872321161989,V,0.0446659903659666,18,5.1351125938281905,0.02,1.856,0.009984379059084853,0.03330728825661777,0.23618487274102273,0.14102210641212104,0.2026328616598307
14.570050941308695,0.0001242030564785,grazing_EB,false_positive,0.487977353938536,3.12882446662806,,,,SIM-FP-0068,0.0895721077081993,V,0.0990903928716444,15,6.257297748123436,0.09,0.489,0.06655153202242398,0.045251955171504044,0.12495926521424597,0.36213365286614296,0.0640828061460517
13.134101112041014,6.835252780102535e-05,background_EB,false_positive,2.3612764473769507,5.945177692538073,,,,SIM-FP-0069,0.1591613592797214,U_diluted,0.3221322519024364,30,2.972060050041702,0.3,2.37,0.4821360600199588,0.04686704210451331,0.05029705256557253,0.9318049411227926,0.4814096693019574
15.641107912199535,0.0002141107912199,secondary_eclipse,false_positive,3.067400582236664,4.239242158367286,,,,SIM-FP-0070,0.0541259889811758,U,0.1475884224754482,21,4.240617180984154,0.16,3.052,0.09192066119757299,0.03337948221135034,0.07934880482910134,0.4206677376331237,0.017071345845217415
15.508384983019932,0.0002008384983019,aliased_contact_binary,false_positive,0.0327515490575413,0.9315309387820372,,,,SIM-FP-0071,0.0346978364576926,V,0.0566991674406739,33,2.793160967472894,0.09,0.053,0.007724129284481765,0.010357585307183559,0.08472845468291973,0.12224447319315417,0.022142453700107898
10.734823436882277,2.7348234368822743e-05,grazing_EB,false_positive,1.4105160864953623,3.306188035329519,,,,SIM-FP-0072,0.098605814155551,V,0.1499643177563229,54,1.6547122602168476,0.16,1.37,0.19907732644709675,0.030607751916762904,0.051028866267386785,0.5998125013473936,0.5739488468282674
10.919009572845528,2.919009572845528e-05,background_EB,false_positive,3.704485866574665,5.484926137384378,,,,SIM-FP-0073,0.1390071337808411,U_diluted,0.3191680469386809,33,2.7443703085904922,0.23,0.929,0.3764966191506026,0.044930486622708266,0.05411779020644415,0.8302350567403268,0.4928521409792721
15.802956231923272,0.0002302956231923,secondary_eclipse,false_positive,0.6829813029731509,4.304429942875142,,,,SIM-FP-0074,0.0611667730700652,U,0.1244605595970825,21,4.305671392827357,0.09,0.673,0.11325394595191221,0.049088271761274616,0.10425952034540197,0.47082771528825185,0.007683538887661228
11.7905891719899,3.790589171989899e-05,aliased_contact_binary,false_positive,0.1728138858258485,0.915878611930662,,,,SIM-FP-0075,0.0385789979522767,V,0.0556782627832888,49,1.8336113427856549,0.09,1.045,0.011153113264287664,0.010115440674500209,0.06946770833359835,0.14561356516791607,0.004349686450033636
12.49258582040446,5.231464551011152e-05,grazing_EB,false_positive,0.6812055712386876,3.087902533314615,,,,SIM-FP-0076,0.0882238152193159,V,0.1435720019879678,29,3.085904920767306,0.09,0.7090000000000001,0.1715582609026229,0.05177449011437485,0.08970000157549743,0.577196089241961,0.0034879490858489913
12.241761424700613,4.604403561751532e-05,background_EB,false_positive,1.7986070956224258,5.962707713986635,,,,SIM-FP-0077,0.144090699008043,U_diluted,0.3018183233194098,15,5.964553794829024,0.23,1.785,0.2807652365062456,0.0574727799004473,0.07821929196611212,0.7347647678190046,0.004069291676467897
15.441184127585403,0.0001941184127585,secondary_eclipse,false_positive,3.297796402902092,4.303301241573183,,,,SIM-FP-0078,0.0657093925171933,U,0.2515624197506707,21,4.305671392827357,0.23,3.2710000000000004,0.20995620931065312,0.04227128287425563,0.0670439966816869,0.6305006408694913,0.006513026211994424
13.275569617291612,7.18892404322903e-05,aliased_contact_binary,false_positive,0.2365435148403175,0.8924145077288854,,,,SIM-FP-0079,0.0413500092006706,V,0.0525197437894123,51,1.7848206839032528,0.02,0.23600000000000002,0.026351550744640503,0.03246632146988049,0.14223013188221703,0.2282661278607711,0.016401396532123608
10.809426518662724,2.809426518662725e-05,grazing_EB,false_positive,2.6643775169304496,3.279958492882517,,,,SIM-FP-0080,0.0983403333116971,V,0.1496428631560341,27,3.2810675562969145,0.09,2.651,0.22574998188848053,0.061596406897347356,0.09293256467803979,0.662807564934262,0.00013378634177999043
14.302000070162435,0.0001081200042097,background_EB,false_positive,2.542924637266061,5.4525742697404604,,,,SIM-FP-0081,0.1397655999153599,U_diluted,0.2042345361842799,33,2.7281067556296916,0.16,2.5140000000000002,0.3059405804626168,0.04869940868929479,0.06416287710255816,0.7589966486610862,0.49555856463641057
11.906323079648343,3.906323079648345e-05,secondary_eclipse,false_positive,1.6903682266655466,3.9735091211572175,,,,SIM-FP-0082,0.063320987702976,U,0.1487472525370422,23,3.980400333611343,0.16,1.622,0.09060812332840362,0.03172943311613308,0.07610530911996893,0.4169148444836647,0.04507620333832213
12.03938420589393,4.098460514734824e-05,aliased_contact_binary,false_positive,0.0022169057209665,0.8966684833843054,,,,SIM-FP-0083,0.0399802336507133,V,0.0658803423708376,67,1.345704753961635,0.09,0.8770000000000001,0.014946587826540986,0.010083524592510495,0.06036865005905634,0.167032467723664,0.7296373048816814
11.735409783562286,3.735409783562286e-05,grazing_EB,false_positive,1.6084494489524952,3.293901862860778,,,,SIM-FP-0084,0.091313769135217,V,0.2506648055685956,27,3.297331109257715,0.16,1.562,0.2547133196136184,0.050094818430968635,0.07186003034817434,0.6971165777171333,0.0765706119162666
11.910428074734964,3.910428074734965e-05,background_EB,false_positive,2.484845984691432,5.637519223073115,,,,SIM-FP-0085,0.1473489118752571,U_diluted,0.2007200222015233,16,5.639282735613011,0.16,2.47,0.2608358100214848,0.06460164827884607,0.09073823176597029,0.7119562175893506,0.008405801206184008
12.44131226944724,5.103280673618099e-05,secondary_eclipse,false_positive,1.0779021202010193,4.255367320452919,,,,SIM-FP-0086,0.0636265033647105,U,0.1677400103081035,21,4.256880733944954,0.16,1.062,0.15719621801405284,0.04474929711778408,0.08126875288004587,0.5506334911258555,0.08910690295192629
14.203482204082986,0.0001022089322449,aliased_contact_binary,false_positive,0.5994002004303808,0.8789626175425088,,,,SIM-FP-0087,0.0420235610587272,V,0.0661939639949132,12,7.916180150125105,0.09,0.5690000000000001,0.004753119952197139,0.013392647873518015,0.13819367908731744,0.09691215952833772,0.1482748616994449
14.150813356432284,9.904880138593704e-05,grazing_EB,false_positive,2.558600908678281,3.136378537731892,,,,SIM-FP-0088,0.0850600569926683,V,0.1629566210797251,28,3.1346955796497085,0.09,2.583,0.17803218171304636,0.05358625571751907,0.09109274591171923,0.5882604062616704,0.004550183328594986
12.799929653272558,5.999824133181395e-05,background_EB,false_positive,2.498563976032377,5.9133685889970105,,,,SIM-FP-0089,0.1409065148312271,U_diluted,0.2289671659276648,30,2.955796497080901,0.16,2.5140000000000002,0.3011705473366277,0.050627597161570614,0.0670439966816869,0.7551399031585414,0.500613759333849
11.622672939161925,3.622672939161924e-05,secondary_eclipse,false_positive,1.3672423318991216,4.12040594266277,,,,SIM-FP-0090,0.0658504809234652,U,0.0837831482915596,44,2.061301084236864,0.09,1.347,0.07794558121561825,0.028644018612437705,0.07416320439387035,0.3862295170029783,0.9175607194478886
15.117564576311604,0.0001617564576311,aliased_contact_binary,false_positive,0.6261870849672008,0.9006815233553519,,,,SIM-FP-0091,0.0346799286083614,V,0.0612232997154383,50,1.8010842368640536,0.02,1.534,0.018435554825285402,0.027431216260345948,0.14365765229694957,0.19094852116644553,0.01969845938110227
15.617795621445255,0.0002117795621445,grazing_EB,false_positive,0.4831865654049241,3.289474198876567,,,,SIM-FP-0092,0.0921340444683472,V,0.1483033981070521,14,6.58256880733945,0.09,3.753,0.09384114844205507,0.0550193949504304,0.12790260343858953,0.4301663411945099,0.001752931074702384
15.009224666948077,0.0001509224666948,background_EB,false_positive,4.203942705989994,5.564851415373384,,,,SIM-FP-0093,0.1702966546994135,U_diluted,0.2714762375367843,32,2.7768974145120935,0.23,1.5150000000000001,0.39204625600387905,0.04609676731247636,0.05438337846020832,0.8476260323952626,0.4899162094817956
15.100894536137558,0.0001600894536137,secondary_eclipse,false_positive,0.803993129650684,4.102395503394233,,,,SIM-FP-0094,0.0541605628722065,U,0.0944008448792362,11,8.208924103419516,0.09,4.883,0.034795055969259595,0.03889509635420074,0.14821717352069108,0.26241963350334024,0.11570215073694819
11.018198470805704,3.0181984708057053e-05,aliased_contact_binary,false_positive,0.318368461478428,0.9244163525102836,,,,SIM-FP-0095,0.0340640631559873,V,0.0575204522839611,98,0.9228523769808175,0.16,0.394,0.012483163784146155,0.0056978913317532465,0.03968772343887194,0.1435681071636494,0.006581192672838684
13.29874078231217,7.246851955780422e-05,grazing_EB,false_positive,1.9491778526199224,3.085234027367012,,,,SIM-FP-0096,0.0780920153530899,V,0.1878844758617634,29,3.085904920767306,0.09,1.941,0.17853283628076216,0.05261131960034193,0.08936208840615358,0.5887431744121936,0.0055559511369038805
12.47454112436494,5.18635281091235e-05,background_EB,false_positive,5.613176957577354,5.912026819873446,,,,SIM-FP-0097,0.1486993096486909,U_diluted,0.1430225294680235,30,2.955796497080901,0.09,2.659,0.23114669081435635,0.05895667975245822,0.08804919316065155,0.669587961412524,0.5111053228331911
13.145251094146564,6.863127735366406e-05,secondary_eclipse,false_positive,2.7355635560390352,3.982085076132648,,,,SIM-FP-0098,0.0592880791136422,U,0.144658050292708,22,3.980400333611343,0.09,2.751,0.11257865912210428,0.04817893176934451,0.10267029412986078,0.4692587293887189,0.006476621092548238
15.757814428598836,0.0002257814428598,aliased_contact_binary,false_positive,0.0977518172658135,0.9081905349902608,,,,SIM-FP-0099,0.0382341704052541,V,0.0592372491459805,50,1.8173477898248542,0.09,0.9830000000000001,0.017555362001061593,0.01318390933513458,0.07202911996184991,0.18303582415164052,0.015807034523830622
10.33207791314444,2.33207791314444e-05,grazing_EB,false_positive,1.2977624773196474,3.297226293578768,,,,SIM-FP-0100,0.0770451296444303,V,0.107928443277394,27,3.297331109257715,0.09,1.301,0.10667229225878518,0.04444561642735012,0.09742568105012385,0.456200212801013,0.0056263730230570914
12.30024563462955,4.7506140865738726e-05,background_EB,false_positive,4.548601837893378,5.837896290694268,,,,SIM-FP-0101,0.1302183048617501,U_diluted,0.2898916263061706,31,2.9232693911592995,0.23,1.567,0.25760719503788815,0.03847728058097932,0.05585524134483262,0.6888750214761895,0.5077046920917389
13.24678360928457,7.116959023211424e-05,secondary_eclipse,false_positive,3.9244933298842977,4.252016431843912,,,,SIM-FP-0102,0.0591228003509207,U,0.1348346149670769,42,2.126355296080067,0.09,1.791,0.10366367880999468,0.033476684715896377,0.07511423187151574,0.44567698932419164,0.922773323319854
11.722341696301823,3.722341696301824e-05,aliased_contact_binary,false_positive,0.3071774270549771,0.9220676613422136,,,,SIM-FP-0103,0.0432635440264734,V,0.0699569961297516,98,0.9228523769808175,0.09,0.271,0.05278988521927555,0.01566953572563956,0.05076318372935787,0.3086791366195852,0.004428201090155791
10.576206538403008,2.5762065384030084e-05,grazing_EB,false_positive,1.5379569019064343,3.069659006728549,,,,SIM-FP-0104,0.0933400871067662,V,0.2353704710898982,29,3.0696413678065055,0.16,1.538,0.31434032500297376,0.052742514043577104,0.06829232485863757,0.7723051478003135,0.0009301829184182975
13.332434039481337,7.331085098703338e-05,background_EB,false_positive,3.923760217099194,5.68113007832097,,,,SIM-FP-0105,0.1686596647600009,U_diluted,0.2210452828158071,32,2.8419516263552964,0.16,1.064,0.45885803869761066,0.060346751908069374,0.0648753579029346,0.930195283058926,0.5028399413218563
12.197817471543726,4.494543678859314e-05,secondary_eclipse,false_positive,4.086701120225981,4.23721220309888,,,,SIM-FP-0106,0.0670422277768481,U,0.0987392504448232,21,4.240617180984154,0.09,4.053,0.08619035741949248,0.043286296008816505,0.10536226820646862,0.4108329931165907,0.015452658210458114
10.044378723617136,2.044378723617136e-05,aliased_contact_binary,false_positive,0.2666417527638869,0.8664911098309633,,,,SIM-FP-0107,0.0448706712991351,V,0.027604317535291,23,3.89908256880734,0.02,2.432,0.007330980564044981,0.02524829837407916,0.20906041960538538,0.12077034199843711,0.8963135024792919
11.019714412216109,3.0197144122161087e-05,grazing_EB,false_positive,2.774428145008735,3.1184211838327816,,,,SIM-FP-0108,0.094339233746468,V,0.1422397478300818,28,3.118432026688908,0.09,2.775,0.21467316506257367,0.058842759998449345,0.09109274591171923,0.6459653774788573,0.012107256664614771
10.057735527649251,2.057735527649253e-05,background_EB,false_positive,4.289239211255122,5.653316177873547,,,,SIM-FP-0109,0.1333926665609138,U_diluted,0.1146391630946064,32,2.825688073394496,0.09,1.4749999999999999,0.17652425480644335,0.050217278586792036,0.08589006950215937,0.5846692042265669,0.5091312212707977
14.592127670172497,0.0001255276602103,secondary_eclipse,false_positive,1.79037853130461,4.231489283325134,,,,SIM-FP-0110,0.0631176989066306,U,0.2275701376980695,21,4.224353628023353,0.16,1.858,0.13037851442676401,0.039753561216767874,0.07934880482910134,0.5009976054760711,0.02583074212363153
15.77787107405248,0.0002277871074052,aliased_contact_binary,false_positive,0.202788211371587,0.9089832986146524,,,,SIM-FP-0111,0.0386533960962165,V,0.0331943087330023,49,1.8173477898248542,0.02,1.1260000000000001,0.015692034822433174,0.025570193277878017,0.14512973002993387,0.17618852644874355,0.03343052278584074
14.701559122502356,0.0001320935473501,grazing_EB,false_positive,2.493883246646825,3.326901926869136,,,,SIM-FP-0112,0.0797687646218351,V,0.2097659420070036,27,3.3298582151793163,0.16,2.452,0.16710263613621829,0.039611094872015085,0.07023644276571314,0.5639678393757118,0.0019082321780775095
10.185804460510129,2.185804460510127e-05,background_EB,false_positive,1.3413610026188207,5.705113016627939,,,,SIM-FP-0113,0.1554424599187357,U_diluted,0.3407367013806377,32,2.858215179316097,0.3,1.254,0.3758148455233934,0.040118392537593084,0.048938798095135676,0.8197666084811489,0.5125985942724842
14.536458578074036,0.0001221875146844,secondary_eclipse,false_positive,4.037837232360841,4.1173127102301095,,,,SIM-FP-0114,0.0589968714667611,U,0.1561358104283799,43,2.061301084236864,0.16,1.9260000000000002,0.08858266471848004,0.02296252961198808,0.056760107024682635,0.4045540224581081,0.9111121777162894
15.017111080978822,0.0001517111080978,aliased_contact_binary,false_positive,0.5094281014311657,0.8871916180443458,,,,SIM-FP-0115,0.0365484828346873,V,0.0260777430989166,21,4.435779816513762,0.02,0.512,0.00512333889361387,0.02263479377775246,0.22411568961834308,0.10099602493827314,0.09490264136404893
11.693872558187364,3.693872558187364e-05,grazing_EB,false_positive,1.0313474557917195,3.241572614836352,,,,SIM-FP-0116,0.079092440047002,V,0.1330377493782736,55,1.6221851542952461,0.09,0.9890000000000001,0.12407226143038275,0.032021720602330994,0.066122705680383,0.4842772278120957,0.6287600791032396
14.037716469780086,9.22629881868052e-05,background_EB,false_positive,5.839284109569557,5.842892164025645,,,,SIM-FP-0117,0.1666252277884036,U_diluted,0.2427430797856456,31,2.9232693911592995,0.16,2.8640000000000003,0.36467158906042446,0.05581894569226642,0.06664406448876914,0.8375681483483504,0.5033907236352744
10.16351054531144,2.163510545311439e-05,secondary_eclipse,false_positive,0.6085463272081932,4.025203795804032,,,,SIM-FP-0118,0.0681216938954696,U,0.2283954388314182,45,2.012510425354462,0.23,0.611,0.24168876160742567,0.03093837769319574,0.047290015444970905,0.6542264239519487,0.8628087589345896
11.103005981794375,3.103005981794377e-05,aliased_contact_binary,false_positive,0.1147437151572839,0.9260378531105624,,,,SIM-FP-0119,0.0440571443364844,V,0.0649528204533721,32,2.7768974145120935,0.02,1.986,0.018406434309741905,0.03446029441184595,0.18024006024579595,0.19119109461488168,0.0034082869528838412
11.706574519958682,3.706574519958682e-05,grazing_EB,false_positive,1.762892811043456,3.302541639046995,,,,SIM-FP-0120,0.0944552542054396,V,0.1401533177128528,109,0.8252710592160134,0.09,0.129,0.13637868285340024,0.02378837217726293,0.048263196228092275,0.4928884540683729,1.6034179996447264
10.433226152876696,2.4332261528766955e-05,background_EB,false_positive,0.9003964726461262,5.6592285668874975,,,,SIM-FP-0121,0.1449721003091045,U_diluted,0.3368558924539795,32,2.825688073394496,0.3,0.9640000000000001,0.36929359780584425,0.03976879636160369,0.048938798095135676,0.8126230702334423,0.4754500963348639
15.657118615581586,0.0002157118615581,secondary_eclipse,false_positive,2.415519855944034,4.144029780600955,,,,SIM-FP-0122,0.0554217612167701,U,0.0920174270169006,22,4.14303586321935,0.09,2.425,0.07942868461157779,0.04110926918606439,0.10425952034540197,0.39429750923343265,0.008930785628889906
13.1104884054097,6.77622101352425e-05,aliased_contact_binary,false_positive,0.1391399314169285,0.8565746788250496,,,,SIM-FP-0123,0.0378666287326738,V,0.0550978830045858,105,0.8577981651376148,0.09,0.077,0.016561819779431882,0.008341910936041086,0.04852936401426447,0.17189409145335405,0.013652324789086746
15.63205240380058,0.00021320524038,grazing_EB,false_positive,1.726437193038839,3.069757688003292,,,,SIM-FP-0124,0.0868721227417057,V,0.1568509592787865,29,3.0696413678065055,0.09,1.7289999999999999,0.20211768420858608,0.056417689219145584,0.09004194288773612,0.6265712112574792,0.009927602063966205
15.808906544615413,0.0002308906544615,background_EB,false_positive,2.8374800976989607,5.662592193805563,,,,SIM-FP-0125,0.1631377335170874,U_diluted,0.3284245370763893,32,2.825688073394496,0.23,0.115,0.37312404750787737,0.04559260358256201,0.05506749404668035,0.827940409707285,0.5155835059799009
15.80128830198236,0.0002301288301982,secondary_eclipse,false_positive,0.4764017633668998,4.077174658084748,,,,SIM-FP-0126,0.063371976546591,U,0.1977402785504819,22,4.077981651376147,0.16,0.468,0.18786057005363663,0.046737835135806094,0.0777815501096721,0.6008858793622097,0.005726800219084323
13.52388434470015,7.809710861750375e-05,aliased_contact_binary,false_positive,0.2001035972453528,0.898818410353592,,,,SIM-FP-0127,0.0371624555331971,V,0.0642005283260227,33,2.6955796497080904,0.02,1.106,0.011668215617557995,0.02659256630869422,0.1747327945711472,0.15218989871913446,0.005482528577885127
15.034823803957384,0.0001534823803957,grazing_EB,false_positive,2.2208895857740814,3.042280404279053,,,,SIM-FP-0128,0.0855191974554747,V,0.1100085034570822,119,0.7602168473728107,0.09,0.7170000000000001,0.08760002755365995,0.0183378433117668,0.04665391133265935,0.39306122011960176,1.775752189952019
12.548985479417372,5.372463698543429e-05,background_EB,false_positive,0.4590463017908705,5.472201903543397,,,,SIM-FP-0129,0.1457757324634792,U_diluted,0.2143967817062143,17,5.476647206005005,0.16,0.42800000000000005,0.2569636385214508,0.06192962285439285,0.08773029519965808,0.7059092040378113,0.012833229310050643
14.883073557865988,0.0001429844134719,secondary_eclipse,false_positive,3.5993033861705976,4.219247890040437,,,,SIM-FP-0130,0.0563842245025091,U,0.2108664899456045,42,2.1100917431192663,0.16,1.4800000000000002,0.140714215326998,0.02920296947613743,0.057231644719463896,0.5102591340731782,0.8958586144873849
10.327103851895018,2.3271038518950177e-05,aliased_contact_binary,false_positive,0.6170893438858674,0.9342702342931198,,,,SIM-FP-0131,0.0456314838094813,V,0.0252301207454345,24,3.736447039199333,0.02,3.42,0.008882262953080002,0.027206406955409213,0.20468198952937772,0.13292037573977322,0.0014152997935371545
12.642299938717665,5.605749846794157e-05,grazing_EB,false_positive,2.0645555658479684,3.288506176847543,,,,SIM-FP-0132,0.0788107557356705,V,0.1193204600154086,14,6.58256880733945,0.09,2.031,0.044930801740719166,0.03807073287071727,0.12790260343858953,0.29765408871443616,0.04086099256338597
10.912493301015887,2.9124933010158876e-05,background_EB,false_positive,0.7217731964403152,5.588092119154089,,,,SIM-FP-0133,0.1369595913658525,U_diluted,0.1592309688897944,32,2.793160967472894,0.16,0.734,0.24064516087723753,0.043876659934615314,0.06511867945560504,0.6737952965481806,0.5035010825977522
12.27864884006647,4.696622100166175e-05,secondary_eclipse,false_positive,3.5322000481755604,3.979701939235942,,,,SIM-FP-0134,0.0530073871033932,U,0.1386665437813344,22,3.980400333611343,0.09,3.523,0.09286048257501452,0.04353288285062262,0.10215696928752524,0.4261371804022242,0.001185266882623215
13.77422484150818,8.43556210377045e-05,aliased_contact_binary,false_positive,0.3442522943790657,0.9292552022130276,,,,SIM-FP-0135,0.0427165930374725,V,0.0467800628042156,17,5.574228523769809,0.02,0.35400000000000004,0.009622415500111158,0.03468143505557253,0.2504548559594376,0.13847379769386206,0.05171995069646006
12.51190587495836,5.279764687395901e-05,grazing_EB,false_positive,1.1203448272279255,3.323638492044198,,,,SIM-FP-0136,0.0957339311210365,V,0.245953793026668,27,3.3298582151793163,0.16,1.044,0.1986284497546225,0.04318629257346129,0.07023644276571314,0.6148701567577574,0.02563490466256843
15.814780173289684,0.0002314780173289,background_EB,false_positive,1.434337474965644,5.953600425315938,,,,SIM-FP-0137,0.1471602162837561,U_diluted,0.2350096432887809,30,2.972060050041702,0.23,1.499,0.25462359955615216,0.038758278176087124,0.056529220347311324,0.6856326327863563,0.48419782127659655
11.900214803794118,3.9002148037941176e-05,secondary_eclipse,false_positive,0.6664488640976661,3.985839421174703,,,,SIM-FP-0138,0.0513138514499882,U,0.113178820791724,23,3.980400333611343,0.16,0.734,0.04519858993994497,0.022347973801623566,0.07590375700116574,0.29442513367658923,0.026786839353287392
10.244586304007942,2.2445863040079424e-05,aliased_contact_binary,false_positive,0.7424629911028459,0.8550974095070744,,,,SIM-FP-0139,0.0392289554732546,V,0.0435787658794885,35,2.565471226021685,0.02,2.4499999999999997,0.014709633493505786,0.029415515607269627,0.1721636899420252,0.1708578366156945,0.028612332302802565
14.425149768197418,0.0001155089860918,grazing_EB,false_positive,1.595521551380622,3.301098859514882,,,,SIM-FP-0140,0.0841322602056127,V,0.1613623320997899,110,0.8252710592160134,0.16,0.766,0.1341651997282714,0.01776243362085206,0.03809151800606565,0.466309418753634,1.4090483618101945
14.06741427098397,9.404485625903824e-05,background_EB,false_positive,5.234995102821569,5.542203908725502,,,,SIM-FP-0141,0.157458914023699,U_diluted,0.2461466247770199,16,5.541701417848207,0.23,5.237,0.33564879748648907,0.06106906813750468,0.07610530911996893,0.8024284881523599,0.00256106562926474
11.844619536704116,3.844619536704115e-05,secondary_eclipse,false_positive,3.3399859711101696,4.077750594809515,,,,SIM-FP-0142,0.0619435191812999,U,0.1650744511684664,22,4.077981651376147,0.16,3.338,0.15829918753931646,0.0429032426187268,0.0777815501096721,0.5515863666670716,0.0016429267088028587
10.4559339936438,2.4559339936438e-05,aliased_contact_binary,false_positive,0.0716359684031023,0.8847504579974105,,,,SIM-FP-0143,0.0420356450593704,V,0.0624364153182984,51,1.7685571309424521,0.09,0.9810000000000001,0.02094150986339808,0.013704606231436323,0.06872551546532624,0.19941074488339988,0.048893849370838294
10.858418983885702,2.858418983885702e-05,grazing_EB,false_positive,0.4699646887810314,3.3333177866997867,,,,SIM-FP-0144,0.1024696034929466,V,0.1124407170129333,27,3.3298582151793163,0.09,0.521,0.12068580255403745,0.044848969247545556,0.09255532353582294,0.48456390766315083,0.019731882486441553
14.402261333806043,0.0001141356800283,background_EB,false_positive,3.962567265888789,5.835061103544351,,,,SIM-FP-0145,0.1714802796840371,U_diluted,0.2558975530849682,15,5.834445371142619,0.23,3.9650000000000003,0.384249729388961,0.06763432220658983,0.07866495024674701,0.8597770925226851,0.009515587994299397
10.644679432838934,2.6446794328389343e-05,secondary_eclipse,false_positive,2.656426602299223,3.9419335700883296,,,,SIM-FP-0146,0.0614002530860564,U,0.1049248455090075,12,7.883653044203504,0.09,2.657,0.06049332349256089,0.048235529313726655,0.13950012527806624,0.3457740931599778,0.0007914388406587296
15.46954520530106,0.0001969545205301,aliased_contact_binary,false_positive,0.3692307199252981,0.9232911346091376,,,,SIM-FP-0147,0.0384945551451234,V,0.0243515697396961,98,0.9228523769808175,0.09,0.393,0.006074358256630843,0.00531533903910264,0.05076318372935787,0.10470854364535494,0.014033568346438745
14.57229768416808,0.00012433786105,grazing_EB,false_positive,1.8273813564321888,3.166255075982417,,,,SIM-FP-0148,0.0809055208582019,V,0.2404562364565511,28,3.1672226855713097,0.16,1.814,0.22685335086944003,0.04551615207005444,0.06931719505396171,0.6566358034917779,0.018071780388780753
15.907217052453994,0.0002407217052453,background_EB,false_positive,5.622031660724432,5.6614647128120295,,,,SIM-FP-0149,0.130723943855642,U_diluted,0.1257063443975346,32,2.825688073394496,0.09,0.045,0.0664233432673465,0.030694870610679326,0.08559497860420211,0.3586059732851248,0.49886456444827054
12.535891954946129,5.3397298873653166e-05,secondary_eclipse,false_positive,1.0568677470426628,4.034958624508223,,,,SIM-FP-0150,0.0598020149157965,U,0.177769739181661,23,4.029190992493746,0.16,1.12,0.10655330439836097,0.034408220012465573,0.07610530911996893,0.4521132679222947,0.04811232263809592
15.289411172169345,0.0001789411172169,aliased_contact_binary,false_positive,0.0194023647852199,0.919952102333096,,,,SIM-FP-0151,0.0398038520118629,V,0.0332300046112727,33,2.760633861551293,0.02,0.93,0.007835123855978012,0.021791190680441996,0.1747327945711472,0.12471151013136873,0.06706611610450164
13.49129747465207,7.728243686630174e-05,grazing_EB,false_positive,1.7107305288077403,3.2917851843679333,,,,SIM-FP-0152,0.0842812028331721,V,0.1899075436014733,27,3.297331109257715,0.16,1.6360000000000001,0.12333140825348447,0.03379286143297944,0.06977193100095115,0.4843331831036576,0.02791444003749122
15.864896740002289,0.0002364896740002,background_EB,false_positive,0.8528959861200871,5.901355506220567,,,,SIM-FP-0153,0.1633045060991926,U_diluted,0.3345371411287761,31,2.955796497080901,0.3,0.778,0.4248803922075125,0.04316839691415719,0.04945659594175398,0.8728541884483412,0.47398535167539024
14.857068575251787,0.0001414241145151,secondary_eclipse,false_positive,2.3861641934370468,3.951306633860696,,,,SIM-FP-0154,0.0622287076309126,U,0.1239332643257551,23,3.9478732276897417,0.09,2.425,0.09735093738846277,0.043906051227877385,0.10066338150342667,0.4361670606742213,0.015620329978217183
15.084176316939248,0.0001584176316939,aliased_contact_binary,false_positive,0.4569680376151994,0.8876842594945941,,,,SIM-FP-0155,0.0431854551892374,V,0.0535677194536808,34,2.663052543786489,0.02,1.344,0.01956182221909883,0.03392190184309973,0.1721636899420252,0.19703284620887643,0.007614022581304208
10.707156952252973,2.7071569522529708e-05,grazing_EB,false_positive,0.3601963702379741,3.051099975087977,,,,SIM-FP-0156,0.0919302544864423,V,0.1131289722650369,59,1.5246038365304422,0.09,0.387,0.17443574780920376,0.036701419476320774,0.06404660581502776,0.5730423807674946,0.6112874697323467
11.077202080075535,3.077202080075537e-05,background_EB,false_positive,0.4364091812741721,5.869816397864284,,,,SIM-FP-0157,0.1373878020854479,U_diluted,0.2207184099198847,16,5.866972477064221,0.16,0.46,0.22844850736815556,0.06045805254794856,0.09073823176597029,0.6662908387269482,0.003931828008353482
14.875533159264226,0.0001425319895558,secondary_eclipse,false_positive,1.6362009860555615,4.123062207053796,,,,SIM-FP-0158,0.0606420607242821,U,0.1625542815997012,43,2.061301084236864,0.16,1.6420000000000001,0.14322035469115654,0.029241184888416427,0.05683778351775585,0.5144673679838627,0.8762539473130754
11.69039372694855,3.6903937269485496e-05,aliased_contact_binary,false_positive,0.2581448304767545,0.8610741300592928,,,,SIM-FP-0159,0.0436903761632871,V,0.0454363906874052,27,3.443703085904921,0.02,0.268,0.012773674915910416,0.0319670767082767,0.2005694448059849,0.1593815884528131,0.0011070058328336752
13.996703577654904,8.99175894413726e-05,grazing_EB,false_positive,2.7780975179499023,3.334024309255999,,,,SIM-FP-0160,0.0826658750763441,V,0.1869132445035879,27,3.3298582151793163,0.16,2.8320000000000003,0.1390768538659317,0.036222172645881345,0.07039351219936332,0.5145669183730395,0.011066344424937856
14.216532493021724,0.0001029919495813,background_EB,false_positive,1.730979830465716,5.591121160246582,,,,SIM-FP-0161,0.1642055700780338,U_diluted,0.2236878571850756,32,2.793160967472894,0.16,1.772,0.4069511773179053,0.05694417321456946,0.0649966459559273,0.876109411140722,0.510626946048383
14.068719894234253,9.412319365405516e-05,secondary_eclipse,false_positive,0.4721654414109349,4.15981167695975,,,,SIM-FP-0162,0.0648604303943745,U,0.1223090980079793,22,4.159299416180151,0.09,0.479,0.13512019276043102,0.05278241521458793,0.10267029412986078,0.5140962696359571,0.007324979457775882
11.635811364461189,3.635811364461187e-05,aliased_contact_binary,false_positive,0.128958385698919,0.9182640015563112,,,,SIM-FP-0163,0.0354470989661974,V,0.0618072391452258,65,1.3782318598832362,0.09,1.017,0.01043837736909528,0.008441073548781208,0.06046423412120117,0.13960440699308274,0.5027991560114067
15.295960864115631,0.0001795960864115,grazing_EB,false_positive,0.5131573038839867,3.285887462481828,,,,SIM-FP-0164,0.0981892351297353,V,0.2125998598767488,28,3.2810675562969145,0.16,0.576,0.21834342342677926,0.04445175568015003,0.06901930409121702,0.6440481581993622,0.005082787510550743
10.375648967644608,2.375648967644608e-05,background_EB,false_positive,0.613210042212561,5.626596205252854,,,,SIM-FP-0165,0.1319183832045731,U_diluted,0.1720340661725474,32,2.809424520433695,0.16,0.6699999999999999,0.17335228775588848,0.03716575210498252,0.0649966459559273,0.5718103074146894,0.5030944996368295
11.015511913107831,3.0155119131078312e-05,secondary_eclipse,false_positive,1.4268764276030446,4.129420404606395,,,,SIM-FP-0166,0.0566775028998484,U,0.2021024400306038,22,4.1267723102585485,0.16,1.4600000000000002,0.14076062381320656,0.04045678484121584,0.0777815501096721,0.5201334350391799,0.0017761476488002059
14.131616961115297,9.78970176669177e-05,aliased_contact_binary,false_positive,0.3140008930095813,0.8763949322144008,,,,SIM-FP-0167,0.0439565605859119,V,0.0667556988692902,52,1.7522935779816515,0.09,0.329,0.026868726790600112,0.015352217620997255,0.06800839758888878,0.2257400286623648,0.00047617924790942993
15.630877897198404,0.0002130877897198,grazing_EB,false_positive,1.9185780254968337,3.308209131976712,,,,SIM-FP-0168,0.1021512666028496,V,0.1713422646249301,55,1.6547122602168476,0.16,0.248,0.2991586381903905,0.03717250456409449,0.05060610513067427,0.734545851100539,0.5677723141949472
10.761364214013703,2.761364214013705e-05,background_EB,false_positive,2.725293131004764,5.916209832660948,,,,SIM-FP-0169,0.1694659704675879,U_diluted,0.2314089089246845,30,2.955796497080901,0.16,2.758,0.4160896736614199,0.05938167794106852,0.06690981907947192,0.8874882454926103,0.49559380431198125
10.442216442813583,2.442216442813585e-05,secondary_eclipse,false_positive,1.1341717784486829,4.074824339349003,,,,SIM-FP-0170,0.051916897126468,U,0.1939702231040052,22,4.077981651376147,0.16,1.102,0.11123326715786301,0.03596401094470636,0.0777815501096721,0.46237200073792634,0.0004655041465775031
13.590253693155232,7.975634232888083e-05,aliased_contact_binary,false_positive,0.2953033321418755,0.8848077047630724,,,,SIM-FP-0171,0.0441883287134817,V,0.0489202320228219,51,1.7685571309424521,0.09,0.325,0.014233074842394828,0.011273022016235257,0.06858013079843983,0.16437737701853017,0.07567200218179916
11.968274520725023,3.968274520725025e-05,grazing_EB,false_positive,2.230713967405956,3.1971851453129454,,,,SIM-FP-0172,0.0876365483760303,V,0.2148904582727289,28,3.199749791492911,0.16,2.196,0.22150797853460524,0.04497670412066712,0.06931719505396171,0.648853492782763,0.01062111590424689
11.540906169562602,3.540906169562602e-05,background_EB,false_positive,2.2776182708923813,5.574045824364912,,,,SIM-FP-0173,0.1667414896984589,U_diluted,0.2445817271178987,16,5.574228523769809,0.23,2.281,0.3766129389009756,0.06541935866019388,0.07692891040279339,0.8503871732702771,0.0006494634186615466
11.19109924958395,3.191099249583949e-05,secondary_eclipse,false_positive,0.9774045734967716,3.959420081066197,,,,SIM-FP-0174,0.0541915184501553,U,0.1026944716709249,45,1.9799833194328609,0.09,0.9710000000000001,0.08558874840715405,0.02932896906136595,0.07254416116650675,0.40429124259978316,0.9214363340697204
11.892606645286223,3.892606645286225e-05,aliased_contact_binary,false_positive,0.1476167380310415,0.8564000464971866,,,,SIM-FP-0175,0.038467716841977,V,0.0574750548079184,105,0.8577981651376148,0.16,0.084,0.016329028782437232,0.006276505443707503,0.03854351082283667,0.16284207924278482,0.008021198078478196
13.941204592972015,8.853011482430039e-05,grazing_EB,false_positive,1.1526898145711697,3.3247008896009635,,,,SIM-FP-0176,0.0977890680296317,V,0.235162205514464,27,3.3298582151793163,0.16,1.084,0.22960383117589908,0.04643171887927,0.07023644276571314,0.6610773132994752,0.016744786278334624
13.25690825132954,7.142270628323854e-05,background_EB,false_positive,3.949249808150723,5.759895735120579,,,,SIM-FP-0177,0.1404492337990187,U_diluted,0.1290254744521972,15,5.753127606338616,0.16,4.0,0.10628514493101118,0.0423967520952504,0.09409371389751811,0.4505800689451656,0.03344796951179386
15.989986019376897,0.0002489986019376,secondary_eclipse,false_positive,0.1252732806909524,4.085190038084131,,,,SIM-FP-0178,0.0542376218203448,U,0.1439273802379744,45,2.045037531276064,0.16,0.08,0.0710091853050396,0.020259756131953854,0.056002651405346375,0.3617642312203048,0.8629370086710763
11.819409766973894,3.819409766973894e-05,aliased_contact_binary,false_positive,0.0923923722284072,0.9352364640756872,,,,SIM-FP-0179,0.045313243665067,V,0.0723354265890991,39,2.337781484570476,0.09,0.095,0.015295413554544267,0.013699408233399213,0.07981531873463017,0.17163883388033543,0.7845507720302488
11.058102903718146,3.058102903718146e-05,grazing_EB,false_positive,0.2703681275019945,3.0696330976445285,,,,SIM-FP-0180,0.0863389589950542,V,0.1278617774299319,30,3.0696413678065055,0.09,0.271,0.1758109598511488,0.05180865556661929,0.08869803761615096,0.5841014858843449,0.010420581153285806
10.225390227315456,2.225390227315456e-05,background_EB,false_positive,0.6760248837253898,5.554836070365176,,,,SIM-FP-0181,0.1718607043072086,U_diluted,0.3054196957060449,33,2.7768974145120935,0.23,0.681,0.631861933855129,0.05721796947059077,0.05328455961626135,1.0738189427229314,0.49142627018696927
14.386441645451235,0.000113186498727,secondary_eclipse,false_positive,4.035670893650035,4.276560517716507,,,,SIM-FP-0182,0.0606927045539552,U,0.1670433044449313,21,4.2731442869057545,0.16,4.072,0.12237958969097561,0.038514788925180676,0.07934880482910134,0.485385873273485,0.005389859719995811
10.636586789954608,2.636586789954608e-05,aliased_contact_binary,false_positive,0.457549809831311,0.9127442604547618,,,,SIM-FP-0183,0.037191510652776,V,0.0543623648257962,17,5.476647206005005,0.02,0.458,0.007245444435853288,0.029195979650415094,0.24300455986433925,0.12014580988403742,0.003410030575151569
10.280498770607572,2.280498770607572e-05,grazing_EB,false_positive,2.8613404422151016,3.13753239704054,,,,SIM-FP-0184,0.0841724424353635,V,0.2232162296214815,28,3.1346955796497085,0.16,2.896,0.20946770259237302,0.043637734150031915,0.06916773094296086,0.6308972920626492,0.008473927353691913
11.94875400684909,3.9487540068490895e-05,background_EB,false_positive,0.9788655051903168,5.532178859934136,,,,SIM-FP-0185,0.1696554517353552,U_diluted,0.1670879823749629,17,5.525437864887406,0.16,1.034,0.23208805585682857,0.05885576296068218,0.08773029519965808,0.6708715937491974,0.024000839541452337
12.851610629684403,6.129026574211007e-05,secondary_eclipse,false_positive,1.2469717802554798,4.053764732423657,,,,SIM-FP-0186,0.0537809096531853,U,0.1477673492922613,44,2.0287739783152627,0.16,1.2080000000000002,0.08167535770381112,0.021759603271081285,0.056076855446464416,0.38803180203024745,0.8906815159373624
11.780955100438565,3.780955100438564e-05,aliased_contact_binary,false_positive,0.0096031575155467,0.9360099292572004,,,,SIM-FP-0187,0.043002133379505,V,0.0687472424862336,32,2.809424520433695,0.09,0.923,0.017151550435486565,0.015597576841940852,0.08559497860420211,0.18222537228574204,0.007294187805082271
13.340864517698988,7.352161294247469e-05,grazing_EB,false_positive,0.9922062585281348,3.171634193008895,,,,SIM-FP-0188,0.1016583252402542,V,0.1909458725015207,114,0.792743953294412,0.16,0.20600000000000002,0.2531914293841106,0.023799659228291525,0.037457485954069565,0.6353779123744372,1.48455258724017
10.515347490665588,2.5153474906655865e-05,background_EB,false_positive,0.8590690898596891,5.806835722214622,,,,SIM-FP-0189,0.1400865561123469,U_diluted,0.2752497297022533,31,2.907005838198499,0.23,0.809,0.31282120602794566,0.042219154591301655,0.05563658562708455,0.7588379861101481,0.47908625790860326
15.281793353612532,0.0001781793353612,secondary_eclipse,false_positive,3.9140172919884058,4.277539072575909,,,,SIM-FP-0190,0.059628052899508,U,0.176933887307464,21,4.2731442869057545,0.16,3.956,0.11720925217163432,0.03780715704789661,0.07958097910880463,0.47507780717558085,0.003219537388778743
15.860363421011249,0.0002360363421011,aliased_contact_binary,false_positive,0.0213761921712102,0.8848628429631469,,,,SIM-FP-0191,0.041217279679296,V,0.0394141597217108,51,1.7685571309424521,0.09,0.935,0.008212584109770878,0.008542298990041108,0.06858013079843983,0.12455938608731032,0.040141089493248135
12.429125241269354,5.072813103173384e-05,grazing_EB,false_positive,1.1389567976129062,3.1432301507281504,,,,SIM-FP-0192,0.0889187261796358,V,0.1048412287974178,57,1.573394495412844,0.09,1.091,0.0970298181743474,0.027805502361018197,0.0649966459559273,0.42779903412050607,0.5981229169107084
10.442570114112826,2.4425701141128257e-05,background_EB,false_positive,2.7085280846428548,5.950268113448809,,,,SIM-FP-0193,0.1392861068351588,U_diluted,0.2357485481672484,30,2.972060050041702,0.16,2.75,0.2668614288554462,0.04755562566798255,0.06690981907947192,0.7107421051534829,0.5041234627202568
15.152621041486055,0.0001652621041486,secondary_eclipse,false_positive,2.375226312780772,3.931127740866786,,,,SIM-FP-0194,0.0554178600097646,U,0.1272598675575106,23,3.931609674728941,0.09,2.371,0.10444263423444036,0.04525367155171611,0.10018034607866344,0.45172205250900316,0.01219288451393357
10.774109503968852,2.774109503968853e-05,aliased_contact_binary,false_positive,0.0371344645266227,0.9375677609289146,,,,SIM-FP-0195,0.0343413320089696,V,0.0587263092729825,96,0.9391159299416181,0.09,0.895,0.010688828363609827,0.006217102099182914,0.05255356505043584,0.1183002921536596,0.009869624944502369
14.982762722072934,0.0001489657633243,grazing_EB,false_positive,0.5208957147663037,3.2266458623186525,,,,SIM-FP-0196,0.0813600645165688,V,0.0840108814372672,14,6.452460383653045,0.09,3.761,0.03890323482257632,0.037274672951797316,0.13448743243314124,0.27716101257511894,0.011215926666643502
10.485944377822804,2.485944377822804e-05,background_EB,false_positive,5.823817800452012,5.914064358668708,,,,SIM-FP-0197,0.1699996975703994,U_diluted,0.3441214472254497,31,2.955796497080901,0.23,2.8590000000000004,0.49672539790983455,0.05406366664106432,0.056529220347311324,0.9563844381525374,0.4947977756099758
13.503304215824253,7.758260539560626e-05,secondary_eclipse,false_positive,1.5253943186430867,4.211461168225386,,,,SIM-FP-0198,0.0612865549128726,U,0.151078037108043,22,4.208090075062552,0.16,1.564,0.11138744697580973,0.03609400445519706,0.07799944599184032,0.46274693359966845,0.030861526755635037
14.366411458662643,0.0001119846875197,aliased_contact_binary,false_positive,0.6213992284848084,0.8992523075161727,,,,SIM-FP-0199,0.035073099508604,V,0.0492622406360171,17,5.395329441201001,0.02,3.32,0.006111241723326433,0.026813608755797858,0.24300455986433925,0.11034199840022317,0.007908207811213744
13.706914504203358,8.267286260508393e-05,grazing_EB,false_positive,0.6283932851023118,3.193198510588524,,,,SIM-FP-0200,0.0837748884491847,V,0.1809485215383148,28,3.199749791492911,0.16,0.536,0.09562017269914466,0.029550695191374987,0.06931719505396171,0.4263111796195808,0.007747129787145432
12.972369810434447,6.430924526086118e-05,background_EB,false_positive,2.946545320207047,5.947813457108355,,,,SIM-FP-0201,0.1497282228117131,U_diluted,0.3027194185414534,15,5.948290241868224,0.23,2.9410000000000003,0.3053663254492205,0.0599378428481121,0.07821929196611212,0.7662795372026595,0.005040037808802245
12.613276485851312,5.53319121462828e-05,secondary_eclipse,false_positive,1.8599714700211445,4.198796486466834,,,,SIM-FP-0202,0.0534059883805968,U,0.2323752786507715,22,4.191826522101752,0.23,1.933,0.09564831587560642,0.028000046234681775,0.06586696208383283,0.4251000099115614,0.01435246427189849
12.753828897804937,5.884572244512341e-05,aliased_contact_binary,false_positive,0.837489708632786,0.8703072971453683,,,,SIM-FP-0203,0.0409599162187117,V,0.0675256989986428,42,2.1751459549624688,0.09,0.415,0.009706966508369982,0.010271830680349092,0.07530915614470923,0.1363955089419858,0.6881529307789384
11.478336813602809,3.478336813602807e-05,grazing_EB,false_positive,1.2766444348218986,3.077102114160021,,,,SIM-FP-0204,0.1033719204362752,V,0.1273872488109765,58,1.5408673894912428,0.16,1.2100000000000002,0.15538285333500224,0.026105626648241675,0.04945659594175398,0.5278492413628062,0.5820546360988509
12.713726411348588,5.784316028371471e-05,background_EB,false_positive,5.100190043609296,5.760369055315541,,,,SIM-FP-0205,0.1661367432442483,U_diluted,0.1762444790635361,15,5.753127606338616,0.16,5.148000000000001,0.21454964101208823,0.060560013465783324,0.09370165505107424,0.6463067640883579,0.040139593321381346
13.930904977118695,8.827262442796742e-05,secondary_eclipse,false_positive,3.6298303015014577,3.9749805270958944,,,,SIM-FP-0206,0.0672973975234725,U,0.0918028895239129,11,7.948707256046706,0.09,7.609,0.0572158099832567,0.048826141385898025,0.14512973002993387,0.3364310081457972,0.012581969335712078
10.984741188995148,2.984741188995148e-05,aliased_contact_binary,false_positive,0.9229774812746824,0.943559579520574,,,,SIM-FP-0207,0.0347254181358241,V,0.0510012534417519,16,5.655546288573812,0.09,3.801,0.002719183153473491,0.008814246833513617,0.12048311971163947,0.07315752492639102,0.0064087189223754676
13.890656951125813,8.726642377814531e-05,grazing_EB,false_positive,0.1316263810613783,3.043382742438137,,,,SIM-FP-0208,0.0779345812010692,V,0.1486103622401987,119,0.7602168473728107,0.16,0.172,0.09076851030689082,0.013963933157627895,0.03690034444535785,0.37842284042377256,1.570313056437105
13.796869522003044,8.492173805007607e-05,background_EB,false_positive,4.925065640118845,5.49925533426874,,,,SIM-FP-0209,0.1709364576269885,U_diluted,0.262155965614482,33,2.7443703085904922,0.23,2.253,0.37860451337611806,0.04567247836836941,0.05479031504967983,0.8335867082888091,0.4962545429404522
10.576579992570275,2.5765799925702773e-05,secondary_eclipse,false_positive,2.269116928645404,4.099853355339875,,,,SIM-FP-0210,0.0674105239746606,U,0.1186644797678724,22,4.094245204336948,0.16,2.33,0.07995817086536296,0.03040348528571446,0.07756557604134746,0.3919713723199508,0.10030835444466177
13.64500314823974,8.112507870599353e-05,aliased_contact_binary,false_positive,0.3127704394941953,0.9365798657665076,,,,SIM-FP-0211,0.0349433851208528,V,0.0521384130161652,32,2.809424520433695,0.02,1.254,0.011705599997298496,0.027480902456537337,0.18024006024579595,0.1524683381655623,0.022329283484695532
11.848369680358786,3.8483696803587856e-05,grazing_EB,false_positive,3.075296917022911,3.2788119024387217,,,,SIM-FP-0212,0.1025438671059345,V,0.1311502475155996,55,1.6384487072560467,0.09,1.4609999999999999,0.23251240350890762,0.04330242520110905,0.06536501288169888,0.6624709962113847,0.664778987881494
12.828091539205786,6.0702288480144655e-05,background_EB,false_positive,1.9814504915122348,5.932003577432544,,,,SIM-FP-0213,0.1584694247825787,U_diluted,0.3402018434496076,30,2.972060050041702,0.3,1.892,0.35852679132258897,0.04036913713822121,0.05024619294665305,0.8034267826237419,0.4842983329973773
15.774017238475537,0.0002274017238475,secondary_eclipse,false_positive,1.3545513473915507,4.08223452496865,,,,SIM-FP-0214,0.066281029432623,U,0.1184560723373297,22,4.077981651376147,0.09,1.399,0.09136556243911405,0.04340306474976663,0.10267029412986078,0.4227421876757166,0.023195683106276677
13.04352580226901,6.608814505672524e-05,aliased_contact_binary,false_positive,0.2850472099507357,0.8726260290402023,,,,SIM-FP-0215,0.0399065021788727,V,0.0571655632626667,103,0.8740617180984154,0.16,0.21000000000000002,0.01757567469445383,0.00659985255635942,0.038945871610002146,0.16946218645327313,0.01524267572397575
14.232460363966448,0.0001039476218379,grazing_EB,false_positive,1.4273808389070528,3.1514685961243623,,,,SIM-FP-0216,0.0778369189508809,V,0.0882524968545495,29,3.150959132610509,0.09,1.435,0.08149212351949973,0.03610919517674127,0.09073823176597029,0.3979490725571243,0.01490768098000015
11.085543159791282,3.085543159791282e-05,background_EB,false_positive,4.806849217339865,5.644693982840332,,,,SIM-FP-0217,0.1631429642503211,U_diluted,0.3009999684460313,32,2.825688073394496,0.23,1.933,0.47017453954524474,0.051251081991317005,0.05513754363739805,0.9295133335710483,0.4979258105492366
15.649796271065355,0.0002149796271065,secondary_eclipse,false_positive,0.4375694643823997,3.975415192375691,,,,SIM-FP-0218,0.0551112404483422,U,0.2240204570063906,23,3.980400333611343,0.16,0.376,0.12680648267219677,0.037432293599413025,0.07590375700116574,0.4931546879667384,0.01629772825216488
12.138620808583306,4.346552021458266e-05,aliased_contact_binary,false_positive,0.2066535310227367,0.8730713194944102,,,,SIM-FP-0219,0.0447987560320652,V,0.0455649969201196,103,0.8740617180984154,0.09,0.157,0.01958869980942847,0.009299694934213898,0.049601271205633,0.18748904429606175,0.01296046589860299
13.014827044575505,6.53706761143876e-05,grazing_EB,false_positive,1.0000025592464112,3.078763104921079,,,,SIM-FP-0220,0.0868821799303121,V,0.2345496879931497,58,1.5408673894912428,0.16,0.958,0.2897065995877573,0.03572450876944733,0.049552877539435373,0.72093711895978,0.6256033590845583
15.133055318376895,0.0001633055318376,background_EB,false_positive,0.3052612062278855,5.775209172171151,,,,SIM-FP-0221,0.1396652918386997,U_diluted,0.2806999719498333,32,2.8907422852376983,0.23,0.259,0.3232060970135626,0.04231566489989247,0.05492830486748707,0.7703799525941638,0.5248196173056562
10.368461493077454,2.3684614930774543e-05,secondary_eclipse,false_positive,1.7164862381687422,4.182203876139943,,,,SIM-FP-0222,0.0614098450433638,U,0.1739272414961672,43,2.093828190158465,0.16,1.6580000000000001,0.11235660954113265,0.02582256386183246,0.056682789435816096,0.4555626869964163,0.8763615081784024
13.994982316384975,8.987455790962442e-05,aliased_contact_binary,false_positive,0.7762723040098882,0.9238499372617214,,,,SIM-FP-0223,0.0400580757287771,V,0.0267601982478787,9,11.087572977481235,0.02,0.766,0.0066768059679890995,0.03851927646715503,0.3336740682737929,0.11543982625448862,0.0026976663073354445
15.19778069022014,0.000169778069022,grazing_EB,false_positive,3.1811156820859487,3.2506311788087587,,,,SIM-FP-0224,0.0931228323862368,V,0.0997153306825367,28,3.248540450375313,0.09,3.207,0.11305177536234146,0.04303527451658318,0.09255532353582294,0.46496811714916275,0.016120357295071292
13.103271451377717,6.758178628444293e-05,background_EB,false_positive,4.21076202137278,5.515620201772282,,,,SIM-FP-0225,0.1339803241324081,U_diluted,0.1172337269775693,33,2.760633861551293,0.09,1.405,0.12573072978865654,0.04150106943475296,0.08416585802895105,0.4930867504550073,0.5405564707575061
15.872381777980705,0.000237238177798,secondary_eclipse,false_positive,0.9233405787061708,4.172539313154879,,,,SIM-FP-0226,0.057483869445459,U,0.1796501528308546,22,4.175562969140952,0.16,0.89,0.12936692845879397,0.03845099715724176,0.07713928306971497,0.49846194606827626,0.006062460591612283
14.112203662407085,9.673221974442498e-05,aliased_contact_binary,false_positive,0.5773045536391267,0.8996829252134871,,,,SIM-FP-0227,0.0411673328172707,V,0.0312226218779969,6,13.494578815679734,0.02,10.468,0.004675496508088864,0.03947782714422865,0.40852635721681824,0.09663471266133382,0.011614584625683716
14.982482837330226,0.0001489489702398,grazing_EB,false_positive,2.04753815393699,3.054770761057566,,,,SIM-FP-0228,0.0770592774852148,V,0.1686419276908681,29,3.053377814845705,0.09,2.071,0.15732093652390877,0.04938708623914145,0.08936208840615358,0.5526626237143827,0.00472024134636774
11.962008386395064,3.962008386395064e-05,background_EB,false_positive,3.1725043684906,5.910747850808527,,,,SIM-FP-0229,0.1309909828458178,U_diluted,0.2440622938858098,31,2.955796497080901,0.23,0.21100000000000002,0.2905079656459942,0.040801986414787716,0.055782030544012956,0.731453947030384,0.517001960898028
11.311742336973367,3.311742336973368e-05,secondary_eclipse,false_positive,3.890970986192032,4.155645816404185,,,,SIM-FP-0230,0.0619967606447463,U,0.1824745883445762,43,2.077564637197665,0.16,1.816,0.16195276370342865,0.03109472899646748,0.05683778351775585,0.5470784937761276,0.9017850099181327
15.197001487820646,0.000169700148782,aliased_contact_binary,false_positive,0.0850659145632964,0.931221546365888,,,,SIM-FP-0231,0.0389157639304817,V,0.0248511392183371,32,2.793160967472894,0.02,0.092,0.0068628209843830225,0.02071053624423902,0.17742172072922877,0.1167305567723937,0.10376528878254856
15.626570218171238,0.0002126570218171,grazing_EB,false_positive,2.020594618710336,3.074982272552555,,,,SIM-FP-0232,0.0901990815349908,V,0.1666341459681143,59,1.5408673894912428,0.23,0.377,0.12700976764616578,0.01955912935441928,0.04210756218679468,0.4645039593518241,0.5646095571126587
14.306527750030758,0.0001083916650018,background_EB,false_positive,4.430435447403812,5.440868340132631,,,,SIM-FP-0233,0.1662661081028371,U_diluted,0.1861336779601813,16,5.444120100083404,0.16,4.406000000000001,0.3004971269473466,0.06933941181721648,0.09073823176597029,0.7641697492635178,0.011157330036183348
14.25197134066267,0.0001051182804397,secondary_eclipse,false_positive,0.5136589959023478,4.004905619483374,,,,SIM-FP-0234,0.0576340694018484,U,0.1289004783397958,12,8.013761467889909,0.09,0.487,0.05364396189895525,0.04457368510304072,0.1369238461469076,0.32553632078971073,0.07875395549560099
15.611271402500492,0.00021112714025,aliased_contact_binary,false_positive,0.6427784742444487,0.8994128957766601,,,,SIM-FP-0235,0.0387963348234403,V,0.0656444223215308,50,1.8010842368640536,0.09,1.4889999999999999,0.011103181128781257,0.010024034975175455,0.06901930409121702,0.14523523682486758,0.022357852632685467
10.29734077388065,2.2973407738806502e-05,grazing_EB,false_positive,2.950415219894321,3.111160581116161,,,,SIM-FP-0236,0.0906047337852978,V,0.2032971261857817,57,1.5571309424520434,0.16,1.35,0.2652687134627056,0.03448979269698782,0.04994483513541032,0.690557744429012,0.6167373629448524
15.66421098706877,0.0002164210987068,background_EB,false_positive,2.4786190950512155,5.736106846439769,,,,SIM-FP-0237,0.151473610309216,U_diluted,0.1216136462544696,16,5.736864053377816,0.09,2.471,0.202401728825133,0.07113398077310396,0.11283173414868812,0.6304430336891266,0.00016995669653463287
12.542355748474982,5.355889371187455e-05,secondary_eclipse,false_positive,3.73104018860958,4.098037380618317,,,,SIM-FP-0238,0.0655654675321441,U,0.2251402315886374,22,4.094245204336948,0.16,3.774,0.18440344778170223,0.04644098912739725,0.07799944599184032,0.5954015254448799,0.020228531295038706
13.11875847060132,6.796896176503298e-05,aliased_contact_binary,false_positive,0.2730481053921962,0.9228913163921048,,,,SIM-FP-0239,0.0412512099651035,V,0.0603688561929295,98,0.9228523769808175,0.02,0.276,0.055252957861943154,0.033579925326564286,0.10215696928752524,0.3287090989558639,0.0044672005263954205
10.511660960111003,2.5116609601110047e-05,grazing_EB,false_positive,2.482663318540954,3.232734589016262,,,,SIM-FP-0240,0.0887864009326783,V,0.1206622551738683,28,3.232276897414512,0.09,2.491,0.16080691420138032,0.05134373302881401,0.09181494794314511,0.5592088671727807,0.004812598390925026
13.021625912844746,6.554064782111865e-05,background_EB,false_positive,4.583355224264344,5.922046523860743,,,,SIM-FP-0241,0.1346294671202461,U_diluted,0.3048134641294778,30,2.955796497080901,0.23,1.699,0.257590658395267,0.03904106913574401,0.05660582808841553,0.6897005212036431,0.4909396380129906
11.138698999690355,3.138698999690355e-05,secondary_eclipse,false_positive,1.35537282547092,4.217829167912464,,,,SIM-FP-0242,0.0663002138428561,U,0.209060113813298,43,2.1100917431192663,0.16,1.332,0.19140263252506687,0.03380387971419463,0.05683778351775585,0.5947431025988982,0.8805144704148972
14.138744363754348,9.83246618252609e-05,aliased_contact_binary,false_positive,0.3952136307237222,0.9379903740841096,,,,SIM-FP-0243,0.0356062947708201,V,0.0333824323946474,96,0.9391159299416181,0.09,0.345,0.00708559211098276,0.005767641689797376,0.05097533595057422,0.11314573179840721,0.009879162973001157
14.488635423800716,0.000119318125428,grazing_EB,false_positive,0.1449789012000038,3.215856146796669,,,,SIM-FP-0244,0.0877688988260251,V,0.1307432305778654,28,3.2160133444537116,0.09,0.14300000000000002,0.1696577391016425,0.05231075555562836,0.09109274591171923,0.5742581918248937,0.012270628133497842
13.964904999588704,8.912262498971759e-05,background_EB,false_positive,2.217645665119333,5.641992151191897,,,,SIM-FP-0245,0.1309325321472415,U_diluted,0.1661140612250274,16,5.639282735613011,0.16,2.238,0.1689029807228376,0.051778370909225435,0.09038799224051253,0.5728456803360437,0.008084313412499175
14.361302437257208,0.0001116781462354,secondary_eclipse,false_positive,3.289158710814628,4.230340518155344,,,,SIM-FP-0246,0.0663894922655815,U,0.1442847326439081,21,4.224353628023353,0.16,3.3480000000000003,0.09966326730953319,0.034756864124254605,0.07934880482910134,0.43802630926972014,0.026922784620314683
15.867389681357809,0.0002367389681357,aliased_contact_binary,false_positive,0.1285068508401327,0.8807109344862464,,,,SIM-FP-0247,0.0427662555294736,V,0.0615030267022435,21,4.40325271059216,0.02,1.012,0.012103396474755225,0.033951501088570035,0.21873943831900167,0.15521435617410884,0.0029515177646411905
13.805425419158366,8.513563547895916e-05,grazing_EB,false_positive,2.2458740640201387,3.0743006192990023,,,,SIM-FP-0248,0.0866847906231407,V,0.2305277191517515,29,3.0696413678065055,0.16,2.314,0.1933607918169969,0.04118430886442459,0.06800839758888878,0.6055768158718282,0.009590075964164708
13.899405168557497,8.748512921393741e-05,background_EB,false_positive,4.065378051422124,5.525464277138609,,,,SIM-FP-0249,0.141945670801091,U_diluted,0.2733172538887694,33,2.760633861551293,0.23,1.333,0.3717665997438105,0.04476753972661618,0.054250024331153675,0.8252077354536397,0.49995524818615417
15.544711045216657,0.0002044711045216,secondary_eclipse,false_positive,2.8757207469490824,3.977668074522273,,,,SIM-FP-0250,0.0591157713715621,U,0.1630433098611334,22,3.980400333611343,0.16,2.8480000000000003,0.12951029282194337,0.03880636078614508,0.0777815501096721,0.4989147263255625,0.002768720056475144
12.20888725828522,4.5222181457130485e-05,aliased_contact_binary,false_positive,0.1966970117769161,0.929494436081438,,,,SIM-FP-0251,0.0357062431492276,V,0.0474690257345786,64,1.3944954128440368,0.02,1.118,0.011171585128367422,0.018832246178792866,0.12689803983358025,0.14840454748938844,0.8394945956115938
13.560575596204876,7.90143899051219e-05,grazing_EB,false_positive,0.8092962125192475,3.193421353040307,,,,SIM-FP-0252,0.0956759913306336,V,0.1393254857691949,14,6.387406171809842,0.09,4.001,0.10540276425546537,0.05831028356586121,0.12790260343858953,0.45589598646330914,0.006182735469533406
14.738146427288653,0.0001342887856373,background_EB,false_positive,4.984789078739936,5.674991010718436,,,,SIM-FP-0253,0.1364320552898203,U_diluted,0.298496081400378,31,2.8419516263552964,0.23,2.079,0.2802558947293021,0.03990442379279102,0.05556434687178187,0.7181659830335615,0.5028979833390228
15.002956503078064,0.0001502956503078,secondary_eclipse,false_positive,1.5859497943225371,4.006204484539743,,,,SIM-FP-0254,0.064107093733406,U,0.1056571183339537,12,8.013761467889909,0.09,1.579,0.06487350706313033,0.04901757321430378,0.1369238461469076,0.3579915010692301,0.11365079923588887
14.08280267080562,9.49681602483372e-05,aliased_contact_binary,false_positive,0.6659053910177538,0.8892268922771658,,,,SIM-FP-0255,0.0363604875622724,V,0.0520199828701006,101,0.890325271059216,0.09,0.6090000000000001,0.014532742941149295,0.008072747416906556,0.04994483513541032,0.16163327789589738,0.02262732296976992
13.83690114829226,8.592252870730647e-05,grazing_EB,false_positive,2.24126943617095,3.284211738720812,,,,SIM-FP-0256,0.0973613011718927,V,0.2481386072187956,27,3.2810675562969145,0.16,2.282,0.294640298810628,0.05272215341275077,0.07039351219936332,0.748963246263874,0.009696446917546831
11.54752196719062,3.547521967190619e-05,background_EB,false_positive,1.08697192313342,5.773177925841905,,,,SIM-FP-0257,0.1335743462093561,U_diluted,0.2855829328418834,31,2.8907422852376983,0.23,1.0250000000000001,0.2770975456811044,0.03990632318757503,0.05585524134483262,0.7144597754256579,0.4672060088465353
13.864680090403876,8.661700226009691e-05,secondary_eclipse,false_positive,1.4421741583195822,4.00763407197665,,,,SIM-FP-0258,0.0611641610899989,U,0.0861728260776818,12,8.013761467889909,0.09,1.4529999999999998,0.04771930724183814,0.043689498620074874,0.14223013188221703,0.3071747037136605,0.08363687374974052
14.428298735131849,0.0001156979241079,aliased_contact_binary,false_positive,0.692891521534837,0.9097702267157828,,,,SIM-FP-0259,0.039816597657027,V,0.0592793401651893,25,3.638865721434529,0.02,0.6940000000000001,0.012650371780252072,0.031812414910222686,0.2005694448059849,0.15861047499530906,0.01732780688434538
10.317075464332994,2.3170754643329946e-05,grazing_EB,false_positive,0.7530666796988191,3.318605906199781,,,,SIM-FP-0260,0.0922592265938198,V,0.2105063023179865,27,3.3135946622185157,0.16,0.814,0.18172178941079353,0.04150278805352792,0.07055171977837686,0.588260473081309,0.017125219264241487
15.55655018137962,0.0002056550181379,background_EB,false_positive,2.3821082816327603,5.426883031017442,,,,SIM-FP-0261,0.1429150289458778,U_diluted,0.2671778091912186,33,2.711843202668891,0.23,2.4090000000000003,0.3956648966554707,0.046121910489266726,0.05418376821139272,0.8512126788474098,0.488385695581579
14.815398091058045,0.0001389238854634,secondary_eclipse,false_positive,2.714165347213717,4.069934443134933,,,,SIM-FP-0262,0.0510439478931863,U,0.0881942977246012,11,8.143869891576315,0.09,6.765,0.02693849460982486,0.03350279503876319,0.14512973002993387,0.2308472222187214,0.06995837205070697
11.547613881170252,3.547613881170251e-05,aliased_contact_binary,false_positive,0.1266925569966652,0.910615054766004,,,,SIM-FP-0263,0.0343920470274457,V,0.0270104830159214,10,9.103419516263553,0.02,2.868,0.0036229363895346925,0.0269181588877645,0.31658699340293067,0.08502610482643826,0.22712379519084958
10.403533928158568,2.403533928158568e-05,grazing_EB,false_positive,0.0812319416695417,3.246623539221627,,,,SIM-FP-0264,0.0998922937500675,V,0.2427851911935589,56,1.6221851542952461,0.16,0.114,0.39173573732888045,0.04229358886446011,0.05034809588674958,0.840023602076097,0.6406824479621458
13.30798223391378,7.26995558478445e-05,background_EB,false_positive,0.1165153408333642,5.921554724114126,,,,SIM-FP-0265,0.145445738775094,U_diluted,0.1769540968087102,16,5.915763135946623,0.16,0.16,0.18345714652209294,0.05353987219267231,0.08970000157549743,0.596877048520558,0.03910123681383827
10.904237631389543,2.904237631389545e-05,secondary_eclipse,false_positive,1.942633309160812,4.143873014001144,,,,SIM-FP-0266,0.066516112298586,U,0.2357035852280507,22,4.14303586321935,0.23,1.947,0.22035305091991694,0.042325975698867424,0.06561441942459144,0.6450712521736373,0.0017243098141314559
12.56243206035744,5.406080150893602e-05,aliased_contact_binary,false_positive,0.2503697097886227,0.910891878501706,,,,SIM-FP-0267,0.0369556902194051,V,0.0341642572321667,9,9.103419516263553,0.02,4.83,0.0018744998272510586,0.020409691746003933,0.3336740682737929,0.06116655049518851,0.23246812080322726
14.45138332250898,0.0001170829993505,grazing_EB,false_positive,0.4223146395756875,3.2156588108200768,,,,SIM-FP-0268,0.0765845544563795,V,0.1048425365066619,28,3.2160133444537116,0.09,0.415,0.09999837485178605,0.040323564264439504,0.09145162152541504,0.4409278216377312,0.12063208494829675
12.357188226142297,4.8929705653557416e-05,background_EB,false_positive,2.330450120843816,5.737852913757904,,,,SIM-FP-0269,0.1622024668035844,U_diluted,0.2978919924305582,16,5.736864053377816,0.23,2.3390000000000004,0.39238702187678615,0.06393250199402911,0.07379341933837459,0.8663713182996856,0.00017521486741639493
12.343044664178818,4.857611660447044e-05,secondary_eclipse,false_positive,0.1195508562979039,4.0909250852405865,,,,SIM-FP-0270,0.0636981174012015,U,0.1722847385590916,44,2.045037531276064,0.16,0.126,0.167672521447568,0.031177148957006184,0.056076855446464416,0.5559717767479038,0.8522603400451343
10.426488897285015,2.4264888972850167e-05,aliased_contact_binary,false_positive,0.0086459166635428,0.8666031775464197,,,,SIM-FP-0271,0.0350248983050609,V,0.054224433655786,35,2.597998331943286,0.09,0.909,0.007002227309972811,0.0096948248216141,0.08334357311761185,0.11632360431599285,0.12387927367055852
13.419036405516684,7.547591013791708e-05,grazing_EB,false_positive,1.2772085114698917,3.3295458670577767,,,,SIM-FP-0272,0.0961463276773069,V,0.2170300880639425,27,3.3298582151793163,0.16,1.274,0.2859155798045445,0.051935698614815284,0.07039351219936332,0.7377909837447352,0.0008599226583838047
11.497562349832693,3.497562349832691e-05,background_EB,false_positive,4.637813310818774,5.663296208242289,,,,SIM-FP-0273,0.1667874180603271,U_diluted,0.2568717519795748,32,2.825688073394496,0.23,1.899,0.3299036030426838,0.042633914967656006,0.05479031504967983,0.7781286698022946,0.49566290900961485
10.302165452814286,2.302165452814286e-05,secondary_eclipse,false_positive,1.0485270049508644,4.167989612633122,,,,SIM-FP-0274,0.0632847570060042,U,0.1279400698823064,11,8.339032527105921,0.09,1.031,0.06181970144850242,0.05023199299596881,0.14365765229694957,0.3496645823790581,0.01295112177625724
10.54444208341667,2.544442083416669e-05,aliased_contact_binary,false_positive,0.2283736348170796,0.8559506743835107,,,,SIM-FP-0275,0.0384230499295659,V,0.0312751484460877,18,5.1351125938281905,0.02,1.946,0.005700759831274305,0.025897444414627824,0.24300455986433925,0.10657184552045212,0.11889469703016116
13.662663654522936,8.156659136307339e-05,grazing_EB,false_positive,1.9621026400469643,3.3150333626813104,,,,SIM-FP-0276,0.0771611425176134,V,0.2245123256996642,27,3.3135946622185157,0.16,1.9820000000000002,0.1843486493640311,0.04190109094659211,0.07071107906716656,0.5925675509320313,0.002275999886088455
10.428105955021463,2.428105955021463e-05,background_EB,false_positive,4.927610887298441,5.59843728414774,,,,SIM-FP-0277,0.1719479829625888,U_diluted,0.2720615659419664,32,2.793160967472894,0.23,2.2190000000000003,0.3649253143360384,0.04502624631725849,0.05499774849389683,0.8186925383364577,0.49786775296245595
10.30350336572492,2.30350336572492e-05,secondary_eclipse,false_positive,0.2108286999710178,4.113337615703021,,,,SIM-FP-0278,0.0674283093856314,U,0.1346656053231676,22,4.110508757297748,0.09,0.235,0.13027129901466608,0.0505404708759819,0.10018034607866344,0.5044948720410348,0.007430691024001736
14.270204698348527,0.0001062122819009,aliased_contact_binary,false_positive,0.088266313134799,0.8788667602868582,,,,SIM-FP-0279,0.0347022720345772,V,0.0672310527733631,12,7.916180150125105,0.09,2.691,0.003096666114723741,0.01070940416560906,0.1369238461469076,0.07821431012183797,0.11738141456488284
11.72353717214358,3.72353717214358e-05,grazing_EB,false_positive,0.3768333908506202,3.2802407716289297,,,,SIM-FP-0280,0.0805851490083164,V,0.17323694273267,28,3.2810675562969145,0.09,0.367,0.17490643459772467,0.05311376022999814,0.09109274591171923,0.5830734346450849,0.0008826785963963967
13.275789835017688,7.189474587544217e-05,background_EB,false_positive,2.8905962000977463,5.617260158875216,,,,SIM-FP-0281,0.1474333498837728,U_diluted,0.19941568840474,33,2.809424520433695,0.16,0.08,0.3308547788493677,0.05112723079118686,0.06463498867408442,0.7910147714110526,0.5264429488522999
14.088515458561924,9.531092751371542e-05,secondary_eclipse,false_positive,3.188683346341946,4.094435578529291,,,,SIM-FP-0282,0.0564268485251249,U,0.2346284774010654,22,4.094245204336948,0.23,3.189,0.15908645496620685,0.035890798722301165,0.06548932811798407,0.548040417480557,0.02462654637613377
15.470698832726464,0.0001970698832726,aliased_contact_binary,false_positive,0.2772293448985748,0.883434983785571,,,,SIM-FP-0283,0.0384043595293869,V,0.0504162907624714,51,1.7685571309424521,0.09,1.119,0.00963943857149321,0.009277198705261447,0.06858013079843983,0.1352753136696044,0.02996084617277976
12.594884363857616,5.487210909644041e-05,grazing_EB,false_positive,0.7569723657991354,3.0995440537088865,,,,SIM-FP-0284,0.0826580294685999,V,0.115875386670075,29,3.1021684737281072,0.09,0.7190000000000001,0.1043661000250742,0.040070342001011894,0.0890281256390301,0.45008632624120953,0.01332532931462292
10.319435241092364,2.319435241092364e-05,background_EB,false_positive,1.2512299962357152,5.76814983685207,,,,SIM-FP-0285,0.1353487992113572,U_diluted,0.2761028618658362,16,5.769391159299417,0.23,1.243,0.2616376578219574,0.05362032354382562,0.07570389618213272,0.7082901442063538,0.005764222770495207
13.626664096709163,8.066660241772908e-05,secondary_eclipse,false_positive,3.793884085999429,3.918339598488109,,,,SIM-FP-0286,0.0625773810184043,U,0.1558708485511323,23,3.9153461217681405,0.16,3.8240000000000003,0.12826477792758234,0.03796284077996792,0.07651358227527144,0.49615819376211845,0.02143645962961662
10.361584750039963,2.3615847500399632e-05,aliased_contact_binary,false_positive,0.2143329173230287,0.8748453047770794,,,,SIM-FP-0287,0.0442454213051742,V,0.027515998560431,103,0.8740617180984154,0.09,0.255,0.009649328403626853,0.0065198201387403065,0.049552877539435373,0.1315729875334016,0.0014854130835342246
11.934376478576825,3.934376478576823e-05,grazing_EB,false_positive,2.6205036547457268,3.211520862267544,,,,SIM-FP-0288,0.1005730347308419,V,0.0997709424036603,56,1.6059216013344455,0.09,1.011,0.200166058251809,0.0402588847288371,0.06548932811798407,0.6147396207258016,0.5840766918617433
10.664998628056706,2.664998628056706e-05,background_EB,false_positive,3.302889689696167,5.743062479062493,,,,SIM-FP-0289,0.1698881639221609,U_diluted,0.2886152996645751,32,2.8744787322768977,0.23,0.385,0.5154759337674886,0.053366031665582736,0.05485916107636806,0.9727824964602215,0.4994293883464484
15.179719505278609,0.0001679719505278,secondary_eclipse,false_positive,3.042239407746244,4.079541995129202,,,,SIM-FP-0290,0.0596067641996811,U,0.217012932923195,22,4.077981651376147,0.16,3.06,0.167873877008328,0.04405381325746971,0.07756557604134746,0.5679557286338747,0.0015690972887194828
15.910699026138476,0.0002410699026138,aliased_contact_binary,false_positive,0.6838508205885828,0.9431741563264144,,,,SIM-FP-0291,0.0349051780434174,V,0.0271621010609366,6,14.14512093411176,0.02,12.954,0.0024821134261768843,0.02876405990222808,0.40852635721681824,0.07040931238363662,0.03547033489884801
10.203619348123418,2.2036193481234175e-05,grazing_EB,false_positive,2.8406826365265774,3.341726353165713,,,,SIM-FP-0292,0.0810141600157509,V,0.1972371167146976,54,1.6709758131776482,0.16,1.1660000000000001,0.2280564436967544,0.03291509582245211,0.05124499164683633,0.6423085410822613,0.5965270921140186
11.171955971165,3.171955971164999e-05,background_EB,false_positive,1.0379397759137778,5.794039016065297,,,,SIM-FP-0293,0.1533787904605796,U_diluted,0.3104475071376275,31,2.8907422852376983,0.23,1.131,0.3134321653767856,0.04232069168870234,0.05570914608183735,0.7596722381372132,0.4666059707412378
13.577946384142551,7.944865960356377e-05,secondary_eclipse,false_positive,2.790394985792361,4.070466571185235,,,,SIM-FP-0294,0.0668504724245691,U,0.095570425041643,11,8.143869891576315,0.09,6.847,0.05505490422123119,0.047895243423029976,0.14512973002993387,0.3300167609569128,0.04866117106915853
14.930301050735668,0.0001458180630441,aliased_contact_binary,false_positive,0.689126952331066,0.9130943838172996,,,,SIM-FP-0295,0.036447519904208,V,0.0617196367916596,20,4.5658882402001675,0.02,2.512,0.008651768470577437,0.029413888676231403,0.22411568961834308,0.13124421911880274,0.013839959598531418
10.597755670713529,2.5977556707135285e-05,grazing_EB,false_positive,0.8412615923795541,3.295325143710876,,,,SIM-FP-0296,0.0919569331839423,V,0.1483253595798023,28,3.297331109257715,0.09,0.8130000000000001,0.18453034230073903,0.05412072664324352,0.09038799224051253,0.5987601372894112,0.09107274504539717
14.149351312981697,9.89610787789017e-05,background_EB,false_positive,0.755530844838777,5.815302481347403,,,,SIM-FP-0297,0.1591929840110217,U_diluted,0.1740184536709001,31,2.907005838198499,0.16,0.766,0.3658773439113299,0.05487564271950951,0.06599442964064121,0.8315193118316694,0.5039344369697903
14.745682021165951,0.0001347409212699,secondary_eclipse,false_positive,2.350318469752307,4.164899039292857,,,,SIM-FP-0298,0.0566320176534979,U,0.1954150009496193,22,4.159299416180151,0.16,2.406,0.10515356295613423,0.034967354036688825,0.0777815501096721,0.449558461966685,0.0068503716287537505
11.098918981595467,3.098918981595467e-05,aliased_contact_binary,false_positive,0.2747987568263301,0.9270912557561352,,,,SIM-FP-0299,0.0379462255582833,V,0.0250303884098787,130,0.695162635529608,0.02,0.052000000000000005,0.00278514291981566,0.006622727415671825,0.09004194288773612,0.07355158277658459,2.197635100194649
12.824841230303,6.0621030757575016e-05,grazing_EB,false_positive,1.7117222878757483,3.334741787166341,,,,SIM-FP-0300,0.0834509357827993,V,0.1138155636644148,27,3.3298582151793163,0.16,1.774,0.059783936007955944,0.02386149239095059,0.07071107906716656,0.3374505481423243,0.0035118876444938025
11.135635746511449,3.135635746511447e-05,background_EB,false_positive,3.40123264883076,5.833799524024353,,,,SIM-FP-0301,0.1537673451815935,U_diluted,0.2887752469354003,15,5.834445371142619,0.23,3.3970000000000002,0.3207085839600289,0.06142509392940043,0.07821929196611212,0.7852934025024461,0.012459083733598567
14.151546852454416,9.909281114726496e-05,secondary_eclipse,false_positive,3.0560958037741144,4.198299241338426,,,,SIM-FP-0302,0.0642952592636774,U,0.2354012131196309,21,4.191826522101752,0.23,3.1170000000000004,0.14719465850276883,0.035318725347794566,0.06690981907947192,0.5278556396310811,0.023635364548439144
10.911022418060336,2.9110224180603373e-05,aliased_contact_binary,false_positive,0.3548040358835295,0.9184402467998004,,,,SIM-FP-0303,0.0349317781328263,V,0.026177242711953,65,1.3782318598832362,0.02,0.34,0.003723818493536257,0.010704159498547416,0.12495926521424597,0.08566119111051791,0.5472853438402361
14.998730441148638,0.0001499238264689,grazing_EB,false_positive,3.1565709591253195,3.310304958351169,,,,SIM-FP-0304,0.0934005834859893,V,0.2009399042946092,54,1.6547122602168476,0.16,1.514,0.3067404888538389,0.03794859933913308,0.05097533595057422,0.7444502058000778,0.5987653168684648
13.753961797607944,8.384904494019857e-05,background_EB,false_positive,3.902473753959488,5.534575547723871,,,,SIM-FP-0305,0.1711374234051787,U_diluted,0.1430153926076309,16,5.541701417848207,0.16,3.8440000000000003,0.18247143444697075,0.053817952166064,0.09038799224051253,0.5954104171587342,0.009869982186296812
13.067441069158638,6.668602672896597e-05,secondary_eclipse,false_positive,2.512531509927997,4.273727462725264,,,,SIM-FP-0306,0.0519196484218069,U,0.1769035023974866,21,4.2731442869057545,0.16,2.52,0.1123839522326242,0.03690839638932841,0.07934880482910134,0.46514117596125637,0.0052871849939636695
12.024723167931736,4.06180791982934e-05,aliased_contact_binary,false_positive,0.0129931773257582,0.8969315784146061,,,,SIM-FP-0307,0.0440482049997525,V,0.0256727292094032,67,1.345704753961635,0.02,0.9,0.008902736550742155,0.016550841531700167,0.12495926521424597,0.13244989479830335,0.7420240941683778
11.404743399388154,3.404743399388154e-05,grazing_EB,false_positive,2.853191602266475,3.1292003091390432,,,,SIM-FP-0308,0.0809674376584401,V,0.212409423694241,28,3.1346955796497085,0.16,2.7760000000000002,0.13406637962958656,0.034990720182647594,0.06931719505396171,0.5047913458617042,0.042695436585097134
10.246022831394214,2.246022831394214e-05,background_EB,false_positive,1.4307418815381547,5.950804866784016,,,,SIM-FP-0309,0.1448395527804551,U_diluted,0.3321360320274563,30,2.972060050041702,0.3,1.474,0.3563209220415107,0.040153603380534086,0.05014502065096487,0.8007495631525174,0.48805799721571647
11.67262252547203,3.672622525472031e-05,secondary_eclipse,false_positive,0.6692391001657119,4.057178120310055,,,,SIM-FP-0310,0.0604330819150589,U,0.192350445477929,45,2.0287739783152627,0.16,0.6659999999999999,0.17095457722687246,0.031122036792117447,0.05549242753090822,0.5608339403566923,0.8653650158388226
13.158807140652618,6.897017851631546e-05,aliased_contact_binary,false_positive,0.2573311488810716,0.8763863063927566,,,,SIM-FP-0311,0.0395106943540412,V,0.0445787271289293,52,1.7522935779816515,0.02,0.272,0.016197647791159668,0.02520321158430261,0.14084497219887834,0.17894292704119205,0.056160547548281974
14.900212811309874,0.0001440127686785,grazing_EB,false_positive,2.5209620629086618,3.2834426462936244,,,,SIM-FP-0312,0.0998362907531374,V,0.2517041137022053,27,3.2810675562969145,0.16,2.5500000000000003,0.329187473524225,0.05572739185587916,0.07039351219936332,0.7916552266642435,0.006361205304223826
12.883843669992908,6.20960917498227e-05,background_EB,false_positive,1.4428918373156874,5.450761556460913,,,,SIM-FP-0313,0.1643364437819561,U_diluted,0.1529997809685377,33,2.7281067556296916,0.16,1.3980000000000001,0.28630731069716964,0.04701986031530525,0.06404660581502776,0.7341506972454208,0.4761206412268148
14.799338036679991,0.0001379602822007,secondary_eclipse,false_positive,3.6535202757175016,3.991583566988663,,,,SIM-FP-0314,0.0659431921694169,U,0.2319809685891125,45,1.9962468723936615,0.23,1.649,0.21769496699639243,0.02930456050272634,0.04720874303706605,0.6207443498276961,0.8694632821384805
14.388923807174224,0.0001133354284304,aliased_contact_binary,false_positive,0.1023829616241063,0.8659007414293383,,,,SIM-FP-0315,0.0388875157094398,V,0.0236601869318122,34,2.597998331943286,0.02,1.828,0.007822387590486351,0.02246486517048696,0.18024006024579595,0.12463858001296327,0.1164600184191625
11.806489992983812,3.8064899929838135e-05,grazing_EB,false_positive,1.5313185798021764,3.1802435182340325,,,,SIM-FP-0316,0.1009804005765516,V,0.2190219197187919,57,1.5896580483736449,0.16,1.53,0.3804231341639403,0.04192497258055394,0.05024619294665305,0.8343910278947135,0.6286793846736632
11.722510416603663,3.7225104166036647e-05,background_EB,false_positive,2.035883358917157,5.817559417912941,,,,SIM-FP-0317,0.1531755756014591,U_diluted,0.1278739028934985,31,2.907005838198499,0.09,2.065,0.22064038072016257,0.05696236899198348,0.08710320770057317,0.6539640788867142,0.48799571899706795
15.72628109582705,0.0002226281095827,secondary_eclipse,false_positive,3.9076611075980905,4.1294255547116165,,,,SIM-FP-0318,0.0635242775026896,U,0.1803169213102861,21,4.1267723102585485,0.16,3.934,0.1559729857757407,0.04361318129454639,0.07958097910880463,0.5480352438855725,0.000794982257075959
12.436380595285272,5.0909514882131786e-05,aliased_contact_binary,false_positive,0.7117047011778311,0.8822265877386503,,,,SIM-FP-0319,0.0371814171224642,V,0.0492881796023769,34,2.646788990825688,0.02,1.592,0.013887364889812808,0.029011350850494444,0.1747327945711472,0.16603266102220832,0.015380064659590135
14.728875185272546,0.0001337325111163,grazing_EB,false_positive,1.209920956434128,3.3458889803819027,,,,SIM-FP-0320,0.0824178861460062,V,0.0952435673794976,27,3.346121768140117,0.09,1.2069999999999999,0.0960660878163288,0.04018153926560608,0.09293256467803979,0.4323730804676812,0.007861837713375154
13.771609681610569,8.429024204026421e-05,background_EB,false_positive,4.508968663827818,5.551360795119722,,,,SIM-FP-0321,0.1427302385941125,U_diluted,0.2828946937568103,32,2.7768974145120935,0.23,1.709,0.3938237664841751,0.047303647183297604,0.05556434687178187,0.851330931549572,0.49194673806294015
10.429546749702782,2.4295467497027815e-05,secondary_eclipse,false_positive,0.3911339094867312,4.220532681389224,,,,SIM-FP-0322,0.0662500857418276,U,0.1452859598378303,43,2.1100917431192663,0.16,0.394,0.14070965654784007,0.02894058533360111,0.056760107024682635,0.5098754539172388,0.8961429494830107
14.646238882916853,0.000128774332975,aliased_contact_binary,false_positive,0.4581156700213318,0.9437853332979598,,,,SIM-FP-0323,0.0382156829547635,V,0.0625105429646699,32,2.825688073394496,0.16,2.44,0.0036822526626645235,0.0054714727009821384,0.06561441942459144,0.08338826661829002,0.11780474349934572
13.761972319572912,8.404930798932281e-05,grazing_EB,false_positive,1.815732180901552,3.2617046877791047,,,,SIM-FP-0324,0.0833173335541513,V,0.1394681604355436,28,3.264804003336114,0.09,1.775,0.11388222221602444,0.043207889044392433,0.09181494794314511,0.4705975444341395,0.031386808563632754
13.0756780739789,6.689195184947249e-05,background_EB,false_positive,4.130087518854926,5.606609546998954,,,,SIM-FP-0325,0.1686772742944599,U_diluted,0.3268502511037523,16,5.60675562969141,0.3,4.132000000000001,0.4265909251864204,0.06038274822865053,0.0671790535181027,0.8988329704939833,0.0009129083687068318
11.578198640621444,3.578198640621444e-05,secondary_eclipse,false_positive,2.288017606135428,3.9279951640067146,,,,SIM-FP-0326,0.0535302951487335,U,0.083053437234526,46,1.9637197664720603,0.09,0.331,0.06269762770381762,0.025039494344698432,0.07237116915575084,0.34598714704761285,0.9254350924165787
10.315604661814504,2.315604661814504e-05,aliased_contact_binary,false_positive,0.3959938501495187,0.9336150671246028,,,,SIM-FP-0327,0.0425367638702989,V,0.0537846379254132,48,1.866138448707256,0.09,1.355,0.01587582316324974,0.0122381337071642,0.07039351219936332,0.1738531481779778,0.016311570749239862
14.903837848439329,0.0001442302709063,grazing_EB,false_positive,2.1379271419596697,3.1908820859647298,,,,SIM-FP-0328,0.0853267667653007,V,0.2208843330111514,28,3.1834862385321103,0.23,2.237,0.12106332340142213,0.027680743592464863,0.058385584967720186,0.47410235947398316,0.0019339506431778558
13.470817564437157,7.677043911092888e-05,background_EB,false_positive,4.250079353548131,5.705296234307856,,,,SIM-FP-0329,0.152694229893781,U_diluted,0.1633141657729631,16,5.7043369474562144,0.16,4.256,0.2361373402085155,0.06146704355454424,0.09073823176597029,0.6774106389143494,0.03941331531503079
11.059853425260028,3.059853425260028e-05,secondary_eclipse,false_positive,3.134144765202249,4.088077362010649,,,,SIM-FP-0330,0.0526007671186716,U,0.1509148555409139,44,2.045037531276064,0.16,1.064,0.09060959963741344,0.022918835951598937,0.056076855446464416,0.4087040146799805,0.8818980242848465
10.910052494560404,2.9100524945604037e-05,aliased_contact_binary,false_positive,0.2414763778732778,0.9430515347056494,,,,SIM-FP-0331,0.0390066709197797,V,0.0444655920795335,16,5.655546288573812,0.02,3.0919999999999996,0.005271128953552303,0.028477059467773902,0.2777598899227884,0.10252401624903418,0.004239071601008367
14.309224047377064,0.0001085534428426,grazing_EB,false_positive,1.9092897532340996,3.205905802992421,,,,SIM-FP-0332,0.0786789373938077,V,0.172265671106658,56,1.6059216013344455,0.16,0.21800000000000003,0.1100683477011959,0.022367625519242873,0.05024619294665305,0.4451606023762006,0.6081487344034471
10.170711246779216,2.1707112467792147e-05,background_EB,false_positive,0.0709085027279359,5.570592135923356,,,,SIM-FP-0333,0.1710791075713655,U_diluted,0.2416845134505164,17,5.574228523769809,0.09,0.056999999999999995,0.251436513659248,0.07737301634648552,0.11016340489288752,0.7023477208399262,0.042560085300471465
10.715266838490694,2.715266838490693e-05,secondary_eclipse,false_positive,2.637511053406118,4.168806703368477,,,,SIM-FP-0334,0.0636400349003411,U,0.2247782794436686,21,4.175562969140952,0.16,2.5740000000000003,0.1370254808637556,0.040509551008610756,0.07889082209988715,0.513488767518734,0.03635415065657133
13.952516809005434,8.881292022513585e-05,aliased_contact_binary,false_positive,0.673548001023289,0.8807102451988463,,,,SIM-FP-0335,0.0429727762445252,V,0.0235582978891798,21,4.40325271059216,0.02,1.556,0.006260749602055398,0.02441847388479501,0.21873943831900167,0.11163269903429117,0.061755833229588754
13.91096007972608,8.777400199315203e-05,grazing_EB,false_positive,1.388487384954298,3.043423925357536,,,,SIM-FP-0336,0.0927183834881703,V,0.1655135451863166,59,1.5246038365304422,0.16,1.302,0.15321431035878233,0.025670728098615148,0.049031493248206985,0.523555910660622,0.5644959823425655
10.076920361234963,2.076920361234963e-05,background_EB,false_positive,3.7348360812159616,5.5078734196209576,,,,SIM-FP-0337,0.1357431718759966,U_diluted,0.1416864292271948,16,5.509174311926606,0.09,3.725,0.1592733971145089,0.06651511881488748,0.11882534670040543,0.5597721417349799,0.011028756716310902
15.065562288007811,0.0001565562288007,secondary_eclipse,false_positive,1.214026206883051,4.07611800691438,,,,SIM-FP-0338,0.063216995137305,U,0.09676598045171,22,4.077981651376147,0.09,1.193,0.09546340211801796,0.04413878902151824,0.10215696928752524,0.43206830947859953,0.052898160722664615
11.897270772387357,3.897270772387354e-05,aliased_contact_binary,false_positive,0.8261922793265676,0.8648071228962683,,,,SIM-FP-0339,0.0418701895862798,V,0.0252199238920444,70,1.2969140950792326,0.02,0.404,0.008711365092338259,0.0158903535520708,0.1213390636593681,0.1309582674601756,0.750053406108151
10.547336179367784,2.547336179367784e-05,grazing_EB,false_positive,0.7444725409705044,3.3159046242215795,,,,SIM-FP-0340,0.0863716557470771,V,0.2355712884987272,27,3.3135946622185157,0.16,0.77,0.23213622587386998,0.046687073929034484,0.07023644276571314,0.6647129622547656,0.023433634908064476
13.05202389629869,6.630059740746726e-05,background_EB,false_positive,2.3692182487346094,5.614200598994215,,,,SIM-FP-0341,0.1321686845900321,U_diluted,0.246235057432033,32,2.809424520433695,0.23,2.337,0.2838447112872995,0.03965535117658059,0.05492830486748707,0.7219474781216708,0.4801197739555477
15.129610260026237,0.0001629610260026,secondary_eclipse,false_positive,0.2725615950396773,4.141317036146397,,,,SIM-FP-0342,0.0638073039438868,U,0.2223428289777123,22,4.14303586321935,0.16,0.252,0.19060751854311306,0.04707830173962679,0.0777815501096721,0.6052630948244966,0.011333599034599242
10.76067417459798,2.7606741745979785e-05,aliased_contact_binary,false_positive,0.2582120535045142,0.8675727655227189,,,,SIM-FP-0343,0.0416455880133442,V,0.0664727797545483,52,1.736030025020851,0.09,1.107,0.02441458103425005,0.01486426704210786,0.06901930409121702,0.21536390779111603,0.0059452539576520785
14.979732412276146,0.0001487839447365,grazing_EB,false_positive,0.995886713676452,3.340646583191385,,,,SIM-FP-0344,0.095674008753019,V,0.2594388668476317,54,1.6709758131776482,0.16,0.978,0.37458293244109536,0.04203451706302985,0.05108259581203714,0.8228735520352082,0.6831510003329982
10.39840652513157,2.3984065251315696e-05,background_EB,false_positive,2.924853869120879,5.906539298062958,,,,SIM-FP-0345,0.1633298540244477,U_diluted,0.1205171383777395,30,2.955796497080901,0.09,2.889,0.2010436369810696,0.05498374838242215,0.08804919316065155,0.6244662376644461,0.5083976693083762
14.03374108185487,9.202446491129224e-05,secondary_eclipse,false_positive,0.1819219121304013,3.923272752418703,,,,SIM-FP-0346,0.0529832222067897,U,0.1885607178900757,46,1.9637197664720603,0.16,0.138,0.10368338406700427,0.024033795155270377,0.05506749404668035,0.4364425069878264,0.8790123841400447
15.074939009583252,0.0001574939009583,aliased_contact_binary,false_positive,0.369396671810931,0.9204627869596342,,,,SIM-FP-0347,0.0371181154057045,V,0.0385935222148531,33,2.760633861551293,0.02,1.302,0.008106643754142308,0.022509225544960376,0.17742172072922877,0.12686848855058008,0.07791137265229826
12.30029958365322,4.750748959133048e-05,grazing_EB,false_positive,1.572519843715841,3.358790896755021,,,,SIM-FP-0348,0.0929968355540683,V,0.14485645658275,27,3.3623853211009176,0.09,1.529,0.13438430813190275,0.047725256812602534,0.09331464076569507,0.5114444681026689,0.011208047810681396
12.76670081358698,5.916752033967453e-05,background_EB,false_positive,3.1521380628952094,5.458801295063595,,,,SIM-FP-0349,0.1379904041657853,U_diluted,0.1569934214195555,33,2.7281067556296916,0.16,0.444,0.23500370551436672,0.04268177774266391,0.06416287710255816,0.6652098482809804,0.5040108717468691
11.851329358310668,3.851329358310668e-05,secondary_eclipse,false_positive,2.0565829512029885,4.172087776206857,,,,SIM-FP-0350,0.058474025846045,U,0.2245831173039543,22,4.175562969140952,0.16,2.022,0.15255566528196343,0.041874973361729406,0.07735149607885028,0.5413595791223359,0.001686893766560241
14.520778209583469,0.000121246692575,aliased_contact_binary,false_positive,0.3397928626695256,0.8559375533988912,,,,SIM-FP-0351,0.0412107706968445,V,0.0230257288464528,18,5.1351125938281905,0.02,0.34400000000000003,0.004601468811127043,0.02326691367365452,0.24300455986433925,0.09574681926398257,0.34047004519026036
13.501531646381146,7.753829115952865e-05,grazing_EB,false_positive,3.0401403333073085,3.2886906669256284,,,,SIM-FP-0352,0.0991172755214432,V,0.2563494152553767,27,3.2810675562969145,0.23,3.1330000000000005,0.1919221648307368,0.03547542810016635,0.05934941652568365,0.5977384476023323,0.022295008010391713
15.89750449766117,0.0002397504497661,background_EB,false_positive,2.28641810078252,5.424705107897396,,,,SIM-FP-0353,0.1474591173214084,U_diluted,0.2387876471884477,33,2.711843202668891,0.23,2.293,0.4059568842001233,0.04678083811877465,0.054250024331153675,0.862319209908819,0.4820905949026531
10.302925200177311,2.3029252001773116e-05,secondary_eclipse,false_positive,2.923564337064204,4.131613449264585,,,,SIM-FP-0354,0.0669261538329343,U,0.146689816220513,22,4.1267723102585485,0.16,2.974,0.11677057750275353,0.03695588922716153,0.07799944599184032,0.47379681685210384,0.003948195038456737
10.738970833952704,2.7389708339527023e-05,aliased_contact_binary,false_positive,0.5150525479043124,0.9382374589674805,,,,SIM-FP-0355,0.0427179631394553,V,0.0611847427888005,96,0.9391159299416181,0.09,0.477,0.0423863320182078,0.014292357384483978,0.05157532469662101,0.2771161881879602,0.0008292000365058826
14.458387518088855,0.0001175032510853,grazing_EB,false_positive,2.4989669562315178,3.051486756800648,,,,SIM-FP-0356,0.0929986641225765,V,0.1279355652373379,59,1.5246038365304422,0.09,1.007,0.18645235666645243,0.03801798398049927,0.06416287710255816,0.5925230553444665,0.65318512080387
10.88715423827637,2.8871542382763697e-05,background_EB,false_positive,2.505265935422426,5.651882778608102,,,,SIM-FP-0357,0.1605767626839969,U_diluted,0.1752098999117676,31,2.825688073394496,0.16,2.5100000000000002,0.3792777951792608,0.05610288379354844,0.0662517986014654,0.8468129919163813,0.5048526792306539
14.49100495851153,0.0001194602975106,secondary_eclipse,false_positive,2.927996905190325,4.247522986325792,,,,SIM-FP-0358,0.0555450501940647,U,0.1175412307886701,43,2.126355296080067,0.16,0.752,0.05271449406568305,0.017847032819415687,0.05715213277289963,0.31227238518521894,0.9015211988894448
11.644976272989576,3.644976272989575e-05,aliased_contact_binary,false_positive,0.5706552843900162,0.8757033804272409,,,,SIM-FP-0359,0.0340476836477171,V,0.0269105064526638,69,1.3131776480400335,0.02,0.14600000000000002,0.005035784565025747,0.01217009904380606,0.12221392727819383,0.09958029591916669,0.7985730222780475
10.42054393375736,2.42054393375736e-05,grazing_EB,false_positive,2.4976802990557814,3.041335825436847,,,,SIM-FP-0360,0.1028726919138112,V,0.1613546371506084,119,0.7602168473728107,0.16,0.22400000000000003,0.196716410183518,0.02053498884193783,0.03687137585917001,0.5569357899843795,1.6082888904067858
11.391481609711631,3.3914816097116325e-05,background_EB,false_positive,3.1238827395444235,5.843198600488883,,,,SIM-FP-0361,0.1720550311236985,U_diluted,0.1714578540792675,31,2.9232693911592995,0.16,0.176,0.3691655275851011,0.05523544852203677,0.066122705680383,0.8353476760165878,0.5138598864901924
10.575097884199064,2.5750978841990653e-05,secondary_eclipse,false_positive,3.304648617094577,4.225909433725129,,,,SIM-FP-0362,0.0654101253183906,U,0.2051584853692321,21,4.224353628023353,0.16,3.326,0.1897297972994829,0.04795576210197916,0.07934880482910134,0.604366533374568,1.3994478612563895e-05
11.914049906808984,3.914049906808984e-05,aliased_contact_binary,false_positive,0.5870002354538213,0.8652649525653835,,,,SIM-FP-0363,0.0355376978645362,V,0.0401364979840839,26,3.4599666388657218,0.02,0.6,0.005529346176791643,0.02062363501644815,0.19669695649348384,0.10484979220881523,0.8816144744053138
15.66490020811141,0.0002164900208111,grazing_EB,false_positive,1.1037348380297023,3.278205418964698,,,,SIM-FP-0364,0.081063056057813,V,0.2502492620093662,55,1.6384487072560467,0.16,1.12,0.27460339154474905,0.03532983490329822,0.05024619294665305,0.7031345626684256,0.6601563289278156
11.824501909955163,3.8245019099551656e-05,background_EB,false_positive,2.469236689344799,5.669175329603498,,,,SIM-FP-0365,0.1288608200282192,U_diluted,0.2671577476840822,16,5.671809841534612,0.23,2.447,0.22957073181216683,0.05064618553882527,0.07630857617696908,0.6637024051054297,0.007517887381019914
12.383384914837016,4.958462287092541e-05,secondary_eclipse,false_positive,1.96044260543087,3.986984986053143,,,,SIM-FP-0366,0.0647847598790622,U,0.1436774149344363,45,1.9962468723936615,0.16,1.9080000000000001,0.0982832950179101,0.023597581743139417,0.05549242753090822,0.4252396731066778,0.8820820628940954
15.231990670788472,0.0001731990670788,aliased_contact_binary,false_positive,0.0121447975793054,0.8600716777709092,,,,SIM-FP-0367,0.040964205826464,V,0.0443968023951329,53,1.71976647206005,0.02,0.022,0.020300665433531928,0.027677840351955862,0.13819367908731744,0.2002829690529309,0.06795223193535975
15.991695382979325,0.0002491695382979,grazing_EB,false_positive,0.472637360184426,3.101553802073907,,,,SIM-FP-0368,0.0768425848414596,V,0.0889417998032865,29,3.1021684737281072,0.09,0.46499999999999997,0.08009164229049745,0.035941628818193405,0.09109274591171923,0.3945608232408049,0.004300450602601389
13.25888258582146,7.14720646455365e-05,background_EB,false_positive,1.47273919249643,5.675308491321902,,,,SIM-FP-0369,0.1389525820587558,U_diluted,0.2663532449590241,32,2.8419516263552964,0.23,1.409,0.28625605935991855,0.03976839435825652,0.05485916107636806,0.7249180187589077,0.4894883017036819
15.758244171681856,0.0002258244171681,secondary_eclipse,false_positive,3.4542009912679794,4.122489780174904,,,,SIM-FP-0370,0.0614745006211276,U,0.1952857426718401,44,2.061301084236864,0.16,1.3920000000000001,0.1682271391302688,0.031503817170999704,0.056529220347311324,0.5573014624550382,0.8979543182311287
11.613723628396894,3.6137236283968936e-05,aliased_contact_binary,false_positive,0.3968027808039924,0.8766567416776166,,,,SIM-FP-0371,0.0356767077365312,V,0.054764555128684,35,2.6305254378648875,0.02,0.388,0.01177601678892223,0.025940609959699823,0.16970578144789994,0.15285637141162248,0.08869477513905467
10.86733431056525,2.8673343105652493e-05,grazing_EB,false_positive,0.9886748886062016,3.234711804310959,,,,SIM-FP-0372,0.094476874099075,V,0.1593145426765918,28,3.232276897414512,0.09,1.019,0.19522665591397118,0.05588941308175943,0.09073823176597029,0.6159411748942603,0.0023822479010693178
11.69328806630268,3.69328806630268e-05,background_EB,false_positive,3.647252630820456,5.549603917429029,,,,SIM-FP-0373,0.1462320481854114,U_diluted,0.1129522972814831,33,2.7768974145120935,0.09,0.8330000000000001,0.18332820582482243,0.04713979285703229,0.07934880482910134,0.5940832121991039,0.5266585746503435
10.0097756396257,2.0097756396256997e-05,secondary_eclipse,false_positive,1.2084952212523985,4.198678978219519,,,,SIM-FP-0374,0.065411996489706,U,0.1951030909862535,22,4.191826522101752,0.16,1.278,0.12547715363209178,0.03808678159365686,0.07756557604134746,0.49102686446051974,0.022969308823512564
13.838260210477998,8.595650526194994e-05,aliased_contact_binary,false_positive,0.4188013507199432,0.9360263908760552,,,,SIM-FP-0375,0.0385207154735815,V,0.0612905285992729,32,2.809424520433695,0.09,2.271,0.011002095160421587,0.012492321136677198,0.08559497860420211,0.14594689245081385,0.00826019644120433
10.12015290610642,2.120152906106419e-05,grazing_EB,false_positive,0.3165525342073984,3.0695105652231454,,,,SIM-FP-0376,0.0807886642423828,V,0.086389466268689,30,3.0696413678065055,0.09,0.313,0.08683094890251557,0.03640966000971635,0.08869803761615096,0.410490028734148,0.017538584621458513
14.44164270612116,0.0001164985623672,background_EB,false_positive,0.7510864090539119,5.487607647955171,,,,SIM-FP-0377,0.1371147873920763,U_diluted,0.2297895048393296,33,2.7443703085904922,0.23,0.743,0.3297776710074563,0.04216369531002395,0.054250024331153675,0.7772106248772866,0.47269579002805995
12.53172077942233,5.3293019485558233e-05,secondary_eclipse,false_positive,1.7970658925027092,4.140924819111683,,,,SIM-FP-0378,0.0672797535344886,U,0.0854816682827152,22,4.14303586321935,0.09,1.777,0.08913508931022503,0.042650714593201355,0.10215696928752524,0.4175017611687271,0.003497053469212258
10.35497118476238,2.3549711847623803e-05,aliased_contact_binary,false_positive,0.4473846815017481,0.9246338842398258,,,,SIM-FP-0379,0.0451772414494055,V,0.0244631420861728,48,1.8498748957464555,0.02,1.358,0.007791130307937469,0.018017503420213465,0.14512973002993387,0.12414757070448107,0.10650936189267812
12.335474311453256,4.838685778633144e-05,grazing_EB,false_positive,1.861397359631658,3.1101683562085416,,,,SIM-FP-0380,0.0877946539748744,V,0.2192203822176497,58,1.5571309424520434,0.16,0.248,0.24760551736570371,0.03299054259190948,0.04950465276056719,0.6664129683217981,0.625224283038613
13.642628719834578,8.106571799586445e-05,background_EB,false_positive,2.4079703374562715,5.516430035716732,,,,SIM-FP-0381,0.1415972394219284,U_diluted,0.1201611624321824,32,2.760633861551293,0.09,2.371,0.1587318401614243,0.0477902853018175,0.08618837880936892,0.5544864164056252,0.4929892534245399
14.116356073000166,9.698136438000991e-05,secondary_eclipse,false_positive,0.3796950372578293,4.142316625948728,,,,SIM-FP-0382,0.0621655360631544,U,0.1025631508373544,22,4.14303586321935,0.09,0.373,0.11011154461917343,0.04716434722194507,0.10165150595291257,0.46398080165966976,0.02407107672542943
15.51305079140072,0.00020130507914,aliased_contact_binary,false_positive,0.6588344332966936,0.8884926181154255,,,,SIM-FP-0383,0.0363133733392441,V,0.0551941288766564,101,0.890325271059216,0.16,0.566,0.009700447029340503,0.004949351306678729,0.039231345594673415,0.12615808180055696,0.037314449740358815
12.82598679484379,6.0649669871094726e-05,grazing_EB,false_positive,0.2353368691076987,3.1282861951122136,,,,SIM-FP-0384,0.0880068850756763,V,0.146669413512311,15,6.257297748123436,0.09,0.23099999999999998,0.09847459257221652,0.055045321906230016,0.12495926521424597,0.44050612663137345,0.07637041845935515
13.36705469048332,7.4176367262083e-05,background_EB,false_positive,2.5746230674265544,5.562765705141385,,,,SIM-FP-0385,0.1377781452314833,U_diluted,0.2285378555698392,32,2.7768974145120935,0.23,2.6430000000000002,0.23695508916723598,0.03588592199802065,0.05445048028696996,0.659056115003786,0.4883335813454776
15.638690649863277,0.0002138690649863,secondary_eclipse,false_positive,2.9774466944556277,4.0154718559772125,,,,SIM-FP-0386,0.0650439097692454,U,0.0890809843305067,22,4.012927439532945,0.09,3.001,0.08262190036386204,0.041062893613523554,0.10215696928752524,0.40195880809610013,0.005782376855392329
11.031898021929363,3.031898021929365e-05,aliased_contact_binary,false_positive,0.672793653189439,0.924594561384354,,,,SIM-FP-0387,0.0352865764893577,V,0.0368661368267732,48,1.8498748957464555,0.02,1.582,0.007697216151368042,0.017908582848465304,0.14512973002993387,0.12339706581671138,0.007179862337180934
12.94482778632883,6.362069465822073e-05,grazing_EB,false_positive,2.853237568276408,3.2561552868687387,,,,SIM-FP-0388,0.0782549114678709,V,0.1218671402147734,14,6.517514595496247,0.09,2.821,0.04673237252649612,0.038517105054683864,0.12689803983358025,0.3035279749411174,0.0631872497494601
13.5044981263394,7.761245315848498e-05,background_EB,false_positive,4.001359704082558,5.421966380708609,,,,SIM-FP-0389,0.158631419838589,U_diluted,0.322502710057021,33,2.711843202668891,0.3,1.278,0.5246949584627127,0.04651548720976384,0.048132085640083755,0.9664132894134628,0.48748614058977924
12.090120131874173,4.225300329685432e-05,secondary_eclipse,false_positive,0.8480988175129127,4.029644739378723,,,,SIM-FP-0390,0.0547730749575648,U,0.1960968168232681,23,4.029190992493746,0.16,0.854,0.14735392943955658,0.04035121082200288,0.07590375700116574,0.5316101918562893,0.00031939773692050223
11.411769459943365,3.411769459943365e-05,aliased_contact_binary,false_positive,0.7009414257882625,0.9284105945549878,,,,SIM-FP-0391,0.0457842035316701,V,0.0619012922796014,39,2.321517931609675,0.02,1.622,0.01183594504432881,0.024636792419769793,0.16084109733824475,0.15317473473809523,0.8802732515011478
11.206262097561442,3.206262097561442e-05,grazing_EB,false_positive,1.961658739542975,3.204208524426692,,,,SIM-FP-0392,0.0830250255174844,V,0.2165554819789795,28,3.199749791492911,0.16,2.018,0.16613876198101032,0.0388632523297463,0.06916773094296086,0.5618697013755571,0.0051672614166305905
12.235219615118211,4.588049037795528e-05,background_EB,false_positive,5.38822202859366,5.554955316240365,,,,SIM-FP-0393,0.1516174915303003,U_diluted,0.2114139750567429,32,2.7768974145120935,0.16,2.616,0.37753622234650747,0.05430931538034778,0.06439751385350899,0.8433449077535854,0.5017952441191168
12.119754862462012,4.2993871561550334e-05,secondary_eclipse,false_positive,0.4053091835178717,4.234022244560574,,,,SIM-FP-0394,0.0683395799570739,U,0.0923314179592827,11,8.469140950792328,0.09,0.40099999999999997,0.05992134453116424,0.04996721614017041,0.14512973002993387,0.34429345475847284,0.03212460778920544
12.653383923239456,5.633459808098641e-05,aliased_contact_binary,false_positive,0.6586692000207832,0.9030683330094506,,,,SIM-FP-0395,0.0370557317405443,V,0.0247281659613872,8,11.738115095913262,0.02,3.3699999999999997,0.0047502935584642384,0.034461186712242964,0.35387458383743353,0.0973824860167807,0.0007119406871091826
12.917245030913149,6.293112577282867e-05,grazing_EB,false_positive,1.1470184789866198,3.2730683789870385,,,,SIM-FP-0396,0.0950602496569507,V,0.1023098828925204,55,1.6384487072560467,0.09,1.095,0.10007400813323958,0.02840859821757158,0.06536501288169888,0.4346147421249192,0.5891210039731801
15.846358497535055,0.0002346358497535,background_EB,false_positive,4.501118257483144,5.684126180659595,,,,SIM-FP-0397,0.1589309450112316,U_diluted,0.1835808313087321,32,2.8419516263552964,0.16,1.6600000000000001,0.3888915768422586,0.055555747551893186,0.0648753579029346,0.8563459123418594,0.4962928618214379
13.354367787852109,7.385919469630273e-05,secondary_eclipse,false_positive,2.7575993709576,4.0452757769610175,,,,SIM-FP-0398,0.0546779005871737,U,0.0939144191604103,22,4.045454545454546,0.09,2.757,0.08056775898608036,0.0407577097851376,0.10267029412986078,0.3969766535740698,0.01210077845886024
14.670264578063282,0.0001302158746837,aliased_contact_binary,false_positive,0.8467200509788162,0.9154471092296316,,,,SIM-FP-0399,0.0407500152810494,V,0.0604634632093164,33,2.7443703085904922,0.09,1.795,0.011386966806449895,0.012532422396466125,0.0844456825428211,0.14840808930771715,0.0992463936098832
11.47162291749926,3.4716229174992606e-05,,no_signal,,,,,,SIM-NS-0000,,,,9,9.461217681401168,0.02,5.556,1.7781220647429193e-08,6.286002200217577e-05,0.3336740682737929,0.00018838749540044152,0.4772809386962065
15.46437595721068,0.000196437595721,,no_signal,,,,,,SIM-NS-0001,,,,127,0.7114261884904087,0.3,0.194,5.660954635774517e-07,2.4638849063784996e-05,0.0304840087668421,0.0008082548870864067,0.5331008203222848
14.059523450564566,9.357140703387392e-05,,no_signal,,,,,,SIM-NS-0002,,,,21,4.321934945788158,0.3,2.91,4.795687940392842e-07,5.58039700933044e-05,0.05908126785948066,0.00094452898719149,0.1745404396120749
14.125737343031798,9.754424058190786e-05,,no_signal,,,,,,SIM-NS-0003,,,,98,0.9228523769808175,0.3,0.528,1.2544870535423134e-07,1.3199784581141571e-05,0.03211320890918748,0.0004110391028959164,0.07075427383693346
10.013844974756998,2.0138449747569976e-05,,no_signal,,,,,,SIM-NS-0004,,,,5,17.99958298582152,0.02,11.416,5.898177764965652e-09,4.857232860355776e-05,0.4474673913296483,0.00010854942627042654,0.2821959409634014
11.505144021468352,3.505144021468352e-05,,no_signal,,,,,,SIM-NS-0005,,,,6,15.657631359466222,0.02,1.53,1.4635429308265446e-08,6.984609105820105e-05,0.40852635721681824,0.00017097083168401655,0.28657043508705266
12.274906090124182,4.6872652253104535e-05,,no_signal,,,,,,SIM-NS-0006,,,,13,6.8427856547122605,0.02,4.938,3.2589468049061986e-08,7.080793963398779e-05,0.2777598899227884,0.00025492499890344484,0.28177967715443325
15.86588166147931,0.0002365881661479,,no_signal,,,,,,SIM-NS-0007,,,,9,9.75396163469558,0.02,3.772,6.860765582144967e-07,0.000414148692565397,0.35387458383743353,0.001170326187527649,0.39600569156894705
11.27673989036658,3.2767398903665816e-05,,no_signal,,,,,,SIM-NS-0008,,,,10,8.76188490408674,0.3,6.406000000000001,1.245298258012995e-07,4.102237784231466e-05,0.0836148518507403,0.0004906111406564845,0.16415051966406866
12.048334230026516,4.1208355750662885e-05,,no_signal,,,,,,SIM-NS-0009,,,,50,1.8010842368640536,0.3,1.054,1.261962618799297e-06,5.8599589485952563e-05,0.040407018259214826,0.0014502329548305366,0.7629147673384329
12.882279779446243,6.205699448615608e-05,,no_signal,,,,,,SIM-NS-0010,,,,26,3.4274395329441205,0.3,2.11,4.811712860187812e-08,1.5830667857263947e-05,0.053409866800391954,0.000296399688028201,0.005885633966795308
15.655431108800268,0.00021554311088,,no_signal,,,,,,SIM-NS-0011,,,,69,1.2969140950792326,0.3,1.028,1.5706193210698774e-05,0.0001760076272030453,0.03578748529724224,0.004918133412872358,0.24169090243395858
14.3750034308008,0.000112500205848,,no_signal,,,,,,SIM-NS-0012,,,,31,2.9232693911592995,0.3,0.926,2.7644257535977177e-07,3.4858746382759875e-05,0.04950465276056719,0.0007041509118618952,0.42752501946953736
11.170286828818623,3.1702868288186254e-05,,no_signal,,,,,,SIM-NS-0013,,,,12,7.477064220183487,0.3,0.576,1.0653722621912187e-06,0.00010971829682204781,0.07672035199446454,0.0014301067965637607,0.21847429904836022
14.183828959786704,0.0001010297375872,,no_signal,,,,,,SIM-NS-0014,,,,10,8.631776480400335,0.3,6.496,5.606957051177693e-07,8.73413590162242e-05,0.08388893083583122,0.0010411547524327052,0.06178713755805119
14.581331758416184,0.0001248799055049,,no_signal,,,,,,SIM-NS-0015,,,,101,0.890325271059216,0.3,0.41000000000000003,1.9313822515643795e-07,1.6133632696258005e-05,0.03187059442997094,0.0005062231497347292,0.0071620607727205686
11.734695957003591,3.734695957003591e-05,,no_signal,,,,,,SIM-NS-0016,,,,55,1.6221851542952461,0.3,1.438,7.500304388004389e-07,4.303402153382763e-05,0.03888988121537013,0.001106560889078253,0.2563421763538748
12.089812709484011,4.224531773710028e-05,,no_signal,,,,,,SIM-NS-0017,,,,71,1.2643869891576314,0.3,0.586,2.3270664156420723e-05,0.00021134186111138042,0.035449868762420685,0.0059617106773443805,0.5785702397770818
13.307822067230164,7.26955516807541e-05,,no_signal,,,,,,SIM-NS-0018,,,,8,12.502502085070894,0.02,0.512,6.30191100959251e-08,0.00012551803664784256,0.35387458383743353,0.0003546963878748192,0.34052316044297143
15.416157963477229,0.0001916157963477,,no_signal,,,,,,SIM-NS-0019,,,,13,7.119266055045872,0.02,1.444,4.5209929011106396e-07,0.00026373042475236197,0.2777598899227884,0.0009494906727737891,0.17560615322154702
12.40427493152973,5.010687328824327e-05,,no_signal,,,,,,SIM-NS-0020,,,,6,15.446205170975814,0.02,3.428,3.0741163368541805e-08,0.00010122773560738985,0.40852635721681824,0.0002477875266042259,0.19631023779596865
15.587564722727862,0.0002087564722727,,no_signal,,,,,,SIM-NS-0021,,,,6,16.064220183486242,0.02,6.474,5.133247061871306e-07,0.00041365231220891197,0.40852635721681824,0.001012547427850226,0.49615344519274873
14.984722940071215,0.0001490833764042,,no_signal,,,,,,SIM-NS-0022,,,,6,14.11259382819016,0.02,8.078,3.1161965405608935e-07,0.00032229368287117754,0.40852635721681824,0.0007889177214094066,0.8321755552113334
14.81771043917004,0.0001390626263502,,no_signal,,,,,,SIM-NS-0023,,,,24,3.752710592160134,0.3,1.8499999999999999,5.953828776222599e-07,5.8162335400346876e-05,0.05556434687178187,0.001046756394609659,0.2677073830759241
14.91726337676928,0.0001450358026061,,no_signal,,,,,,SIM-NS-0024,,,,21,4.012927439532945,0.02,2.052,2.554854365736005e-07,0.00015598700695973466,0.21873943831900167,0.0007131178911241825,0.524777838008744
10.87665796313994,2.876657963139941e-05,,no_signal,,,,,,SIM-NS-0025,,,,12,7.525854879065889,0.02,5.46,9.92270935259335e-09,4.2475039413680804e-05,0.3018881696740157,0.0001406979261875221,0.6651376960805189
11.417568986376384,3.417568986376382e-05,,no_signal,,,,,,SIM-NS-0026,,,,35,2.5492076730608844,0.3,1.044,1.3238009541956271e-05,0.00022673717338372867,0.046888729076043835,0.004835643401978497,0.15357829180041777
14.406903489497642,0.0001144142093698,,no_signal,,,,,,SIM-NS-0027,,,,5,17.5442035029191,0.02,11.976,1.667727500478763e-07,0.00028876699088353774,0.5002269632436452,0.0005772719427418953,0.34012786898262537
13.001446832216525,6.503617080541306e-05,,no_signal,,,,,,SIM-NS-0028,,,,127,0.7114261884904087,0.3,0.32999999999999996,5.5470958614205236e-08,7.721019456119471e-06,0.03049278916963696,0.00025320804250362366,0.3575788294892818
12.162708137809112,4.40677034452278e-05,,no_signal,,,,,,SIM-NS-0029,,,,6,17.592994161801503,0.02,1.474,2.570470722914154e-08,9.256476512731204e-05,0.40852635721681824,0.00022658211273791793,0.08569880142580172
14.7564729095355,0.0001353883745721,,no_signal,,,,,,SIM-NS-0030,,,,10,9.103419516263553,0.02,5.986,2.6329661780412495e-07,0.00022947619388691276,0.31658699340293067,0.0007248440355060666,0.00803836177480998
12.662061156534858,5.655152891337144e-05,,no_signal,,,,,,SIM-NS-0031,,,,6,13.13678065054212,0.02,12.49,3.776221357003416e-08,0.00012290193419128848,0.4474673913296483,0.00027466120788396595,0.3168363478117093
14.439013373475149,0.0001163408024085,,no_signal,,,,,,SIM-NS-0032,,,,180,0.5,0.3,0.22999999999999998,2.384031207562317e-07,1.35385873948346e-05,0.030740287208883953,0.00044041837679779206,0.5027982056996082
10.36091725869132,2.36091725869132e-05,,no_signal,,,,,,SIM-NS-0033,,,,58,1.5571309424520434,0.3,0.162,7.986816939879495e-06,0.00013684450010731375,0.03812542184290776,0.003589324222330411,0.47612910981835177
14.577428757917676,0.000124645725475,,no_signal,,,,,,SIM-NS-0034,,,,8,11.640533778148457,0.02,4.538,1.9431810277298046e-07,0.0002204076352878559,0.35387458383743353,0.0006228411006457276,0.10779318614593895
10.917092151012405,2.9170921510124027e-05,,no_signal,,,,,,SIM-NS-0035,,,,5,16.259382819015848,0.02,8.862,1.0991356541412093e-08,6.630642967719869e-05,0.4474673913296483,0.00014818159035045949,0.09668729572556249
12.237315430192812,4.5932885754820286e-05,,no_signal,,,,,,SIM-NS-0036,,,,147,0.6138448707256047,0.3,0.42000000000000004,2.5595926406859914e-08,4.87616518496381e-06,0.030128567760132882,0.00016184523684581226,0.0448411438763818
14.38607640924787,0.0001131645845548,,no_signal,,,,,,SIM-NS-0037,,,,10,8.843202668890743,0.02,1.6460000000000001,1.7728517884315992e-07,0.00018830038706452168,0.31658699340293067,0.0005947824483896771,0.4032908691991568
13.759819935054749,8.399549837636867e-05,,no_signal,,,,,,SIM-NS-0038,,,,11,8.79441201000834,0.3,1.478,3.8591344648052835e-07,6.94544316870438e-05,0.08053166764694861,0.0008624486952329425,0.37158771750221264
12.835613908134338,6.089034770335845e-05,,no_signal,,,,,,SIM-NS-0039,,,,5,17.641784820683906,0.02,7.668,4.817426114744417e-08,0.0001388153610337728,0.4474673913296483,0.0003102245297054681,0.26234445700459913
14.795807402050093,0.000137748444123,,no_signal,,,,,,SIM-NS-0040,,,,10,8.729357798165138,0.02,7.002,2.228399727872841e-07,0.0002111113321388025,0.31658699340293067,0.0006668351402235725,0.13251121267440336
10.135595443320506,2.1355954433205054e-05,,no_signal,,,,,,SIM-NS-0041,,,,9,10.746038365304422,0.02,2.468,5.427599621321232e-09,3.472942915139221e-05,0.3336740682737929,0.00010408189443986197,0.18878805820504432
10.594548084192953,2.594548084192951e-05,,no_signal,,,,,,SIM-NS-0042,,,,8,11.526688907422853,0.02,6.486,9.353273738151046e-09,4.8356162322349405e-05,0.35387458383743353,0.00013664774055817397,0.3827480484960542
10.10037073943326,2.1003707394332596e-05,,no_signal,,,,,,SIM-NS-0043,,,,45,1.9799833194328609,0.3,1.052,5.39940343797932e-09,4.035813818470402e-06,0.042133680598604055,9.578593090213233e-05,0.10337096635220164
13.82392655083839,8.559816377095975e-05,,no_signal,,,,,,SIM-NS-0044,,,,7,10.924937447873228,0.02,6.176,8.480696528443191e-08,0.00015566168928093926,0.37826487059409347,0.00041151505567107213,0.3343954692253008
12.881516534106122,6.203791335265306e-05,,no_signal,,,,,,SIM-NS-0045,,,,6,14.698081734778984,0.02,5.626,4.711815022890503e-08,0.0001253237809686336,0.40852635721681824,0.0003067703680673906,0.07370384236299844
10.289088202317098,2.2890882023170975e-05,,no_signal,,,,,,SIM-NS-0046,,,,105,0.8577981651376148,0.3,0.164,8.92739007661065e-09,3.4061043084898657e-06,0.0315943766412042,0.00010780729580996866,0.23679747558285827
14.75368736867978,0.0001352212421207,,no_signal,,,,,,SIM-NS-0047,,,,102,0.890325271059216,0.3,0.16999999999999998,2.1210983194674138e-07,1.688472268468466e-05,0.03184951367818143,0.0005301406751542198,0.3965406039967158
13.241249380347307,7.103123450868273e-05,,no_signal,,,,,,SIM-NS-0048,,,,32,2.809424520433695,0.02,1.964,7.053078661692738e-08,6.74564550666723e-05,0.18024006024579595,0.00037425894651100855,0.2850180300672745
15.712809674456416,0.0002212809674456,,no_signal,,,,,,SIM-NS-0049,,,,6,14.161384487072562,0.02,9.23,6.253688470112994e-07,0.00045657012860822466,0.40852635721681824,0.0011176026235338054,0.05819099486451194
12.779785630715224,5.9494640767880606e-05,,no_signal,,,,,,SIM-NS-0050,,,,151,0.597581317764804,0.3,0.16999999999999998,5.5003762867183865e-08,7.042557920722281e-06,0.030120910088841976,0.00023380959937631943,0.2327937039715069
15.975932299401522,0.0002475932299401,,no_signal,,,,,,SIM-NS-0051,,,,7,13.13678065054212,0.02,1.314,1.0091967557719056e-06,0.0005369747947722159,0.37826487059409347,0.0014195735224602182,0.18902891001077135
13.381657635385968,7.454144088464916e-05,,no_signal,,,,,,SIM-NS-0052,,,,49,1.8173477898248542,0.3,1.506,8.6281603619288e-07,4.855327861130743e-05,0.04047321405841912,0.001199639804766321,0.5871171775499984
11.70360220554786,3.7036022055478594e-05,,no_signal,,,,,,SIM-NS-0053,,,,20,4.484570475396164,0.02,1.578,1.6435370702642325e-08,4.1593737765910355e-05,0.2299116555987761,0.0001809118274477415,0.023087747140838544
11.760637126049,3.760637126049e-05,,no_signal,,,,,,SIM-NS-0054,,,,57,1.5896580483736449,0.3,0.43400000000000005,2.2270897469867177e-06,7.290576103990976e-05,0.03838425492916141,0.0018993663202388114,0.41819021465170075
14.357438875840792,0.0001114463325504,,no_signal,,,,,,SIM-NS-0055,,,,54,1.6547122602168476,0.09,1.581,1.6735584938776842e-07,3.758038915213646e-05,0.06677651140493751,0.0005627785633221584,0.06718953059414877
15.465501848092604,0.0001965501848092,,no_signal,,,,,,SIM-NS-0056,,,,6,13.722268557130944,0.02,10.76,4.635866633524592e-07,0.0003931016252627373,0.40852635721681824,0.0009622429944075932,0.0648937606158498
13.237204228499866,7.093010571249665e-05,,no_signal,,,,,,SIM-NS-0057,,,,6,16.259382819015848,0.02,5.774,6.110369036512982e-08,0.00014271614060223925,0.40852635721681824,0.0003493437769218282,0.15164410313427212
11.828714249416027,3.828714249416027e-05,,no_signal,,,,,,SIM-NS-0058,,,,4,17.30025020850709,0.02,13.424,1.4507249810935677e-08,8.516821534754193e-05,0.5002269632436452,0.00017025914555921108,0.1451473097329255
11.127272601984018,3.127272601984017e-05,,no_signal,,,,,,SIM-NS-0059,,,,21,4.321934945788158,0.09,2.037,1.1960448015562477e-08,1.6124817501905753e-05,0.10536226820646862,0.0001530416701955149,0.19701081813805338
14.094649334709397,9.567896008256368e-05,,no_signal,,,,,,SIM-NS-0060,,,,5,14.486655546288576,0.02,14.016,9.985529185914729e-08,0.00019985523947019246,0.4474673913296483,0.0004466364328277041,0.444253903294423
15.531951349924023,0.0002031951349924,,no_signal,,,,,,SIM-NS-0061,,,,5,19.154295246038366,0.09,0.879,5.505654710722991e-07,0.00022898647726188326,0.21873943831900167,0.0010468458684068562,0.7239899218482104
10.775068598249309,2.775068598249309e-05,,no_signal,,,,,,SIM-NS-0062,,,,11,8.810675562969141,0.3,1.056,8.888183552078819e-08,3.322833399987957e-05,0.08029062847334954,0.00041385071497987934,0.07549819827923654
15.939167732261398,0.0002439167732261,,no_signal,,,,,,SIM-NS-0063,,,,7,12.811509591326105,0.02,4.024,8.041968331297099e-07,0.0004793438470985789,0.37826487059409347,0.0012672174562383582,0.20314638211121286
14.054487888269872,9.326927329619232e-05,,no_signal,,,,,,SIM-NS-0064,,,,77,1.1668056713928274,0.02,0.436,1.0317517257676469e-07,5.280642174743111e-05,0.11723563460403424,0.0004504297854981199,0.3734984173373013
10.006510811545503,2.006510811545505e-05,,no_signal,,,,,,SIM-NS-0065,,,,64,1.4107589658048374,0.3,0.9780000000000001,2.4884398399107183e-05,0.0002298545575362132,0.03674241322650532,0.006255837255959013,0.4209759380289346
13.304337564635764,7.26084391158941e-05,,no_signal,,,,,,SIM-NS-0066,,,,24,3.6226021684737284,0.3,3.338,1.1352966706975272e-07,2.5397931540327434e-05,0.05556434687178187,0.00045709043604768207,0.18933221774246808
11.242615057152388,3.242615057152388e-05,,no_signal,,,,,,SIM-NS-0067,,,,8,11.884487072560468,0.02,5.6,1.2639722664127263e-08,5.6213260589021985e-05,0.35387458383743353,0.00015885079956701778,0.21335181545814144
12.84601507989592,6.115037699739796e-05,,no_signal,,,,,,SIM-NS-0068,,,,105,0.8577981651376148,0.3,0.672,5.00783207979728e-08,8.046272191863935e-06,0.03155659076804181,0.0002549791341849451,0.26837381281002415
13.598971158124046,7.997427895310114e-05,,no_signal,,,,,,SIM-NS-0069,,,,7,12.974145120934113,0.02,0.872,8.027013540237717e-08,0.00015144082805107484,0.37826487059409347,0.00040035657504548496,0.26387125260915995
13.630149385761364,8.075373464403409e-05,,no_signal,,,,,,SIM-NS-0070,,,,21,4.338198498748958,0.02,0.39,8.872611385684499e-08,9.192445856054388e-05,0.21873943831900167,0.0004202463866003193,0.6506416207531316
14.348460550429728,0.0001109076330257,,no_signal,,,,,,SIM-NS-0071,,,,6,16.09674728940784,0.02,7.998,1.676544878411105e-07,0.00023639972352018646,0.40852635721681824,0.0005786645569963101,0.8404641858860468
12.263281110013464,4.658202775033661e-05,,no_signal,,,,,,SIM-NS-0072,,,,8,11.282735613010843,0.02,2.924,2.8063048542872115e-08,8.376014646449548e-05,0.35387458383743353,0.00023669444003634365,0.21396352871415797
15.15859705863252,0.0001658597058632,,no_signal,,,,,,SIM-NS-0073,,,,7,13.250625521267724,0.02,5.992,3.903517611929608e-07,0.00039514643422045026,0.4474673913296483,0.0008830731398019274,0.05330879464185882
10.64141647568254,2.64141647568254e-05,,no_signal,,,,,,SIM-NS-0074,,,,15,6.143452877397832,0.02,0.40800000000000003,9.487865592098622e-09,3.6815884755347916e-05,0.26768657552093117,0.00013753354901605507,0.2034947597548687
11.581927516726145,3.581927516726145e-05,,no_signal,,,,,,SIM-NS-0075,,,,72,1.2643869891576314,0.23,0.195,1.7681345729781272e-08,6.619663122320318e-06,0.038945871610002146,0.0001699708556688264,0.07331909414803575
12.452814983266888,5.132037458167221e-05,,no_signal,,,,,,SIM-NS-0076,,,,7,12.518765638031693,0.02,11.492,2.8760297084194393e-08,9.064892574284222e-05,0.37826487059409347,0.00023964405047836258,0.2305753642394688
13.6933896144352,8.233474036088003e-05,,no_signal,,,,,,SIM-NS-0077,,,,14,6.468723936613846,0.02,3.702,8.381757988994259e-08,0.0001135562076274299,0.2777598899227884,0.00040882867450370974,0.5743609312632189
15.82637059181434,0.0002326370591814,,no_signal,,,,,,SIM-NS-0078,,,,36,2.500417014178482,0.02,1.81,7.288227624653851e-07,0.0002012216525882904,0.16735128844419972,0.00120239081789552,0.1646223829847093
11.17292899682034,3.172928996820339e-05,,no_signal,,,,,,SIM-NS-0079,,,,180,0.5,0.3,0.262,2.992115416730638e-08,4.75474464622927e-06,0.030746106467712468,0.00015464542319276715,0.4442990929673457
11.57336335252961,3.57336335252961e-05,,no_signal,,,,,,SIM-NS-0080,,,,18,4.907422852376981,0.02,4.132,1.602779638340349e-08,4.22003111932856e-05,0.23618487274102273,0.00017867491132490243,0.32296281248007475
10.834815683015767,2.8348156830157676e-05,,no_signal,,,,,,SIM-NS-0081,,,,5,19.642201834862387,0.09,0.7290000000000001,1.2081463423059259e-08,3.2412374747825545e-05,0.20906041960538538,0.00015503831289062717,0.2955963361688907
14.80616090725388,0.0001383696544352,,no_signal,,,,,,SIM-NS-0082,,,,98,0.9228523769808175,0.3,0.54,3.0296437348418615e-07,2.0520142936408803e-05,0.03211895654223386,0.0006388795012511212,0.21505663132855024
14.234012753039512,0.0001040407651823,,no_signal,,,,,,SIM-NS-0083,,,,105,0.8577981651376148,0.3,0.356,1.5259808924671588e-07,1.4082191171271852e-05,0.0315943766412042,0.0004457182786415981,0.08550644487568897
12.49283647596472,5.232091189911797e-05,,no_signal,,,,,,SIM-NS-0084,,,,4,17.967055879899917,0.02,8.422,3.150621620435254e-08,0.00012551138634486758,0.5002269632436452,0.0002509088785038859,0.7025860116767135
14.974663682245836,0.0001484798209347,,no_signal,,,,,,SIM-NS-0085,,,,27,3.3298582151793163,0.02,1.364,2.6394244320422005e-07,0.0001398259349663089,0.1930420765935004,0.0007243287962590057,0.12216425981270781
13.532265804753392,7.830664511883484e-05,,no_signal,,,,,,SIM-NS-0086,,,,84,1.0692243536280235,0.3,0.76,8.261122730744368e-08,1.1566475870528059e-05,0.03353768716778103,0.00034487994991019345,0.08655755045965431
12.502671558215503,5.2566788955387584e-05,,no_signal,,,,,,SIM-NS-0087,,,,9,10.567139282735614,0.02,4.6979999999999995,3.776202312614443e-08,9.16054621442619e-05,0.3336740682737929,0.0002745357546607307,0.13566019623198106
13.538145779957905,7.845364449894761e-05,,no_signal,,,,,,SIM-NS-0088,,,,7,11.884487072560468,0.02,7.662,9.129462901989907e-08,0.00016150597425479418,0.37826487059409347,0.00042696530079871516,0.04909346353299107
10.029060236915369,2.0290602369153683e-05,,no_signal,,,,,,SIM-NS-0089,,,,21,3.9641367806505423,0.02,3.6159999999999997,5.029440414068848e-09,2.188593898255764e-05,0.21873943831900167,0.00010005483762210261,0.4118435611718276
10.079427527673351,2.079427527673351e-05,,no_signal,,,,,,SIM-NS-0090,,,,22,4.029190992493746,0.09,2.461,5.347342985948728e-09,1.0500214024267152e-05,0.10267029412986078,0.00010227119843434103,0.1771460490155762
14.605579212225445,0.0001263347527335,,no_signal,,,,,,SIM-NS-0091,,,,4,18.454962468723938,0.02,16.39,1.9863303029378912e-07,0.0003151452286596079,0.5002269632436452,0.0006300044815979068,0.6124599431147753
15.169412732605526,0.0001669412732605,,no_signal,,,,,,SIM-NS-0092,,,,11,7.525854879065889,0.02,7.248,3.656939939324934e-07,0.0002578561945708602,0.3018881696740157,0.0008541447478690468,0.3671144436084097
10.095287715815164,2.0952877158151644e-05,,no_signal,,,,,,SIM-NS-0093,,,,9,9.217264386989159,0.3,7.960000000000001,9.936510694569007e-08,3.865504022138033e-05,0.08804919316065155,0.00043901640473697096,0.02182714832808594
11.756951982714885,3.756951982714884e-05,,no_signal,,,,,,SIM-NS-0094,,,,109,0.8252710592160134,0.3,0.394,2.1838266136071785e-08,5.22310082073929e-06,0.031316688444238294,0.00016678330564993843,0.00498710845939771
13.090052094402235,6.725130236005588e-05,,no_signal,,,,,,SIM-NS-0095,,,,5,17.430358632193496,0.02,13.246,6.708427657870043e-08,0.00016380998330811636,0.4474673913296483,0.00036608250451805076,0.1603637727871152
11.72841867083185,3.72841867083185e-05,,no_signal,,,,,,SIM-NS-0096,,,,4,18.389908256880737,0.02,6.79,1.571572308040244e-08,8.864457986934582e-05,0.5002269632436452,0.00017720872000690166,0.19559800457896478
12.59957601904702,5.498940047617552e-05,,no_signal,,,,,,SIM-NS-0097,,,,3,19.67472894078399,0.02,13.118,3.632744441275375e-08,0.0001556222872058921,0.577546791667385,0.0002694539896180681,0.1362820573229455
14.70511080475614,0.0001323066482853,,no_signal,,,,,,SIM-NS-0098,,,,11,7.932443703085905,0.16,6.458,2.231299216533228e-07,7.245768284713794e-05,0.1095261303406809,0.000661556129315976,0.36877001149141697
10.787761497070337,2.7877614970703343e-05,,no_signal,,,,,,SIM-NS-0099,,,,55,1.6384487072560467,0.3,0.768,1.0392491942881418e-05,0.00016138880296190372,0.03911603801480309,0.004125898509987839,0.34951556215550605
11.451952706554206,3.4519527065542055e-05,,no_signal,,,,,,SIM-NS-0100,,,,5,16.422018348623855,0.02,8.518,1.5178452384725886e-08,7.791906669019077e-05,0.4474673913296483,0.00017413350827342848,0.0693024452257627
11.91839848858492,3.91839848858492e-05,,no_signal,,,,,,SIM-NS-0101,,,,8,12.339866555462887,0.09,3.169,1.943413993402961e-08,3.332449972526241e-05,0.16970578144789994,0.00019636631964417258,0.6207953099808323
12.137186803771376,4.342967009428436e-05,,no_signal,,,,,,SIM-NS-0102,,,,12,7.525854879065889,0.02,3.92,2.4003176700831037e-08,6.324973873605977e-05,0.28906878268849695,0.00021880515131313311,0.06116670920128502
12.49244716288968,5.231117907224197e-05,,no_signal,,,,,,SIM-NS-0103,,,,5,17.902001668056716,0.09,7.003,3.989735811476193e-08,6.022484998657873e-05,0.21373462905959142,0.0002817739467467736,0.05824225479923252
10.7565020065145,2.7565020065144985e-05,,no_signal,,,,,,SIM-NS-0104,,,,5,16.617180984153464,0.02,15.488,1.1235226129278215e-08,7.495073758567727e-05,0.5002269632436452,0.00014983346179436367,0.053714987804413174
11.598041815761952,3.5980418157619524e-05,,no_signal,,,,,,SIM-NS-0105,,,,5,19.28440366972477,0.02,4.356,1.8383923469565965e-08,8.575295556323415e-05,0.4474673913296483,0.0001916406809184898,0.10497877803529262
10.49697773986783,2.4969777398678303e-05,,no_signal,,,,,,SIM-NS-0106,,,,12,7.4120100083402845,0.23,3.3890000000000002,9.363182348716383e-09,1.1865906394681325e-05,0.08804919316065155,0.00013476451025543412,0.012604325967139585
12.725084431123976,5.81271107780994e-05,,no_signal,,,,,,SIM-NS-0107,,,,10,9.73769808173478,0.09,0.9990000000000001,4.2598137134133414e-08,4.451189396004196e-05,0.15324769673770738,0.0002904571808098802,0.5950815130971923
12.957442056042105,6.393605140105257e-05,,no_signal,,,,,,SIM-NS-0108,,,,5,15.299833194328608,0.02,13.64,4.892511410388442e-08,0.00013989297924321686,0.4474673913296483,0.00031263279057614727,0.4367617583615725
13.187753874567711,6.969384686419277e-05,,no_signal,,,,,,SIM-NS-0109,,,,12,7.769808173477899,0.3,2.184,3.920615110337802e-07,6.655879784822627e-05,0.07672035199446454,0.000867550736120561,0.11505669204044776
13.05648102766954,6.641202569173853e-05,,no_signal,,,,,,SIM-NS-0110,,,,7,14.177648040033363,0.02,1.604,6.318224709759884e-08,0.00013435799417704786,0.37826487059409347,0.00035519553789393267,0.07145769427468737
13.48929179230164,7.723229480754098e-05,,no_signal,,,,,,SIM-NS-0111,,,,6,16.53586321934946,0.02,0.24200000000000002,7.323324100414815e-08,0.00015624045677964382,0.40852635721681824,0.00038244890205877687,0.39389153488001044
11.79339504880787,3.79339504880787e-05,,no_signal,,,,,,SIM-NS-0112,,,,5,19.577147623019183,0.02,3.816,1.7458561597897208e-08,8.356688721711247e-05,0.4474673913296483,0.00018675525599484168,0.4177656593924421
12.15432505615321,4.385812640383025e-05,,no_signal,,,,,,SIM-NS-0113,,,,4,19.9512093411176,0.02,15.304,2.310689219344304e-08,0.00010748695779816408,0.5002269632436452,0.00021487637751708014,0.61388636404863
12.871942467394955,6.179856168487393e-05,,no_signal,,,,,,SIM-NS-0114,,,,6,15.283569641367809,0.09,9.357,4.771334802287557e-08,6.058265048847211e-05,0.19669695649348384,0.0003079999384254788,0.15004431755847403
14.994554324340411,0.0001496732594604,,no_signal,,,,,,SIM-NS-0115,,,,7,12.762718932443704,0.02,11.788,2.4568883516962415e-07,0.00026494680607336285,0.37826487059409347,0.0007004266763055314,0.26356647973366204
12.554568484733498,5.386421211833743e-05,,no_signal,,,,,,SIM-NS-0116,,,,81,1.1180150125104253,0.3,0.206,3.25456863565099e-08,7.398961847870922e-06,0.033935260414482346,0.00021803168024941137,0.2817482801712859
14.94136736330796,0.0001464820417984,,no_signal,,,,,,SIM-NS-0117,,,,5,15.57631359466222,0.09,15.309000000000001,2.714122406158401e-07,0.00016077557283555866,0.21873943831900167,0.000735009534956789,0.3550686747998005
15.671221556433643,0.0002171221556433,,no_signal,,,,,,SIM-NS-0118,,,,68,1.329441201000834,0.3,1.192,1.2618895048586406e-05,0.0001613179857027358,0.036156389492900065,0.004461672970261962,0.5989184835184376
13.71946144589602,8.298653614740052e-05,,no_signal,,,,,,SIM-NS-0119,,,,7,11.770642201834864,0.02,9.964,8.25775462864025e-08,0.0001536020333631205,0.37826487059409347,0.0004060700458963502,0.2041827718509024
14.826814073488729,0.0001396088444093,,no_signal,,,,,,SIM-NS-0120,,,,11,7.899916597164304,0.3,5.640000000000001,6.059924769086652e-07,8.596599419208317e-05,0.07958097910880463,0.0010802329294610567,0.09123274543872298
14.917488700405269,0.0001450493220243,,no_signal,,,,,,SIM-NS-0121,,,,7,12.600083402835697,0.09,9.519,3.391030571611763e-07,0.00014791084000509436,0.18024006024579595,0.0008206324376688858,0.12365494745466418
11.898233164770303,3.898233164770305e-05,,no_signal,,,,,,SIM-NS-0122,,,,5,16.27564637197665,0.02,2.81,1.8787798798439843e-08,8.668978901438251e-05,0.4474673913296483,0.00019373431605101773,0.2840790074072594
10.541566899090329,2.541566899090327e-05,,no_signal,,,,,,SIM-NS-0123,,,,9,10.583402835696415,0.3,2.094,5.016032385219491e-08,2.7568186499293823e-05,0.08837175069106992,0.0003119570030435034,0.08935081464233649
14.202723418249755,0.0001021634050949,,no_signal,,,,,,SIM-NS-0124,,,,27,3.2810675562969145,0.3,2.774,1.6305234795949307e-07,2.8660467683794266e-05,0.052613153592306366,0.0005447395893787536,0.31685799812812715
11.347445318448406,3.347445318448406e-05,,no_signal,,,,,,SIM-NS-0125,,,,6,14.437864887406173,0.02,12.952,1.4115547539957827e-08,6.859433295336448e-05,0.40852635721681824,0.00016790675005813453,0.31352066328606726
11.94187904977061,3.941879049770611e-05,,no_signal,,,,,,SIM-NS-0126,,,,15,5.866972477064221,0.3,4.348000000000001,2.2664920373719114e-05,0.00045187218528630613,0.0688719027775807,0.0065610527234249766,0.010911903506439771
12.052876453297634,4.132191133244084e-05,,no_signal,,,,,,SIM-NS-0127,,,,9,10.193077564637198,0.02,2.098,2.2005363949106165e-08,6.992911323300266e-05,0.3336740682737929,0.00020957311305241444,0.12413288681907436
14.90310857741499,0.0001441865146448,,no_signal,,,,,,SIM-NS-0128,,,,4,18.50375312760634,0.02,16.868000000000002,2.949463614743101e-07,0.00044343083750431056,0.577546791667385,0.000767783396777463,0.22892515960855842
14.894767275762948,0.0001436860365457,,no_signal,,,,,,SIM-NS-0129,,,,11,7.964970809007507,0.09,5.635,2.7645699900084745e-07,0.00010622598148701812,0.14365765229694957,0.00073943837859359,0.09489520503067067
14.98070612463588,0.0001488423674781,,no_signal,,,,,,SIM-NS-0130,,,,7,12.90909090909091,0.02,12.138,2.484119220056386e-07,0.00026641102615854173,0.37826487059409347,0.0007042975620234656,0.21829909171148448
12.213677416112702,4.534193540281755e-05,,no_signal,,,,,,SIM-NS-0131,,,,10,8.664303586321935,0.09,7.059,2.7659481732221404e-08,3.5457709593900155e-05,0.15151358949522853,0.00023402329594347568,0.36273950751159245
13.272027984440983,7.180069961102459e-05,,no_signal,,,,,,SIM-NS-0132,,,,5,18.22727272727273,0.02,14.354,6.295667096633466e-08,0.00015869047982319806,0.4474673913296483,0.0003546414395731713,0.19967379701704654
12.487485010418684,5.21871252604671e-05,,no_signal,,,,,,SIM-NS-0133,,,,7,13.41326105087573,0.02,7.77,3.331256010334137e-08,0.00010537640485941413,0.40852635721681824,0.0002579427324526027,0.5491326938578829
15.035945007301097,0.0001535945007301,,no_signal,,,,,,SIM-NS-0134,,,,7,12.535029190992494,0.16,6.15,3.0684499032493254e-07,0.00010760602324533242,0.13819367908731744,0.000778660963048402,0.07408689817799291
11.050463127190405,3.0504631271904028e-05,,no_signal,,,,,,SIM-NS-0135,,,,5,18.01584653878232,0.02,1.004,1.2903861720524965e-08,7.184389109882172e-05,0.4474673913296483,0.00016055670757446206,0.07004267669931441
14.219769677164123,0.0001031861806298,,no_signal,,,,,,SIM-NS-0136,,,,5,18.48748957464554,0.02,6.402,1.1865835144920181e-07,0.00021786082846542154,0.4474673913296483,0.0004868753180383683,0.1862897556898217
15.304147484227505,0.0001804147484227,,no_signal,,,,,,SIM-NS-0137,,,,16,5.3628023352794,0.3,4.3420000000000005,2.642151759693184e-05,0.0004712001269504551,0.06664406448876914,0.007070399000497062,0.0266259810054668
12.807163096529194,6.017907741322986e-05,,no_signal,,,,,,SIM-NS-0138,,,,10,9.02210175145955,0.09,2.273,6.455331255504054e-08,5.416863926455129e-05,0.15151358949522853,0.00035751670490426316,0.13894364628963143
14.723609625011775,0.0001334165775007,,no_signal,,,,,,SIM-NS-0139,,,,98,0.9228523769808175,0.23,0.8130000000000001,2.2891290385549004e-07,2.033219959574062e-05,0.03492103184076154,0.0005822336432799182,0.17960343675379872
10.545156369117093,2.5451563691170927e-05,,no_signal,,,,,,SIM-NS-0140,,,,7,12.469974979149292,0.02,2.7359999999999998,1.026181208043979e-08,5.414744969711727e-05,0.37826487059409347,0.00014314691610689255,0.2717543089474631
13.058100275901786,6.645250689754464e-05,,no_signal,,,,,,SIM-NS-0141,,,,93,0.9716430358632193,0.3,0.366,5.8830830214122264e-08,9.280943669476294e-06,0.03256819754006314,0.0002849695215112694,0.19061113647524505
10.722379056985895,2.722379056985895e-05,,no_signal,,,,,,SIM-NS-0142,,,,6,15.641367806505423,0.02,7.686,8.81155675467386e-09,5.419580781651501e-05,0.40852635721681824,0.0001326617165798963,0.03174677876677832
15.01352173490127,0.0001513521734901,,no_signal,,,,,,SIM-NS-0143,,,,6,16.438281901584656,0.02,4.492,3.074593815796605e-07,0.00032013506606820563,0.40852635721681824,0.0007836338106779719,0.6852099361621993
15.890017873505764,0.0002390017873505,,no_signal,,,,,,SIM-NS-0144,,,,11,8.192660550458715,0.09,1.7249999999999999,7.955317058452645e-07,0.00018206359990458054,0.14512973002993387,0.0012544886555430706,0.22770802272888432
15.006069611139706,0.0001506069611139,,no_signal,,,,,,SIM-NS-0145,,,,4,19.983736447039202,0.09,14.555,2.684054821003784e-07,0.0001776995091192779,0.24300455986433925,0.0007312599780781117,0.37120104616103633
15.789728770200565,0.00022897287702,,no_signal,,,,,,SIM-NS-0146,,,,180,0.5,0.3,0.24,8.295104510193064e-07,2.467416809193157e-05,0.030737388698155867,0.0008027411936073779,0.060532470998291135
15.993495938924472,0.0002493495938924,,no_signal,,,,,,SIM-NS-0147,,,,59,1.5246038365304422,0.3,1.246,3.2956939579776213e-06,8.719245120891728e-05,0.0378910135357775,0.002301138002724269,0.19548141459624374
11.352557342009831,3.352557342009831e-05,,no_signal,,,,,,SIM-NS-0148,,,,10,8.631776480400335,0.3,7.002000000000001,2.4257207145478914e-08,1.816672863208524e-05,0.08388893083583122,0.0002165569217664381,0.04935490635941043
13.517592963729204,7.793982409323009e-05,,no_signal,,,,,,SIM-NS-0149,,,,55,1.6547122602168476,0.3,1.524,2.9770326623739495e-06,8.620999549813213e-05,0.03913515136432732,0.002202878805694737,0.20520701424178767
14.29786111234372,0.0001078716667406,,no_signal,,,,,,SIM-NS-0150,,,,5,18.796497080900753,0.02,2.8379999999999996,1.6476881462394194e-07,0.00025672461091508225,0.4474673913296483,0.0005737280881009579,0.021824773088770524
12.478412511417536,5.196031278543836e-05,,no_signal,,,,,,SIM-NS-0151,,,,35,2.5817347789824856,0.3,1.504,4.712788325652003e-08,1.3541675585204693e-05,0.04692829318575471,0.00028856100799581875,0.4316610305237728
12.884034880167622,6.210087200419054e-05,,no_signal,,,,,,SIM-NS-0152,,,,10,9.298582151793163,0.02,6.208,5.763042095302346e-08,0.00011316695724383763,0.3336740682737929,0.00033915418668669094,0.1219904323616005
14.576422781993063,0.0001245853669195,,no_signal,,,,,,SIM-NS-0153,,,,180,0.5,0.16,0.236,1.8767577522591766e-07,1.632163308284973e-05,0.03229638588576489,0.0005053702646661691,0.33378016816791106
10.392911421761156,2.3929114217611573e-05,,no_signal,,,,,,SIM-NS-0154,,,,65,1.3944954128440368,0.3,0.79,3.8603332076588485e-06,9.029265111926144e-05,0.036671740953857064,0.0024621861076318664,0.187354509058099
11.57725953633771,3.57725953633771e-05,,no_signal,,,,,,SIM-NS-0155,,,,11,8.111342785654713,0.02,1.9060000000000001,1.742805023212939e-08,5.629153049835356e-05,0.3018881696740157,0.0001864648441147534,0.2017165129198505
14.342324785103338,0.0001105394871062,,no_signal,,,,,,SIM-NS-0156,,,,5,17.056296914095082,0.02,12.09,1.6379915830257088e-07,0.00025596809043504365,0.4474673913296483,0.0005720374163454349,0.32177879645602686
10.114136467055507,2.114136467055507e-05,,no_signal,,,,,,SIM-NS-0157,,,,5,15.690158465387825,0.09,14.533,5.849197591104223e-09,2.255273547679959e-05,0.20906041960538538,0.00010787663929580401,0.022097281794038796
13.456545828367076,7.64136457091769e-05,,no_signal,,,,,,SIM-NS-0158,,,,76,1.1993327773144289,0.3,0.154,9.027729934916271e-08,1.2776935831460001e-05,0.034740670735532365,0.00036778034392962643,0.25859113017906676
11.964769574577922,3.9647695745779214e-05,,no_signal,,,,,,SIM-NS-0159,,,,5,15.706422018348626,0.09,13.031,1.989948860725846e-08,4.253286281019619e-05,0.21373462905959142,0.00019899846364314502,0.1293754157028967
14.149465626242584,9.896793757455504e-05,,no_signal,,,,,,SIM-NS-0160,,,,114,0.792743953294412,0.3,0.206,1.327908579771649e-07,1.2588154922776873e-05,0.031025102602493783,0.00040574096028178944,0.03984287493408046
10.795728570665142,2.7957285706651426e-05,,no_signal,,,,,,SIM-NS-0161,,,,6,14.942035029190993,0.02,4.812,1.0996679130312318e-08,6.054386599907424e-05,0.40852635721681824,0.00014820063609002746,0.01790754513000808
12.04172435875477,4.104310896886925e-05,,no_signal,,,,,,SIM-NS-0162,,,,6,17.690575479566306,0.02,0.932,2.0512921196255206e-08,8.269002599348152e-05,0.40852635721681824,0.0002024105043229689,0.08089927531595383
12.44539237380707,5.113480934517676e-05,,no_signal,,,,,,SIM-NS-0163,,,,5,18.97539616346956,0.02,5.732,3.1947977058451446e-08,0.00011304508314557982,0.4474673913296483,0.00025263311994571633,0.41995815994202584
10.01801030728755,2.0180103072875505e-05,,no_signal,,,,,,SIM-NS-0164,,,,14,6.452460383653045,0.02,3.1239999999999997,5.110586039781064e-09,2.7020061435178988e-05,0.26768657552093117,0.0001009391725475834,0.012188161404440883
15.027582338203365,0.0001527582338203,,no_signal,,,,,,SIM-NS-0165,,,,5,16.74728940783987,0.02,10.162,2.8161575945448074e-07,0.00033562822256427705,0.4474673913296483,0.00075006185717122,0.5855590077746444
10.921142688647354,2.921142688647354e-05,,no_signal,,,,,,SIM-NS-0166,,,,13,6.859049207673062,0.02,4.388,1.2437400426966473e-08,4.552911234789736e-05,0.28906878268849695,0.00015750269511792954,0.5388304607130258
12.714948486794494,5.787371216986236e-05,,no_signal,,,,,,SIM-NS-0167,,,,103,0.8740617180984154,0.3,0.48,4.502032329140666e-08,7.716909497190727e-06,0.03172633504166759,0.00024323356249802478,0.10070101024386799
11.202888746400856,3.202888746400856e-05,,no_signal,,,,,,SIM-NS-0168,,,,7,11.591743119266056,0.02,11.154,1.3929192569520387e-08,6.308541277999513e-05,0.37826487059409347,0.00016677576397965463,0.3840373088210051
10.51159002576052,2.511590025760519e-05,,no_signal,,,,,,SIM-NS-0169,,,,5,17.99958298582152,0.02,1.326,8.00276963719163e-09,5.6578333793577684e-05,0.4474673913296483,0.00012644124441214653,0.009697380648116325
11.55594765622171,3.55594765622171e-05,,no_signal,,,,,,SIM-NS-0170,,,,12,7.346955796497082,0.02,1.8940000000000001,1.4989775547342286e-08,4.998295634095484e-05,0.28906878268849695,0.00017291025297192644,0.41969786057140007
11.529004328595915,3.529004328595917e-05,,no_signal,,,,,,SIM-NS-0171,,,,6,14.421601334445372,0.02,9.244,1.5851877527392282e-08,7.962883278656019e-05,0.4474673913296483,0.00017795449306360248,0.41749905900186524
10.874726795990563,2.874726795990565e-05,,no_signal,,,,,,SIM-NS-0172,,,,5,16.422018348623855,0.02,6.774,9.070107622773691e-09,6.0233238739937356e-05,0.4474673913296483,0.0001346092249559335,0.5937658865365835
15.303143662609845,0.0001803143662609,,no_signal,,,,,,SIM-NS-0173,,,,9,10.762301918265223,0.02,0.47200000000000003,4.3609439773714985e-07,0.00031130349526431456,0.3336740682737929,0.0009329568128407197,0.4405810773660747
10.260824038436263,2.260824038436265e-05,,no_signal,,,,,,SIM-NS-0174,,,,9,9.331109257714763,0.02,6.5,6.49785237050087e-09,4.0304628674769916e-05,0.35387458383743353,0.00011389523440113874,0.47395416589508443
14.520825171351234,0.000121249510281,,no_signal,,,,,,SIM-NS-0175,,,,55,1.6221851542952461,0.3,1.054,1.029074401357995e-06,5.0438727869805966e-05,0.03890850448060753,0.0012963419834073869,0.6093750836955371
10.329260987064668,2.329260987064668e-05,,no_signal,,,,,,SIM-NS-0176,,,,8,11.738115095913262,0.09,5.9110000000000005,7.047227930287144e-09,2.0067355054664837e-05,0.16970578144789994,0.00011824791638477891,0.3265863999836067
11.881082242178934,3.881082242178934e-05,,no_signal,,,,,,SIM-NS-0177,,,,5,15.966638865721436,0.09,14.289,1.7983267399371894e-08,3.792969011140457e-05,0.2005694448059849,0.0001891100119865953,0.47897645027542324
12.98830180083914,6.47075450209785e-05,,no_signal,,,,,,SIM-NS-0178,,,,127,0.7114261884904087,0.3,0.46199999999999997,6.547070728790469e-08,8.406221020718085e-06,0.030510681968396694,0.0002755173099514899,0.19134055990689297
13.677972244117548,8.194930610293869e-05,,no_signal,,,,,,SIM-NS-0179,,,,51,1.7848206839032528,0.3,0.796,2.863403083586661e-06,8.791179304568075e-05,0.04027599533891986,0.002182734214410067,0.8589525108893498
12.023610341575164,4.059025853937906e-05,,no_signal,,,,,,SIM-NS-0180,,,,17,4.8586321934945795,0.02,4.266,1.9247637150580566e-08,4.758600529641832e-05,0.24300455986433925,0.00019582350768637381,0.18205857088529565
12.468946477470794,5.1723661936769855e-05,,no_signal,,,,,,SIM-NS-0181,,,,6,13.673477898248542,0.02,7.476,3.8131956671891474e-08,0.00011274152839102491,0.40852635721681824,0.0002759712473856107,0.6091778414326925
12.84105628917256,6.102640722931403e-05,,no_signal,,,,,,SIM-NS-0182,,,,13,6.9891576313594665,0.09,2.587,4.7302152333875325e-08,4.11018562033183e-05,0.13448743243314124,0.0003056185656882964,0.3442414895745313
15.632780487894106,0.0002132780487894,,no_signal,,,,,,SIM-NS-0183,,,,11,8.160133444537115,0.02,4.224,5.25214815159123e-07,0.00030902039213653865,0.3018881696740157,0.0010236253791270603,0.03339511930054187
10.56144401530094,2.561444015300939e-05,,no_signal,,,,,,SIM-NS-0184,,,,8,12.844036697247708,0.09,0.045,2.802411257785003e-08,4.060144345285899e-05,0.1721636899420252,0.00023583046731010015,0.04973867501292148
13.152694743396314,6.881736858490784e-05,,no_signal,,,,,,SIM-NS-0185,,,,180,0.5,0.3,0.186,6.730732345435149e-08,7.1380527255637816e-06,0.030731613884186475,0.0002322706758084319,0.49056044798231385
10.14178909265736,2.14178909265736e-05,,no_signal,,,,,,SIM-NS-0186,,,,7,14.551709758131778,0.02,1.018,6.587096315335656e-09,4.338234109235728e-05,0.37826487059409347,0.00011468773461363739,0.16454808973613994
12.906184548729158,6.265461371822895e-05,,no_signal,,,,,,SIM-NS-0187,,,,11,8.452877397831527,0.3,4.79,5.684321462470312e-07,8.377159911265863e-05,0.08005185713715883,0.0010464666543478997,0.04610472295003932
10.216212056135015,2.216212056135017e-05,,no_signal,,,,,,SIM-NS-0188,,,,98,0.9228523769808175,0.3,0.5660000000000001,7.152832010521919e-09,3.1673368080520348e-06,0.032194646434083964,9.838085392665861e-05,0.020253399116369215
12.417232455986726,5.043081139966815e-05,,no_signal,,,,,,SIM-NS-0189,,,,8,10.567139282735614,0.09,8.829,2.832881680280109e-08,4.0234183620535546e-05,0.16970578144789994,0.00023708198552379627,0.09478716321911439
12.81264429536635,6.0316107384158765e-05,,no_signal,,,,,,SIM-NS-0190,,,,68,1.329441201000834,0.3,0.15,1.0450844759112483e-05,0.00014542118172211627,0.03598851437084541,0.004040766457420736,0.2749499270668773
11.716847734942252,3.716847734942252e-05,,no_signal,,,,,,SIM-NS-0191,,,,12,7.509591326105088,0.02,6.1,2.3126830632580052e-08,6.484503293857635e-05,0.3018881696740157,0.00021479819168997974,0.19823118632209152
14.384388875238148,0.0001130633325142,,no_signal,,,,,,SIM-NS-0192,,,,105,0.8577981651376148,0.3,0.476,1.7582867867913556e-07,1.5145679996164674e-05,0.03162310653375207,0.00047894345800591543,0.5311345883081541
12.421446656484278,5.053616641210695e-05,,no_signal,,,,,,SIM-NS-0193,,,,5,15.56005004170142,0.02,14.742,3.2457724361432807e-08,0.00011394336200298838,0.4474673913296483,0.0002546405932830233,0.47723107019384037
10.357119618968497,2.357119618968495e-05,,no_signal,,,,,,SIM-NS-0194,,,,136,0.6626355296080066,0.16,0.536,7.517884191312924e-09,3.760938062535857e-06,0.03520792649309448,0.00010682077694275775,0.18113020281783074
11.239996460744557,3.239996460744557e-05,,no_signal,,,,,,SIM-NS-0195,,,,7,13.022935779816516,0.09,5.915,1.3698834920610844e-08,2.9728703324294337e-05,0.18024006024579595,0.00016493948838983342,0.15224073821300166
12.845941309762498,6.114853274406245e-05,,no_signal,,,,,,SIM-NS-0196,,,,60,1.5083402835696416,0.3,1.1179999999999999,7.662237056541706e-07,4.1969438953959326e-05,0.03784165672748438,0.0011090803781716285,0.7357061755084144
14.236436068092726,0.0001041861640855,,no_signal,,,,,,SIM-NS-0197,,,,180,0.5,0.3,0.176,1.9139965513906275e-07,1.2039303775357446e-05,0.030728737569045567,0.0003917929836299287,0.22130878268688514
10.24088238138379,2.2408823813837893e-05,,no_signal,,,,,,SIM-NS-0198,,,,6,16.503336113427856,0.02,3.114,6.1418527579993435e-09,4.9565523331907e-05,0.4474673913296483,0.00011076901756935441,0.3251127099501257
11.170157335461589,3.170157335461589e-05,,no_signal,,,,,,SIM-NS-0199,,,,8,10.908673894912429,0.3,9.59,2.701313775206255e-08,2.1397424901481443e-05,0.09331464076569507,0.0002293040483883822,0.03979975868881363
13.100142413982775,6.750356034956936e-05,,no_signal,,,,,,SIM-NS-0200,,,,103,0.8740617180984154,0.3,0.654,6.864707916580614e-08,9.519622199527511e-06,0.03171133091386062,0.0003001962366507488,0.3880243263876929
10.75520771505466,2.755207715054661e-05,,no_signal,,,,,,SIM-NS-0201,,,,5,18.01584653878232,0.02,12.242,1.024491261452661e-08,6.401535007927173e-05,0.4474673913296483,0.00014306148631088015,0.08977730003637231
10.63085680101131,2.6308568010113102e-05,,no_signal,,,,,,SIM-NS-0202,,,,30,3.053377814845705,0.3,0.626,2.005053078077335e-07,3.0154951895844384e-05,0.05019551598676303,0.0006007499136734941,0.2401691328554853
11.58585624100904,3.58585624100904e-05,,no_signal,,,,,,SIM-NS-0203,,,,18,5.151376146788992,0.3,1.724,7.361879595268139e-06,0.00023616057062036955,0.06347545440090291,0.0037205022453058686,0.102090837115872
12.13802791743849,4.3450697935962265e-05,,no_signal,,,,,,SIM-NS-0204,,,,94,0.9553794829024187,0.3,0.624,2.1828488367146178e-08,5.6265825577606066e-06,0.03248378310806355,0.00017321204673244792,0.1700906790070977
11.8366475495722,3.836647549572199e-05,,no_signal,,,,,,SIM-NS-0205,,,,18,4.9887406171809845,0.3,3.626,3.326066301557103e-08,1.5873711595393303e-05,0.06347545440090291,0.0002500763759033052,0.16063667081889668
12.630926665140382,5.577316662850956e-05,,no_signal,,,,,,SIM-NS-0206,,,,37,2.467889908256881,0.02,0.156,4.17119298196769e-08,4.74836699211334e-05,0.16509317156636522,0.0002876174070109593,0.5434429381329263
10.718053707541907,2.7180537075419088e-05,,no_signal,,,,,,SIM-NS-0207,,,,10,8.76188490408674,0.09,2.845,9.764375440317416e-09,2.1310959556819498e-05,0.15324769673770738,0.00013906218501472478,0.07217549071592574
11.407982401158712,3.407982401158712e-05,,no_signal,,,,,,SIM-NS-0208,,,,27,3.346121768140117,0.16,1.118,1.5341072776952354e-08,1.2030257755646367e-05,0.07039351219936332,0.00017090009263318412,0.44311005725168257
11.545948567416591,3.545948567416593e-05,,no_signal,,,,,,SIM-NS-0209,,,,94,0.9553794829024187,0.3,0.554,1.73208726675497e-08,5.004823800058844e-06,0.032458204900239575,0.0001541928709687178,0.21677548406399752
11.738615356728555,3.738615356728557e-05,,no_signal,,,,,,SIM-NS-0210,,,,45,2.045037531276064,0.3,1.906,4.275636012350441e-08,1.1324021004011087e-05,0.04250634653925383,0.000266407770273871,0.4373768383641846
11.01561137717512,3.0156113771751196e-05,,no_signal,,,,,,SIM-NS-0211,,,,4,18.650125104253547,0.02,15.814,1.230099915839253e-08,7.842512084277331e-05,0.5002269632436452,0.00015677907551051948,0.5035026805746434
12.167824543047,4.4195613576175016e-05,,no_signal,,,,,,SIM-NS-0212,,,,5,17.349040867389494,0.02,10.704,2.538022585767387e-08,0.00010075758206251617,0.4474673913296483,0.00022517301598919923,0.3772959437528989
13.666730340349387,8.166825850873471e-05,,no_signal,,,,,,SIM-NS-0213,,,,7,14.502919099249375,0.02,1.6660000000000001,7.949955956069656e-08,0.00015071217560136407,0.37826487059409347,0.0003984302728526158,0.3906941312781025
11.87627571332959,3.876275713329591e-05,,no_signal,,,,,,SIM-NS-0214,,,,5,18.73144286905755,0.02,9.658,1.897894934259712e-08,9.741393468765125e-05,0.5002269632436452,0.00019473947197085395,0.058073329232150424
11.7666180719782,3.7666180719782e-05,,no_signal,,,,,,SIM-NS-0215,,,,6,16.56839032527106,0.02,6.116,1.904911887183022e-08,7.96850443347541e-05,0.40852635721681824,0.00019505484267313175,0.13445154755663125
12.392508279869531,4.981270699673832e-05,,no_signal,,,,,,SIM-NS-0216,,,,122,0.74395329441201,0.3,0.61,3.4611221096199734e-08,6.131164423828217e-06,0.030700379715632366,0.00019970972608870637,0.564531069864148
14.13602916834068,9.816175010044084e-05,,no_signal,,,,,,SIM-NS-0217,,,,42,2.1751459549624688,0.3,0.352,5.434594139651317e-07,4.19376719666964e-05,0.04338093614075614,0.000966730451150781,0.6426560194314939
12.709579349398304,5.773948373495759e-05,,no_signal,,,,,,SIM-NS-0218,,,,17,5.248957464553795,0.02,1.694,4.5316203859240573e-08,7.301587567831724e-05,0.24300455986433925,0.00030047121633881846,0.11942406046561461
14.296355183922785,0.0001077813110353,,no_signal,,,,,,SIM-NS-0219,,,,5,16.682235195996665,0.02,12.728,1.539652811484296e-07,0.0002774574572329547,0.5002269632436452,0.0005546631381759676,0.16687171703507353
12.174129314395566,4.4353232859889154e-05,,no_signal,,,,,,SIM-NS-0220,,,,11,8.078815679733111,0.02,5.62,2.7335922208732826e-08,7.049941612768951e-05,0.3018881696740157,0.00023352825055654233,0.05814134136860426
11.74122764358202,3.74122764358202e-05,,no_signal,,,,,,SIM-NS-0221,,,,5,18.910341951626357,0.09,10.029,1.6697437152970154e-08,3.8960862825065945e-05,0.21373462905959142,0.00018228615080527382,0.4277281707004066
12.820688787289985,6.0517219682249615e-05,,no_signal,,,,,,SIM-NS-0222,,,,30,3.0696413678065055,0.02,0.06999999999999999,4.4936323698272124e-08,5.4733489868619145e-05,0.1831985152046966,0.0002987660124180742,0.681629545418033
11.139302755031457,3.139302755031455e-05,,no_signal,,,,,,SIM-NS-0223,,,,92,0.9716430358632193,0.23,0.739,1.3452795079496825e-08,5.098601698949601e-06,0.03553262850804492,0.00014349069891621526,0.12455853435521912
14.408906277453806,0.0001145343766472,,no_signal,,,,,,SIM-NS-0224,,,,12,7.233110925771477,0.02,4.288,1.69146802048359e-07,0.00017536808149953842,0.3018881696740157,0.0005809041198563827,0.23936945158818113
15.58927791476135,0.0002089277914761,,no_signal,,,,,,SIM-NS-0225,,,,8,11.071309424520434,0.02,9.888,5.738522040917534e-07,0.00037876516606316635,0.35387458383743353,0.0010703372984739907,0.2347182960404225
14.226296098462822,0.0001035777659077,,no_signal,,,,,,SIM-NS-0226,,,,5,18.95913261050876,0.02,0.35400000000000004,1.358517589750201e-07,0.00023311092550515333,0.4474673913296483,0.0005209562306036754,0.5967319522644797
11.65456753981405,3.6545675398140494e-05,,no_signal,,,,,,SIM-NS-0227,,,,10,8.30650542118432,0.02,7.05,1.7463976915697838e-08,5.9099876337787016e-05,0.31658699340293067,0.00018667815661829374,0.10576086229150472
11.87330945140675,3.873309451406749e-05,,no_signal,,,,,,SIM-NS-0228,,,,8,11.298999165971644,0.02,2.876,1.903511967792929e-08,6.898391058407505e-05,0.35387458383743353,0.0001949388674258832,0.15096330296094032
10.305695160796809,2.3056951607968068e-05,,no_signal,,,,,,SIM-NS-0229,,,,8,10.827356130108425,0.02,8.2,7.230370814916986e-09,4.251579358016677e-05,0.35387458383743353,0.00012014367666398474,0.6587482383553578
11.680101338386208,3.680101338386207e-05,,no_signal,,,,,,SIM-NS-0230,,,,8,10.973728106755631,0.02,6.044,1.3940699387544863e-08,6.31114646308939e-05,0.37826487059409347,0.00016684463596043848,0.0702799127153047
14.863907480458854,0.0001418344488275,,no_signal,,,,,,SIM-NS-0231,,,,67,1.345704753961635,0.3,0.318,2.8206928548085343e-05,0.0002394392523907829,0.03616947560473243,0.006619926011851124,0.09579963739443514
12.655804986856044,5.639512467140109e-05,,no_signal,,,,,,SIM-NS-0232,,,,105,0.8577981651376148,0.23,0.631,4.35581340365821e-08,8.603227352188547e-06,0.03404443585436008,0.0002527058280240743,0.31797779210763
11.735958892970588,3.735958892970588e-05,,no_signal,,,,,,SIM-NS-0233,,,,7,12.827773144286907,0.02,5.986,1.761843055015781e-08,7.66342624638483e-05,0.40852635721681824,0.0001875870702344329,0.10315375246792796
13.014070199127778,6.535175497819443e-05,,no_signal,,,,,,SIM-NS-0234,,,,30,2.9883236030025024,0.02,1.84,5.081608053127311e-08,5.8204284224427916e-05,0.1831985152046966,0.00031771155000570524,0.08530074654101177
11.3016004617603,3.3016004617603e-05,,no_signal,,,,,,SIM-NS-0235,,,,59,1.5246038365304422,0.3,0.41000000000000003,3.274282333107418e-07,2.7482960362479325e-05,0.0378910135357775,0.0007253160524864116,0.6490429207933964
12.913584637752797,6.283961594381986e-05,,no_signal,,,,,,SIM-NS-0236,,,,11,8.225187656380317,0.02,7.516,4.669729203696924e-08,9.214345735875096e-05,0.3018881696740157,0.00030522381005605194,0.004596895834488176
15.942626261852515,0.0002442626261852,,no_signal,,,,,,SIM-NS-0237,,,,14,6.045871559633028,0.02,5.838,7.587775874600252e-07,0.00032923669025275437,0.26768657552093117,0.0012299335131470215,0.8683391449349291
11.63538665413757,3.635386654137569e-05,,no_signal,,,,,,SIM-NS-0238,,,,6,14.258965804837366,0.02,4.47,1.7076224361850727e-08,7.544584009255839e-05,0.40852635721681824,0.00018467802324077912,0.7466514946881063
13.717384455334662,8.293461138336653e-05,,no_signal,,,,,,SIM-NS-0239,,,,181,0.5,0.3,0.354,9.304530242649093e-08,7.855223965291813e-06,0.030751955416431286,0.0002554381943820924,0.10468651693998429
12.942657901632922,6.356644754082304e-05,,no_signal,,,,,,SIM-NS-0240,,,,62,1.4432860717264386,0.3,0.9600000000000001,1.9499046641676718e-05,0.00020690095649722462,0.037196404197213186,0.0055623913376209085,0.10898265448516559
11.734830878352954,3.734830878352953e-05,,no_signal,,,,,,SIM-NS-0241,,,,5,16.11301084236864,0.16,11.416,2.003186841307077e-08,3.2051135756105964e-05,0.16084109733824475,0.00019927205351442758,0.38158589471887994
10.803316429468728,2.803316429468728e-05,,no_signal,,,,,,SIM-NS-0242,,,,39,2.305254378648874,0.3,0.512,1.3415751775538303e-07,2.1620541090783263e-05,0.044753954816364856,0.0004830978888792513,0.2515025911741216
12.364349641896927,4.9108741047423184e-05,,no_signal,,,,,,SIM-NS-0243,,,,81,1.1017514595496247,0.16,0.866,4.113867353680117e-08,1.138290935176478e-05,0.04289258680485996,0.00026538174075514226,0.11727194799685488
13.242527434937893,7.106318587344728e-05,,no_signal,,,,,,SIM-NS-0244,,,,5,17.446622185154297,0.16,4.930000000000001,6.568419280055973e-08,5.879679225084811e-05,0.16292504433968824,0.00036088246892393395,0.2924267693613866
12.525644898065178,5.314112245162944e-05,,no_signal,,,,,,SIM-NS-0245,,,,17,5.395329441201001,0.02,3.464,4.3292743109072793e-08,7.356352960963264e-05,0.2504548559594376,0.00029371971778237993,0.8141528382778279
11.547569556276752,3.547569556276752e-05,,no_signal,,,,,,SIM-NS-0246,,,,5,18.796497080900753,0.02,2.808,1.7279029984833923e-08,8.31361052366919e-05,0.4474673913296483,0.0001857925445464376,0.19836347361953027
14.589604222773607,0.0001253762533664,,no_signal,,,,,,SIM-NS-0247,,,,8,12.095913261050876,0.02,1.248,2.01736319630749e-07,0.0002245753323668609,0.35387458383743353,0.0006346184287426208,0.27968500978030675
10.792431333213544,2.7924313332135424e-05,,no_signal,,,,,,SIM-NS-0248,,,,5,19.577147623019183,0.02,0.912,9.923111197315785e-09,6.300194027886175e-05,0.4474673913296483,0.00014079671837460966,0.6121241857818447
14.320942504880648,0.0001092565502928,,no_signal,,,,,,SIM-NS-0249,,,,11,8.713094245204339,0.02,0.8260000000000001,1.89438999583643e-07,0.00018558947833779982,0.3018881696740157,0.0006147623424203827,0.29311742565954374
14.42612718535938,0.0001155676311215,,no_signal,,,,,,SIM-NS-0250,,,,103,0.8740617180984154,0.23,0.185,1.7580178854885493e-07,1.7417464114100056e-05,0.03421264499160067,0.0005090943456250199,0.22374815015099897
12.351427014074469,4.878567535186168e-05,,no_signal,,,,,,SIM-NS-0251,,,,8,12.535029190992494,0.02,1.524,3.112012419772854e-08,8.82044842933638e-05,0.35387458383743353,0.000249253516138034,0.16144267452144725
10.113061992057949,2.113061992057947e-05,,no_signal,,,,,,SIM-NS-0252,,,,111,0.8090075062552127,0.3,0.624,5.611404022431749e-09,2.6183423347259094e-06,0.031170882405310272,8.399962184836476e-05,0.2919499821388683
14.659129957124184,0.0001295477974274,,no_signal,,,,,,SIM-NS-0253,,,,103,0.8740617180984154,0.3,0.162,2.1432676270538892e-07,1.6831923007387672e-05,0.03172132406000374,0.0005306185509642843,0.32314344977609044
12.646111686467886,5.615279216169716e-05,,no_signal,,,,,,SIM-NS-0254,,,,5,17.918265221017517,0.02,9.118,4.17284631342897e-08,0.00012919514407949695,0.4474673913296483,0.0002887252715680441,0.2753837011671929
15.426258035450594,0.000192625803545,,no_signal,,,,,,SIM-NS-0255,,,,8,11.315262718932445,0.02,7.61,4.829021283582345e-07,0.0003474557987565019,0.35387458383743353,0.000981861412562253,0.483159829269144
15.18573017384262,0.0001685730173842,,no_signal,,,,,,SIM-NS-0256,,,,10,9.184737281067557,0.02,6.798,3.5096451984335004e-07,0.00026493943452909896,0.31658699340293067,0.0008368614000256853,0.7863503583574721
12.27792213280492,4.694805332012298e-05,,no_signal,,,,,,SIM-NS-0257,,,,9,9.103419516263553,0.3,8.714,1.6693697912853266e-07,5.0103198632633905e-05,0.08804919316065155,0.0005690364310461917,0.27620698991752624
11.016596714863676,3.0165967148636757e-05,,no_signal,,,,,,SIM-NS-0258,,,,54,1.6709758131776482,0.3,0.192,2.2449756225814606e-06,7.519873958172774e-05,0.039192741888255896,0.001918690450291283,0.6462227880026564
15.910963273200997,0.00024109632732,,no_signal,,,,,,SIM-NS-0259,,,,13,6.972894078398666,0.3,5.892,1.0032247109045074e-06,0.00010249375978477193,0.07397757280884824,0.0013854707027169855,0.07564900290479637
14.299409297509158,0.0001079645578505,,no_signal,,,,,,SIM-NS-0260,,,,18,5.183903252710593,0.09,1.865,1.6567804808645498e-07,6.476404067268238e-05,0.1135305013215319,0.00057045498715154,0.11364254016133092
15.744234344542564,0.0002244234344542,,no_signal,,,,,,SIM-NS-0261,,,,13,6.6964136780650545,0.02,3.992,6.925535057202923e-07,0.0003397434094825069,0.28906878268849695,0.001175303006857774,0.2642256377846785
12.356111189020233,4.8902779725505815e-05,,no_signal,,,,,,SIM-NS-0262,,,,13,7.265638031693078,0.02,1.1480000000000001,2.8843712525214728e-08,6.661451969858234e-05,0.2777598899227884,0.00023982771492708983,0.444489102771554
10.050299013226226,2.0502990132262263e-05,,no_signal,,,,,,SIM-NS-0263,,,,27,3.378648874061718,0.3,1.472,3.3922975504744565e-08,1.3072742712894048e-05,0.052613153592306366,0.00024846909604000014,0.023737225835686476
13.42581036255843,7.564525906396074e-05,,no_signal,,,,,,SIM-NS-0264,,,,16,5.753127606338616,0.02,1.94,6.516639358337995e-08,9.025408133667145e-05,0.2504548559594376,0.00036036067654159813,0.5181958010839602
13.166931988744208,6.917329971860521e-05,,no_signal,,,,,,SIM-NS-0265,,,,9,10.176814011676399,0.02,8.244,6.045004256368892e-08,0.00011590229847580069,0.3336740682737929,0.0003473518307113342,0.15774265634638449
10.076413107428571,2.0764131074285712e-05,,no_signal,,,,,,SIM-NS-0266,,,,94,0.9553794829024187,0.23,0.8130000000000001,5.525147513264292e-09,3.2302709852549683e-06,0.03525329099465468,9.16303384482533e-05,0.3970068903951962
12.69658058278918,5.741451456972953e-05,,no_signal,,,,,,SIM-NS-0267,,,,8,11.803169307756464,0.02,4.782,4.29644533352882e-08,0.00010363934259660645,0.35387458383743353,0.0002928702634496558,0.15051206446606827
12.890341264253353,6.225853160633381e-05,,no_signal,,,,,,SIM-NS-0268,,,,5,16.991242702251878,0.09,9.983,5.69456860116836e-08,7.036901863466394e-05,0.20906041960538538,0.00033659656269460216,0.17961907424204399
10.545723385965724,2.545723385965724e-05,,no_signal,,,,,,SIM-NS-0269,,,,11,8.27397831526272,0.02,3.868,1.000916879995517e-08,4.474185691250021e-05,0.31658699340293067,0.00014132563195846704,0.5930460181418274
12.677889403843963,5.694723509609908e-05,,no_signal,,,,,,SIM-NS-0270,,,,16,5.59049207673061,0.09,3.999,4.574349696737163e-08,3.6151861033784094e-05,0.12048311971163947,0.0003000574779297617,0.5093663990850764
10.237959712125964,2.2379597121259638e-05,,no_signal,,,,,,SIM-NS-0271,,,,6,13.445788156797333,0.02,10.43,5.936304365205481e-09,4.448334656625974e-05,0.40852635721681824,0.00010888733561602484,0.4420996230210747
14.993981302545349,0.0001496388781527,,no_signal,,,,,,SIM-NS-0272,,,,5,17.625521267723105,0.02,5.696,2.581842624182447e-07,0.000321362264379621,0.4474673913296483,0.000718180297841802,0.23592236501315503
13.505236777598004,7.763091943995009e-05,,no_signal,,,,,,SIM-NS-0273,,,,63,1.427022518765638,0.3,0.888,1.606973018630039e-05,0.0001861998913503804,0.03695862444612348,0.005038063351676243,0.4823666127221886
10.70579828838847,2.70579828838847e-05,,no_signal,,,,,,SIM-NS-0274,,,,28,3.264804003336114,0.02,0.268,8.582820501879366e-09,2.476002034068614e-05,0.18958518956601408,0.0001306010263637426,0.6160750724248777
13.9606332955878,8.901583238969501e-05,,no_signal,,,,,,SIM-NS-0275,,,,5,18.29232693911593,0.02,10.158,1.0659367846015669e-07,0.0002064884291769209,0.4474673913296483,0.00046146028331436846,0.8138064018243231
12.818457940964322,6.046144852410805e-05,,no_signal,,,,,,SIM-NS-0276,,,,10,8.98957464553795,0.02,7.95,4.421295348739991e-08,9.40350503670917e-05,0.31658699340293067,0.0002970275226923495,0.3309095190491129
13.608526315535752,8.021315788839379e-05,,no_signal,,,,,,SIM-NS-0277,,,,14,6.2735613010842375,0.3,5.594,3.811412266077552e-07,6.0979102906810745e-05,0.07152564209405846,0.0008525488359352485,0.059364588265227516
14.782215995726448,0.0001369329597435,,no_signal,,,,,,SIM-NS-0278,,,,46,1.9637197664720603,0.3,1.522,3.410164142569782e-07,3.188169329526591e-05,0.04192655131483692,0.0007604177375777543,0.6115056375042448
10.013340278550563,2.0133402785505638e-05,,no_signal,,,,,,SIM-NS-0279,,,,5,17.4954128440367,0.02,13.02,4.816519289765898e-09,4.389313973618414e-05,0.4474673913296483,9.809237630870884e-05,0.05718540312475855
14.720252422171043,0.0001332151453302,,no_signal,,,,,,SIM-NS-0280,,,,6,16.405754795663054,0.02,5.284,2.1821400857441362e-07,0.00026969983844638,0.40852635721681824,0.0006601773268284903,0.37773292169599565
14.15114546299906,9.906872777994366e-05,,no_signal,,,,,,SIM-NS-0281,,,,109,0.8252710592160134,0.3,0.612,1.207489726395585e-07,1.2285610111129053e-05,0.03132089679440383,0.00039224962783709785,0.005906003684946598
13.897517290861092,8.74379322715273e-05,,no_signal,,,,,,SIM-NS-0282,,,,67,1.345704753961635,0.3,0.6940000000000001,3.326363904340112e-05,0.0002601495737047932,0.036182586679474944,0.007189910881975901,0.27615337661220063
13.457271943447076,7.643179858617688e-05,,no_signal,,,,,,SIM-NS-0283,,,,5,19.333194328607174,0.02,6.668,7.518891507853175e-08,0.00017342308390566608,0.4474673913296483,0.00038756585902346936,0.4764254834979423
11.93967030867198,3.939670308671979e-05,,no_signal,,,,,,SIM-NS-0284,,,,67,1.3619683069224355,0.3,0.174,4.822492624839263e-05,0.00031468156796432556,0.03630171979827981,0.008668503027210214,0.5977446783070134
12.232109928761616,4.580274821904041e-05,,no_signal,,,,,,SIM-NS-0285,,,,6,13.657214345287741,0.02,9.284,2.9418150923599687e-08,0.0001084770038738414,0.4474673913296483,0.00024242437767700177,0.4128434501683134
10.441110325439729,2.4411103254397268e-05,,no_signal,,,,,,SIM-NS-0286,,,,8,11.46163469557965,0.02,0.21600000000000003,8.741863760782465e-09,4.674896726331035e-05,0.35387458383743353,0.00013210603247162378,0.14037303101498724
14.919723294086364,0.0001451833976451,,no_signal,,,,,,SIM-NS-0287,,,,106,0.8577981651376148,0.23,0.751,2.9801271960019693e-07,2.094743556035894e-05,0.034090619539552315,0.0006144633287187842,0.2635512036510003
10.14776371671965,2.14776371671965e-05,,no_signal,,,,,,SIM-NS-0288,,,,52,1.736030025020851,0.3,1.404,2.4219371551988955e-06,7.952103938868582e-05,0.039748988263526776,0.0020005802125447666,0.02829601422142966
14.825900643309764,0.0001395540385985,,no_signal,,,,,,SIM-NS-0289,,,,5,17.934528773978318,0.09,3.491,2.4824702259806404e-07,0.00015022619992965947,0.21373462905959142,0.000702863174725771,0.17588156763517598
15.661400138121074,0.0002161400138121,,no_signal,,,,,,SIM-NS-0290,,,,15,6.11092577147623,0.02,4.288,5.390056489491476e-07,0.00027749019260647767,0.26768657552093117,0.0010366234917327034,0.0859288474710424
15.274592079166428,0.0001774592079166,,no_signal,,,,,,SIM-NS-0291,,,,6,14.616763969974981,0.02,6.156,4.1745650426047815e-07,0.00037303105512376256,0.40852635721681824,0.0009131138016776304,0.18223095549265417
14.029693627070834,9.178161762425004e-05,,no_signal,,,,,,SIM-NS-0292,,,,5,18.064637197664723,0.02,14.222,9.967952796249985e-08,0.00019967927079422854,0.4474673913296483,0.0004462431780802665,0.32291909292694665
10.251391667492095,2.251391667492097e-05,,no_signal,,,,,,SIM-NS-0293,,,,11,8.420350291909926,0.02,2.2079999999999997,7.019804744898768e-09,3.5725734918057306e-05,0.3018881696740157,0.00011834095703927252,0.2735167590503517
12.833144063801951,6.0828601595048775e-05,,no_signal,,,,,,SIM-NS-0294,,,,20,4.484570475396164,0.3,1.6199999999999999,2.168818517866776e-07,3.841076342425698e-05,0.06036865005905634,0.000636270040603545,0.026743366092067157
15.64703624712498,0.0002147036247124,,no_signal,,,,,,SIM-NS-0295,,,,7,13.722268557130944,0.02,0.44,6.007402327709491e-07,0.0004142946614499321,0.37826487059409347,0.0010952501637258865,0.36747618563014567
14.191431755887766,0.0001014859053532,,no_signal,,,,,,SIM-NS-0296,,,,7,11.477898248540452,0.02,10.31,1.2485725418367837e-07,0.00018887429998648564,0.37826487059409347,0.0004993175805351534,0.4614610600346836
10.051795034419651,2.051795034419653e-05,,no_signal,,,,,,SIM-NS-0297,,,,7,13.234361968306924,0.02,1.06,5.151670700666956e-09,3.8365426030417815e-05,0.37826487059409347,0.00010142476611735587,0.02085115686120075
13.39841847670256,7.496046191756403e-05,,no_signal,,,,,,SIM-NS-0298,,,,7,12.372393661384487,0.02,7.688,5.968764630114442e-08,0.00013058948360777922,0.37826487059409347,0.00034523291418174414,0.013926059932175537
10.305618410375445,2.305618410375445e-05,,no_signal,,,,,,SIM-NS-0299,,,,14,6.192243536280234,0.3,3.906,1.2318987298520516e-05,0.00034583495837225975,0.0713603126639543,0.004846320671279076,0.004816237033446463
13.815745706427792,8.53936426606948e-05,,no_signal,,,,,,SIM-NS-0300,,,,9,10.599666388657216,0.09,3.513,9.896236455993092e-08,7.123898549510344e-05,0.16084109733824475,0.00044291531625956053,0.2789897216106208
13.966955053774791,8.917387634436977e-05,,no_signal,,,,,,SIM-NS-0301,,,,65,1.3944954128440368,0.3,1.264,2.3696803322110486e-06,7.078886885358848e-05,0.03674241322650532,0.0019266254618932502,0.17279734580480552
12.730549769805886,5.826374424514716e-05,,no_signal,,,,,,SIM-NS-0302,,,,9,10.599666388657216,0.02,5.1899999999999995,4.379997119879112e-08,9.865762480942841e-05,0.3336740682737929,0.00029567063847609485,0.0337926958277494
11.01485987418501,3.01485987418501e-05,,no_signal,,,,,,SIM-NS-0303,,,,14,6.436196830692244,0.09,5.169,1.1848397663896548e-08,1.9394318972132396e-05,0.12689803983358025,0.0001528338735378968,0.1011360767654141
15.766604240420218,0.000226660424042,,no_signal,,,,,,SIM-NS-0304,,,,6,12.892827356130109,0.02,12.764,6.30482689647069e-07,0.0004584330884097598,0.40852635721681824,0.0011221628184113822,0.27855736648329454
13.935245292735068,8.83811323183767e-05,,no_signal,,,,,,SIM-NS-0305,,,,16,5.60675562969141,0.3,2.75,5.59794336241483e-06,0.00021780770874002542,0.06690981907947192,0.003255242828878748,0.018780506620491928
10.815012993701096,2.815012993701096e-05,,no_signal,,,,,,SIM-NS-0306,,,,5,17.99958298582152,0.02,4.172,1.0452369522233824e-08,6.466024906304213e-05,0.4474673913296483,0.0001445027063780097,0.2318695218972052
14.781955779495396,0.0001369173467697,,no_signal,,,,,,SIM-NS-0307,,,,5,19.9349457881568,0.02,0.51,2.4992212798238875e-07,0.0003161785115926019,0.4474673913296483,0.0007065956485747,0.39079902803791183
13.317455801898326,7.293639504745815e-05,,no_signal,,,,,,SIM-NS-0308,,,,8,10.843619683069225,0.02,9.176,6.361122425609392e-08,0.00012610632840592828,0.35387458383743353,0.0003563588179699853,0.5306350082973122
12.46014524455208,5.150363111380197e-05,,no_signal,,,,,,SIM-NS-0309,,,,32,2.825688073394496,0.02,0.48200000000000004,3.028849382100627e-08,4.350897452054525e-05,0.17742172072922877,0.00024522913170787157,0.3363343821612536
11.837718868024046,3.837718868024046e-05,,no_signal,,,,,,SIM-NS-0310,,,,5,19.577147623019183,0.02,7.692,1.6976178384110618e-08,8.240431635320178e-05,0.4474673913296483,0.00018415714295590913,0.21307380127787645
15.122961286486508,0.0001622961286486,,no_signal,,,,,,SIM-NS-0311,,,,7,13.13678065054212,0.09,6.755,2.9783641772424673e-07,0.00013861909232326663,0.18024006024579595,0.0007690803705581867,0.7743634753456072
12.821504200217513,6.053760500543782e-05,,no_signal,,,,,,SIM-NS-0312,,,,23,3.882819015846539,0.02,2.2239999999999998,4.511610399481366e-08,6.404267326931556e-05,0.21373462905959142,0.00029963639280680064,0.03594763798642633
10.62898512857435,2.628985128574349e-05,,no_signal,,,,,,SIM-NS-0313,,,,4,19.625938281901586,0.02,15.538,8.435651184747059e-09,6.494478880070265e-05,0.5002269632436452,0.00012983064403321664,0.5294873073027411
14.728360785371006,0.0001337016471222,,no_signal,,,,,,SIM-NS-0314,,,,19,4.614678899082569,0.3,2.634,3.2876306545031214e-07,4.8459339764050924e-05,0.06175449751664406,0.0007847094821067919,0.3493444338442965
12.466770880681834,5.166927201704584e-05,,no_signal,,,,,,SIM-NS-0315,,,,6,13.39699749791493,0.02,12.206,3.4322400521555134e-08,0.0001069616761925074,0.40852635721681824,0.0002618231952552803,0.0059032325371110245
11.476705985746666,3.4767059857466654e-05,,no_signal,,,,,,SIM-NS-0316,,,,42,2.1426188490408675,0.3,1.192,2.223072382444302e-07,2.6800720835051806e-05,0.04335159890987797,0.0006182175861786974,0.37170879930201806
10.682693548039014,2.6826935480390136e-05,,no_signal,,,,,,SIM-NS-0317,,,,49,1.866138448707256,0.3,0.402,5.691596760350659e-07,3.992849617517891e-05,0.040880266861615715,0.000976718090181293,0.012661246183280517
10.627766529961333,2.627766529961331e-05,,no_signal,,,,,,SIM-NS-0318,,,,27,3.3298582151793163,0.3,1.436,3.121137784446215e-08,1.2555206945097375e-05,0.05267297843603773,0.00023836143916455217,0.06792177815446024
10.645147200048708,2.645147200048708e-05,,no_signal,,,,,,SIM-NS-0319,,,,180,0.5,0.3,0.276,8.638543736556204e-09,2.555290886885331e-06,0.030743193130071036,8.311728960860307e-05,0.12237310291659652
10.958425459781663,2.958425459781665e-05,,no_signal,,,,,,SIM-NS-0320,,,,7,12.925354462051711,0.02,1.31,1.1245519390972663e-08,5.668337975339721e-05,0.37826487059409347,0.00014985102810200613,0.35570160099516884
12.832731538950792,6.081828847376981e-05,,no_signal,,,,,,SIM-NS-0321,,,,51,1.7685571309424521,0.3,0.56,2.6435455152966477e-06,8.407320332204371e-05,0.04012540103787983,0.0020952613842457443,0.12807843208502634
14.247569080361364,0.0001048541448216,,no_signal,,,,,,SIM-NS-0322,,,,4,19.75604670558799,0.02,14.856,1.239000821252413e-07,0.00024889765178204293,0.5002269632436452,0.0004975694436143629,0.14153518957970565
11.89357600166341,3.8935760016634106e-05,,no_signal,,,,,,SIM-NS-0323,,,,9,9.623853211009175,0.16,4.322,1.927443480132516e-08,2.3466958413376204e-05,0.12048311971163947,0.00019477382781539262,0.11405115287327912
10.407216333989687,2.4072163339896875e-05,,no_signal,,,,,,SIM-NS-0324,,,,5,18.95913261050876,0.09,11.047,6.916402432774106e-09,2.5075164157506435e-05,0.21373462905959142,0.00011731914602623995,0.16965919991822265
14.390224905643509,0.0001134134943386,,no_signal,,,,,,SIM-NS-0325,,,,7,13.478315262718933,0.02,5.156,1.6563289691569008e-07,0.0002175400763836377,0.37826487059409347,0.000575099865980086,0.017188956068904682
10.3718083329654,2.3718083329654008e-05,,no_signal,,,,,,SIM-NS-0326,,,,22,4.14303586321935,0.02,2.4219999999999997,7.266998875996234e-09,2.6307700983552174e-05,0.21873943831900167,0.00012026958277723094,0.3753521223760617
14.312032882299013,0.0001087219729379,,no_signal,,,,,,SIM-NS-0327,,,,13,7.168056713928274,0.3,2.776,8.703689828779255e-07,9.521734911088764e-05,0.07379341933837459,0.0012903230391625453,0.13850762332266875
13.945243140648302,8.863107851620753e-05,,no_signal,,,,,,SIM-NS-0328,,,,5,17.430358632193496,0.02,11.584,9.972473974834524e-08,0.00019972455006678214,0.4474673913296483,0.0004463443681858048,0.0038478706948467493
13.868623217517172,8.671558043792929e-05,,no_signal,,,,,,SIM-NS-0329,,,,9,9.900333611342786,0.02,5.048,1.0727503638677308e-07,0.0001543985005589832,0.3336740682737929,0.00046272250450188725,0.5053802850681164
12.008383457493617,4.020958643734037e-05,,no_signal,,,,,,SIM-NS-0330,,,,15,5.671809841534612,0.02,0.786,1.8344959161189427e-08,4.9456997025965066e-05,0.25863922698323705,0.0001912200156288376,0.04612302854974082
14.74103315312292,0.0001344619891873,,no_signal,,,,,,SIM-NS-0331,,,,11,7.818598832360301,0.09,7.503,2.3573973268641972e-07,9.910847018268498e-05,0.14512973002993387,0.0006828957110458572,0.1871701460706758
15.66419693100131,0.0002164196931001,,no_signal,,,,,,SIM-NS-0332,,,,8,11.006255212677232,0.02,2.844,5.6980919818965e-07,0.0003774285356823448,0.35387458383743353,0.0010665601682649571,0.09547121778230173
13.616398965336405,8.040997413341011e-05,,no_signal,,,,,,SIM-NS-0333,,,,7,13.527105921601336,0.16,6.974,7.178805293434977e-08,5.063456362397467e-05,0.13448743243314124,0.0003765003369303449,0.20836949234538055
15.220350780560343,0.000172035078056,,no_signal,,,,,,SIM-NS-0334,,,,10,9.347372810675564,0.02,1.498,3.548053389959267e-07,0.0002663851868989209,0.31658699340293067,0.0008414280828015056,0.3402525579249523
12.193015237042982,4.482538092607454e-05,,no_signal,,,,,,SIM-NS-0335,,,,7,11.071309424520434,0.02,6.074,2.796953211840729e-08,8.93940428160489e-05,0.37826487059409347,0.00023632657898061966,0.016492101659781714
12.466526474973664,5.166316187434159e-05,,no_signal,,,,,,SIM-NS-0336,,,,12,7.330692243536281,0.02,5.624,3.3453214740487734e-08,7.466951044476922e-05,0.28906878268849695,0.0002583105299378997,0.08454303270478768
15.95512251613044,0.000245512251613,,no_signal,,,,,,SIM-NS-0337,,,,5,14.779399499582988,0.02,8.626,8.030708964032361e-07,0.0005667701108573731,0.4474673913296483,0.001266617683968472,0.17997822116399984
14.029751318485822,9.17850791091493e-05,,no_signal,,,,,,SIM-NS-0338,,,,10,9.623853211009175,0.09,1.9889999999999999,1.1759650264220096e-07,7.395677639021603e-05,0.15324769673770738,0.0004825963323729262,0.024216526465582165
14.236897245725366,0.0001042138347435,,no_signal,,,,,,SIM-NS-0339,,,,68,1.329441201000834,0.3,0.48,5.8959001951201634e-05,0.0003433919100712668,0.035963052648018544,0.00954846390355538,0.23006598844633852
13.467339743948944,7.668349359872359e-05,,no_signal,,,,,,SIM-NS-0340,,,,4,19.512093411175982,0.09,18.329,6.858162862846807e-08,8.729364787163352e-05,0.23618487274102273,0.000369598809858374,0.058560940140019196
10.528418611065032,2.5284186110650315e-05,,no_signal,,,,,,SIM-NS-0341,,,,26,3.5087572977481236,0.3,2.254,2.4291104007832814e-08,1.1351884127930312e-05,0.05385662231253532,0.00021077972662403898,0.28987074729729245
12.130437429264068,4.326093573160166e-05,,no_signal,,,,,,SIM-NS-0342,,,,5,16.56839032527106,0.02,9.596,2.133014277729977e-08,9.236913505539235e-05,0.4474673913296483,0.00020642651698242787,0.7964781546915731
10.210877888479574,2.2108778884795743e-05,,no_signal,,,,,,SIM-NS-0343,,,,109,0.8252710592160134,0.3,0.314,6.4204625877457675e-09,2.832060271740211e-06,0.031316688444238294,9.043294206483249e-05,0.1964496073473254
15.04794935363256,0.0001547949353632,,no_signal,,,,,,SIM-NS-0344,,,,19,4.582151793160968,0.02,2.988,3.3232507822133463e-07,0.00018703365253702753,0.2299116555987761,0.0008135022648152474,0.19033097503662094
10.1350469789899,2.1350469789899e-05,,no_signal,,,,,,SIM-NS-0345,,,,17,5.2814845704753965,0.3,2.652,1.2528930703133188e-05,0.0003165935021837152,0.06511867945560504,0.004861792420092829,0.0026935940104752224
10.015846814546034,2.015846814546034e-05,,no_signal,,,,,,SIM-NS-0346,,,,5,18.568807339449542,0.02,2.002,5.119474173475391e-09,4.5252510089577314e-05,0.4474673913296483,0.00010113029679125798,0.1180904991655427
13.424036943436528,7.560092358591319e-05,,no_signal,,,,,,SIM-NS-0347,,,,6,15.657631359466222,0.02,1.4020000000000001,7.327083238874978e-08,0.00015628055156124976,0.40852635721681824,0.0003825470469664374,0.8089020961050237
12.55409155975702,5.385228899392552e-05,,no_signal,,,,,,SIM-NS-0348,,,,12,7.151793160967474,0.02,4.834,3.082938718213956e-08,7.168145643765556e-05,0.28906878268849695,0.0002479737029055127,0.4418230247978789
13.864690096766488,8.661725241916218e-05,,no_signal,,,,,,SIM-NS-0349,,,,107,0.841534612176814,0.23,0.14700000000000002,1.0596141685928629e-07,1.3261582543111494e-05,0.03379327420277384,0.000392432602521331,0.3165465503467411
13.65179689752228,8.1294922438057e-05,,no_signal,,,,,,SIM-NS-0350,,,,7,14.258965804837366,0.02,0.678,8.303157363741345e-08,0.00015402372139894371,0.37826487059409347,0.00040718484155570104,1.0136458177777825
13.503043371418162,7.757608428545404e-05,,no_signal,,,,,,SIM-NS-0351,,,,88,1.0204336947456214,0.3,0.46399999999999997,7.859501867807433e-08,1.104726004363954e-05,0.033118086304735346,0.0003335718115469722,0.016343954363756297
13.164651672873386,6.911629182183466e-05,,no_signal,,,,,,SIM-NS-0352,,,,5,16.698498748957466,0.02,12.634,6.71129318010953e-08,0.0001638449655022578,0.4474673913296483,0.0003661606827156564,0.6597647615004524
15.013675049135848,0.0001513675049135,,no_signal,,,,,,SIM-NS-0353,,,,7,12.17723102585488,0.02,6.518,2.764796296469371e-07,0.0002810590327657625,0.37826487059409347,0.0007430217675893035,0.39130590897466777
13.986987786430369,8.967469466075917e-05,,no_signal,,,,,,SIM-NS-0354,,,,5,14.811926605504588,0.02,9.014,1.1307652278624966e-07,0.00021267489065335266,0.4474673913296483,0.0004752857856779009,0.027430949265996107
10.74847510923636,2.748475109236361e-05,,no_signal,,,,,,SIM-NS-0355,,,,10,9.184737281067557,0.3,0.55,1.4180178107532673e-08,1.3842833109012354e-05,0.0836148518507403,0.00016555471668744926,0.4730309591159276
14.140565933357228,9.84339560014336e-05,,no_signal,,,,,,SIM-NS-0356,,,,7,12.860300250208509,0.02,7.534,1.1955821354468533e-07,0.00018482286001542114,0.37826487059409347,0.000488606990453919,0.23682862110533393
12.609441439575525,5.523603598938807e-05,,no_signal,,,,,,SIM-NS-0357,,,,5,18.24353628023353,0.02,9.442,3.866095466594698e-08,0.0001243558678405421,0.4474673913296483,0.0002779104583934461,0.33294699588603816
13.667724120054258,8.169310300135645e-05,,no_signal,,,,,,SIM-NS-0358,,,,20,4.549624687239366,0.02,2.5,1.034364011505093e-07,0.00010170368781448058,0.22411568961834308,0.0004537999458568763,0.3653061556304117
10.562697068276272,2.562697068276272e-05,,no_signal,,,,,,SIM-NS-0359,,,,8,12.486238532110093,0.16,0.656,7.67980107470208e-09,1.561419894602345e-05,0.12689803983358025,0.00012304523353158652,0.39863859919504635
13.814668390904032,8.53667097726008e-05,,no_signal,,,,,,SIM-NS-0360,,,,5,17.788156797331112,0.02,1.686,7.951831395893394e-08,0.00017834608373468175,0.4474673913296483,0.0003985677776535331,0.10628398944256108
10.101985405331414,2.1019854053314137e-05,,no_signal,,,,,,SIM-NS-0361,,,,91,0.98790658882402,0.3,0.532,6.491993815228862e-09,3.118626850540096e-06,0.032777625203839846,9.514499086330251e-05,0.08269839915737946
11.505001684257673,3.505001684257672e-05,,no_signal,,,,,,SIM-NS-0362,,,,116,0.7764804003336114,0.3,0.556,1.7840247694995704e-08,4.578631163543179e-06,0.030934716738916734,0.00014800947434515,0.30474042101702814
15.01230870625982,0.0001512308706259,,no_signal,,,,,,SIM-NS-0363,,,,13,7.086738949124271,0.02,0.372,2.618771860116231e-07,0.00020072069611254406,0.2777598899227884,0.0007226410413985272,0.7664223480992616
15.120326393879804,0.0001620326393879,,no_signal,,,,,,SIM-NS-0364,,,,6,13.234361968306924,0.09,11.647,3.777103355995949e-07,0.00017045422024675183,0.19669695649348384,0.0008665829064436929,0.2498580022955102
10.96779695941178,2.96779695941178e-05,,no_signal,,,,,,SIM-NS-0365,,,,8,11.965804837364471,0.02,3.1919999999999997,1.1764693921327765e-08,5.7977074093162884e-05,0.37826487059409347,0.0001532711033993337,0.5539330800011166
14.672385585637084,0.0001303431351382,,no_signal,,,,,,SIM-NS-0366,,,,5,17.430358632193496,0.02,4.234,2.1931683784295768e-07,0.0002961869935313999,0.4474673913296483,0.0006619186096472437,0.21316154904241927
14.730053962691128,0.0001338032377614,,no_signal,,,,,,SIM-NS-0367,,,,127,0.7114261884904087,0.3,0.41000000000000003,2.466087781173771e-07,1.6297211872795536e-05,0.030501680143015956,0.0005343053824045541,0.18655750460569995
11.831968281060616,3.831968281060616e-05,,no_signal,,,,,,SIM-NS-0368,,,,4,19.560884070058385,0.02,13.790000000000001,1.9941987549550096e-08,9.985486355079676e-05,0.5002269632436452,0.0001996191146980626,0.37397457537399215
14.90050336909847,0.0001440302021459,,no_signal,,,,,,SIM-NS-0369,,,,12,7.249374478732277,0.02,3.3939999999999997,2.631914476888459e-07,0.0002094403048162885,0.28906878268849695,0.0007245344961444115,0.27115716758355674
14.576249366433906,0.000124574961986,,no_signal,,,,,,SIM-NS-0370,,,,24,3.7201834862385326,0.02,1.9040000000000001,1.9938619860765205e-07,0.00012890118909714143,0.20468198952937772,0.0006297632214418183,0.0026165866260347446
15.009769486985476,0.0001509769486985,,no_signal,,,,,,SIM-NS-0371,,,,5,17.462885738115098,0.02,4.83,3.1379284545419204e-07,0.00035428397957237845,0.4474673913296483,0.0007917537376737654,0.4617085837851903
14.104035061782934,9.624210370697604e-05,,no_signal,,,,,,SIM-NS-0372,,,,4,19.9674728940784,0.09,13.705,1.1775937033728764e-07,0.00012132568273925948,0.2504548559594376,0.0004844213631813502,0.5427684375920024
10.064631844425003,2.064631844425005e-05,,no_signal,,,,,,SIM-NS-0373,,,,13,6.924103419516264,0.3,1.932,1.5900902123369487e-07,4.069820599483798e-05,0.07379341933837459,0.0005515153838883544,0.1398083722043421
13.553073324873436,7.88268331218359e-05,,no_signal,,,,,,SIM-NS-0374,,,,96,0.9391159299416181,0.3,0.46599999999999997,7.440035550675e-08,1.0261986104986853e-05,0.03227216222492398,0.0003179826016448771,0.29301663733532207
15.104756141092732,0.0001604756141092,,no_signal,,,,,,SIM-NS-0375,,,,71,1.2643869891576314,0.3,0.868,2.9380552902217737e-05,0.00023724372300204521,0.035426419891633025,0.0066968020965075615,0.32176398672063805
11.723124957730835,3.7231249577308354e-05,,no_signal,,,,,,SIM-NS-0376,,,,6,15.202251876563805,0.02,0.3,2.0116486166851944e-08,8.970281192188789e-05,0.4474673913296483,0.00020046781879532315,0.3975630722637034
12.730745451132105,5.826863627830262e-05,,no_signal,,,,,,SIM-NS-0377,,,,180,0.5,0.3,0.252,5.962371550650437e-08,6.710664479325779e-06,0.0307490272278219,0.00021823989518777136,0.2458383292694318
14.200972137631242,0.0001020583282578,,no_signal,,,,,,SIM-NS-0378,,,,5,15.982902418682237,0.02,14.406,1.329614372972498e-07,0.0002306178113652413,0.4474673913296483,0.0005153846198266225,0.3274943749908206
14.09818752079069,9.58912512474414e-05,,no_signal,,,,,,SIM-NS-0379,,,,99,0.9065888240200167,0.23,0.505,1.6106944798018441e-07,1.6997464753254476e-05,0.034647413429323565,0.0004905839446839864,0.15702311057903867
11.858148374181996,3.858148374181995e-05,,no_signal,,,,,,SIM-NS-0380,,,,7,12.957881567973311,0.16,10.01,1.834710712438157e-08,2.6067652101668948e-05,0.1369238461469076,0.0001903806592877955,0.00019752884209859334
10.043476075645344,2.0434760756453443e-05,,no_signal,,,,,,SIM-NS-0381,,,,5,18.145954962468725,0.02,9.178,5.365153974445401e-09,4.6325604041053126e-05,0.4474673913296483,0.0001035284468515051,0.049435066228821975
14.43376930408083,0.0001160261582448,,no_signal,,,,,,SIM-NS-0382,,,,83,1.085487906588824,0.23,0.527,2.013716216755137e-07,2.0843673637416238e-05,0.03695862444612348,0.000563973198401936,0.19291242600589445
11.08895913781216,3.088959137812159e-05,,no_signal,,,,,,SIM-NS-0383,,,,105,0.8577981651376148,0.3,0.406,1.0682520870427102e-08,3.712667221544841e-06,0.031542573422305355,0.00011770337099126559,0.05360558280513749
12.331763160840891,4.8294079021022326e-05,,no_signal,,,,,,SIM-NS-0384,,,,116,0.7764804003336114,0.3,0.28600000000000003,2.8066577914022202e-08,5.744570619969913e-06,0.030938094566244495,0.00018567952230120918,0.6032314288444224
13.3438858030469,7.359714507617246e-05,,no_signal,,,,,,SIM-NS-0385,,,,7,12.551292743953296,0.02,9.086,8.755741835569704e-08,0.00015816575243876585,0.37826487059409347,0.0004181349227337834,0.470220642433491
12.730565200454867,5.826413001137172e-05,,no_signal,,,,,,SIM-NS-0386,,,,12,7.477064220183487,0.3,1.8159999999999998,1.1788272264591597e-07,3.660022395690632e-05,0.07692891040279339,0.0004757668315496812,0.09428122893991132
12.39820444614192,4.995511115354799e-05,,no_signal,,,,,,SIM-NS-0387,,,,5,16.194328607172643,0.02,12.944,3.360142796106405e-08,0.00011593347741001292,0.4474673913296483,0.0002590881026336173,0.35206021945329546
15.316154377604176,0.0001816154377604,,no_signal,,,,,,SIM-NS-0388,,,,7,11.526688907422853,0.09,10.843,4.6662607260459167e-07,0.00017350765951418268,0.18024006024579595,0.0009626475894291635,0.42959677492359666
10.926525114739812,2.926525114739812e-05,,no_signal,,,,,,SIM-NS-0389,,,,4,19.49582985821518,0.09,16.985000000000003,9.9239616143884e-09,3.320636086057149e-05,0.23618487274102273,0.0001405947827022027,0.5715523346481574
10.864177751211502,2.8641777512115017e-05,,no_signal,,,,,,SIM-NS-0390,,,,7,12.6814011676397,0.02,1.682,1.0503122046744272e-08,5.478039807604862e-05,0.37826487059409347,0.00014482021021410707,0.32379683435975315
13.371415879816526,7.428539699541314e-05,,no_signal,,,,,,SIM-NS-0391,,,,118,0.7602168473728107,0.23,0.551,9.224776719346387e-08,1.176903398558693e-05,0.03279851560595191,0.0003588282508569143,0.1677878604612125
13.533891182753354,7.834727956883385e-05,,no_signal,,,,,,SIM-NS-0392,,,,13,6.517514595496247,0.3,5.444000000000001,4.264229201631288e-06,0.00021130928677326466,0.07397757280884824,0.002856396590886672,0.07396374159691574
14.550680909307204,0.0001230408545584,,no_signal,,,,,,SIM-NS-0393,,,,9,9.867806505421186,0.3,7.726000000000001,2.1379782744138797e-07,5.670101342947209e-05,0.08804919316065155,0.0006439697105005535,0.6080737440729923
13.516939376736094,7.792348441840233e-05,,no_signal,,,,,,SIM-NS-0394,,,,105,0.8577981651376148,0.3,0.638,1.2161066854034715e-07,1.2595916076718616e-05,0.03162310653375207,0.0003983136844343457,0.027644215060411974
15.303409963400052,0.00018034099634,,no_signal,,,,,,SIM-NS-0395,,,,5,19.300667222685572,0.02,10.24,4.973764588654214e-07,0.0004460387691066492,0.4474673913296483,0.000996807315458778,0.10607555248618884
11.11835646660007,3.118356466600069e-05,,no_signal,,,,,,SIM-NS-0396,,,,7,14.324020016680569,0.23,0.601,1.2236120568059724e-08,1.7600431933439964e-05,0.1135305013215319,0.00015502822350439062,0.3492144330750834
11.804368909777333,3.804368909777333e-05,,no_signal,,,,,,SIM-NS-0397,,,,5,15.137197664720603,0.02,10.688,1.8806122214004276e-08,8.67320522390802e-05,0.4474673913296483,0.0001938287658936579,0.3119607733046778
13.871672254329813,8.67918063582453e-05,,no_signal,,,,,,SIM-NS-0398,,,,111,0.8090075062552127,0.3,0.514,1.0059662193939747e-07,1.1082806423368119e-05,0.031166988289519477,0.00035559439752139713,0.0934394304982918
13.103142195336158,6.757855488340395e-05,,no_signal,,,,,,SIM-NS-0399,,,,94,0.9553794829024187,0.3,0.586,6.495325296640512e-08,9.70584424819787e-06,0.03248378310806355,0.00029879045232845914,0.28053786739523495
