kepmag,sigma,anchor,label,t0,period,rp_rs,b,a_rstar,id,depth_ratio,shape,dur
13.821770123928726,8.554425309821814e-05,Kepler-10b,planet,0.21293859244554045,0.8139476903720756,0.020324374359878383,0.3281943215280245,3.444237036827336,SIM-PL-0000,,,
15.736010257773852,0.00022360102577738525,Kepler-90b,planet,1.792417790143306,7.146104505360234,0.014970688436324105,0.5019206924654847,13.008981802595432,SIM-PL-0001,,,
11.680455775780956,3.680455775780956e-05,Kepler-90i,planet,5.173204454758689,14.12105367028222,0.022199928914597683,0.3891002090529046,20.48527507024387,SIM-PL-0002,,,
11.414792828875196,3.414792828875196e-05,TRAPPIST-1b,planet,0.23620361605492504,1.4740354716807214,0.08667609892336917,0.14102524852018286,45.03998421442893,SIM-PL-0003,,,
14.379390971588306,0.00011276345829529834,TRAPPIST-1e,planet,4.8455194630999765,6.260716577046824,0.06319677755222057,0.37000470192619356,118.12513077670398,SIM-PL-0004,,,
14.724536151319741,0.00013347216907918448,Kepler-452b,planet,237.6266300285467,385.9060181767334,0.015106719505346712,0.5526300404242247,200.92918946652213,SIM-PL-0005,,,
11.945702876207658,3.945702876207658e-05,HAT-P-7b,planet,1.3076556569611844,2.1460895734086063,0.08927539213636315,0.5434036239755841,3.8047464183962068,SIM-PL-0006,,,
12.284409071290858,4.7110226782271444e-05,Kepler-10b,planet,0.6937877562528022,0.828070347964073,0.02459350780377574,0.32163119704133825,3.483962924483351,SIM-PL-0007,,,
14.418947988060722,0.00011513687928364334,Kepler-90b,planet,6.797076175483774,6.81316374211865,0.016404957278289625,0.5128570464759384,12.60171389054072,SIM-PL-0008,,,
12.233996679059484,4.584991697648709e-05,Kepler-90i,planet,8.691539029297658,14.465061552967097,0.021739107954025123,0.42355743672305385,20.81663791522304,SIM-PL-0009,,,
15.009889783012053,0.00015098897830120528,TRAPPIST-1b,planet,0.23868412423948246,1.4918583414917244,0.07732103573321547,0.14847252140914236,45.40231503410575,SIM-PL-0010,,,
15.5829568690618,0.00020829568690617996,TRAPPIST-1e,planet,0.7193406294950796,6.1767707875713675,0.0693308222856671,0.32268426132146627,117.06684933933084,SIM-PL-0011,,,
15.122449355653506,0.00016224493556535061,Kepler-452b,planet,312.85233232544823,379.05295390783976,0.014225113196501639,0.6139909472718275,198.5433086606538,SIM-PL-0012,,,
12.719682377379023,5.799205943447557e-05,HAT-P-7b,planet,0.3107747828486691,2.1793260620769144,0.0797887601649039,0.5272387256665556,3.8439284526438384,SIM-PL-0013,,,
14.00572029961344,9.034321797680639e-05,Kepler-10b,planet,0.01888859578441143,0.847399737461756,0.021254337606960983,0.3094819217298095,3.537970867299315,SIM-PL-0014,,,
10.028932264339666,2.0289322643396658e-05,Kepler-90b,planet,1.5576270427508392,7.127661128073594,0.015566526368863636,0.527940337652927,12.986588913942025,SIM-PL-0015,,,
13.327599524606264,7.318998811515657e-05,Kepler-90i,planet,1.0273106480877598,14.324345393443206,0.022731132558274855,0.4159920783287168,20.681415203890513,SIM-PL-0016,,,
14.724511012616833,0.00013347066075701001,TRAPPIST-1b,planet,0.2627593706533367,1.5435606048359798,0.09300678375096783,0.11776144305693978,46.445331157770255,SIM-PL-0017,,,
13.456338110249035,7.640845275622588e-05,TRAPPIST-1e,planet,1.0155309033148592,6.118493455573264,0.06524993893842564,0.31616515702484554,116.32934240588382,SIM-PL-0018,,,
13.189864686179973,6.974661715449933e-05,Kepler-452b,planet,261.06135104101986,396.12147509837536,0.014224550557833601,0.6159715761438077,204.45963907316533,SIM-PL-0019,,,
13.881004862074828,8.70251215518707e-05,HAT-P-7b,planet,0.7420269286201907,2.1428059886181168,0.07606153762640896,0.5008040074396566,3.800864506653742,SIM-PL-0020,,,
14.331274327732618,0.0001098764596639571,Kepler-10b,planet,0.47678437823782815,0.8327298207233097,0.02302540027147898,0.2563998988855108,3.4970199828483275,SIM-PL-0021,,,
15.343853203285718,0.00018438532032857182,Kepler-90b,planet,2.7063314627212245,7.174621365409182,0.017443441352279276,0.4745535079762849,13.04356745387766,SIM-PL-0022,,,
10.049559713241905,2.049559713241905e-05,Kepler-90i,planet,8.58196426839479,14.807837563790113,0.0242792250902302,0.3881341101159745,21.14421138661325,SIM-PL-0023,,,
13.954685211957392,8.88671302989348e-05,TRAPPIST-1b,planet,0.12852422202475913,1.487368437283596,0.08370804314323955,0.13079050449565147,45.31117392549654,SIM-PL-0024,,,
11.223744579680812,3.2237445796808116e-05,TRAPPIST-1e,planet,3.3442606241490767,5.943790233710237,0.06551179140889346,0.2999308321255774,114.10427675382421,SIM-PL-0025,,,
15.58926179019733,0.000208926179019733,Kepler-452b,planet,327.35432225774395,389.4490869760503,0.012665440021984246,0.6060079709867497,202.1571585835899,SIM-PL-0026,,,
12.331621718003433,4.829054295008582e-05,HAT-P-7b,planet,0.9563441910331606,2.2028539110703202,0.0775489281783414,0.4365943492738782,3.871544762161008,SIM-PL-0027,,,
15.985347942060521,0.0002485347942060521,Kepler-10b,planet,0.531175777043257,0.8505221174093829,0.02371511125385548,0.33044491109931773,3.5466563521489327,SIM-PL-0028,,,
12.356572197192262,4.8914304929806556e-05,Kepler-90b,planet,5.08130508779825,6.942408462674434,0.014907672367255608,0.5097243195765058,12.760582673523329,SIM-PL-0029,,,
14.022220532012522,9.133323192075131e-05,Kepler-90i,planet,10.898395511557545,14.34478273198313,0.02100289018089829,0.4303936539774375,20.701082077666424,SIM-PL-0030,,,
13.11155724590703,6.778893114767572e-05,TRAPPIST-1b,planet,0.838615111211106,1.5265344116551995,0.08822198203667654,0.1204013973552618,46.10315772518716,SIM-PL-0031,,,
14.883314344052785,0.0001429988606431671,TRAPPIST-1e,planet,1.8488720457913694,5.990026313093451,0.07126572929656355,0.33449478925327225,114.69524848961107,SIM-PL-0032,,,
15.90442555096683,0.00024044255509668292,Kepler-452b,planet,51.03731970688032,392.2890300672162,0.0131812694701941,0.663791670830875,203.1387491367664,SIM-PL-0033,,,
14.970317439716744,0.00014821904638300467,HAT-P-7b,planet,1.3429417999929965,2.2415000891294943,0.08401873183027367,0.5591701574206076,3.9166941633897476,SIM-PL-0034,,,
15.381886419382452,0.0001881886419382452,Kepler-10b,planet,0.23470549050535938,0.8387157076644712,0.023249274688210503,0.32101917794372575,3.513758319114743,SIM-PL-0035,,,
15.554699951160812,0.00020546999511608118,Kepler-90b,planet,1.0108961818802775,7.174487231701234,0.016523001669218114,0.4931993154719423,13.043404881998256,SIM-PL-0036,,,
14.98363628705906,0.0001490181772235436,Kepler-90i,planet,9.89138562787443,14.11550019237481,0.022592308762332442,0.3524570544278954,20.479903800587085,SIM-PL-0037,,,
11.305079649979032,3.3050796499790314e-05,TRAPPIST-1b,planet,0.40640636505334454,1.5258162391863515,0.0924498693875127,0.13762911242160492,46.08869681510279,SIM-PL-0038,,,
13.806741598958585,8.516853997396461e-05,TRAPPIST-1e,planet,1.556197550726118,6.184769271867493,0.06929295653790438,0.3175785979471457,117.16788977165207,SIM-PL-0039,,,
11.194592865823594,3.194592865823594e-05,Kepler-452b,planet,104.81375589626845,395.81936506604717,0.013473335834336606,0.5701342495861665,204.35566900957326,SIM-PL-0040,,,
12.73650188934445,5.841254723361123e-05,HAT-P-7b,planet,1.57984633591189,2.2519038843122603,0.08053297247557487,0.4773208121846482,3.9288042162230177,SIM-PL-0041,,,
14.664560550757123,0.00012987363304542738,Kepler-10b,planet,0.5331963585802676,0.8615722263580821,0.02209898600530844,0.3130137170140385,3.577309337510218,SIM-PL-0042,,,
14.488808804358504,0.00011932852826151023,Kepler-90b,planet,4.745217401317967,7.208148829880864,0.0170342303950726,0.436542525538914,13.084171487207634,SIM-PL-0043,,,
15.856861073241017,0.0002356861073241017,Kepler-90i,planet,6.151401670821092,14.338636450571427,0.023495434678785364,0.3750113360554237,20.69516848682374,SIM-PL-0044,,,
12.95415834899395,6.385395872484874e-05,TRAPPIST-1b,planet,1.483422013560498,1.545840170355429,0.07894245743602188,0.12726415839126523,46.49104759304448,SIM-PL-0045,,,
10.108646589623792,2.1086465896237918e-05,TRAPPIST-1e,planet,5.4030463822852495,6.158253872173228,0.06941831597857671,0.3624647903335082,116.83276785995322,SIM-PL-0046,,,
12.767635188347434,5.919087970868585e-05,Kepler-452b,planet,203.49521731083743,377.49006110210263,0.013216544449104667,0.5286792588892364,197.99718349229457,SIM-PL-0047,,,
14.450667007984348,0.00011704002047906089,HAT-P-7b,planet,1.5933514583947368,2.1933757567713044,0.08904401118735462,0.524254056665533,3.860431462460621,SIM-PL-0048,,,
11.776620908879224,3.776620908879224e-05,Kepler-10b,planet,0.5017720989936706,0.8522460150295744,0.02111192570638834,0.2847145383927481,3.5514471418482274,SIM-PL-0049,,,
13.400458858338741,7.501147145846851e-05,Kepler-90b,planet,0.9868114480516793,7.069119795076468,0.015813924937661955,0.4952047917463317,12.915383065710326,SIM-PL-0050,,,
13.432551304242065,7.581378260605162e-05,Kepler-90i,planet,2.516336982304823,14.194613191542075,0.02172526996255303,0.340780544195962,20.556354835270035,SIM-PL-0051,,,
11.6566905620796,3.6566905620796e-05,TRAPPIST-1b,planet,0.017452707406718313,1.4786052205121556,0.08157063529391834,0.13948048441193653,45.13302368275728,SIM-PL-0052,,,
13.764724848740972,8.41181212185243e-05,TRAPPIST-1e,planet,1.0332422781612094,6.25125820554609,0.0701885208438471,0.33637306576959675,118.00612918264225,SIM-PL-0053,,,
11.557707962107477,3.557707962107477e-05,Kepler-452b,planet,366.55338540193173,374.1368576118125,0.015152835050065023,0.6541080668599534,196.82291561992594,SIM-PL-0054,,,
11.932939346847505,3.932939346847504e-05,HAT-P-7b,planet,0.2775044858505075,2.268048266505346,0.08441446878973376,0.5448443455118784,3.9475594776275336,SIM-PL-0055,,,
12.851935515852382,6.129838789630955e-05,Kepler-10b,planet,0.5420054014523726,0.8380782132334887,0.020909887375137007,0.27129050457946274,3.51197759238333,SIM-PL-0056,,,
14.325004495037572,0.0001095002697022543,Kepler-90b,planet,4.210362447050776,6.958149075801953,0.014889274826815251,0.43674924742823223,12.77986354900588,SIM-PL-0057,,,
10.26939830213643,2.2693983021364302e-05,Kepler-90i,planet,3.274666016252216,14.068065675394488,0.023101232282595884,0.44703560906397977,20.433996855087038,SIM-PL-0058,,,
14.217412159607424,0.00010304472957644541,TRAPPIST-1b,planet,0.11965466824836639,1.532743496473262,0.09323681367420829,0.1259406176626897,46.228087635302806,SIM-PL-0059,,,
11.280709479878144,3.280709479878144e-05,TRAPPIST-1e,planet,1.686627707179297,6.214555658182677,0.07459015605429595,0.3760140683720338,117.54378227908997,SIM-PL-0060,,,
12.097831868283025,4.244579670707563e-05,Kepler-452b,planet,58.69232314727621,373.66087601216555,0.012583444522401881,0.5376357044239772,196.6559464838954,SIM-PL-0061,,,
15.51329959117238,0.00020132995911723803,HAT-P-7b,planet,0.4090168201790111,2.206187109510295,0.07434055743426733,0.5152879685924812,3.8754492046943163,SIM-PL-0062,,,
13.393870737887198,7.484676844717995e-05,Kepler-10b,planet,0.06550475022185644,0.8172430332777506,0.023623308017685928,0.33083102325929803,3.4535269845866905,SIM-PL-0063,,,
13.443620292901542,7.609050732253855e-05,Kepler-90b,planet,3.988578548443709,7.1890887715033305,0.014945285811625741,0.4738535121203508,13.061096204571822,SIM-PL-0064,,,
12.880530818822937,6.201327047057342e-05,Kepler-90i,planet,10.070243927122405,14.686280134319182,0.022780205105594743,0.3654289575864169,21.028337371795086,SIM-PL-0065,,,
12.479630256651745,5.199075641629363e-05,TRAPPIST-1b,planet,0.07066679793713124,1.5058844989768745,0.08642397602075332,0.1275725648425882,45.686446699131444,SIM-PL-0066,,,
11.285109960929793,3.285109960929793e-05,TRAPPIST-1e,planet,3.6553381602252464,5.993785781234022,0.07586946687478749,0.3966522463497658,114.74323359221107,SIM-PL-0067,,,
10.189777073844855,2.1897770738448548e-05,Kepler-452b,planet,163.10897269591123,385.55359557281747,0.014146899749077632,0.5731559748214943,200.80684055740136,SIM-PL-0068,,,
15.633335690512183,0.00021333356905121832,HAT-P-7b,planet,0.06870664362238328,2.1763965550399846,0.0775171339878632,0.44560994628758827,3.8404829410541317,SIM-PL-0069,,,
11.5400127543626,3.5400127543626e-05,Kepler-10b,planet,0.10449040748608016,0.8584802993348127,0.022304343477826137,0.33698502969621796,3.5687456092553984,SIM-PL-0070,,,
11.382574108066166,3.3825741080661656e-05,Kepler-90b,planet,2.6390124269870783,7.1091939620041575,0.015435128676472386,0.5687966657920958,12.964147782082435,SIM-PL-0071,,,
11.312148830361041,3.312148830361041e-05,Kepler-90i,planet,6.755062165568513,14.351517062533503,0.020772550382648688,0.3983775473443789,20.707560485254433,SIM-PL-0072,,,
11.407730387295295,3.407730387295295e-05,TRAPPIST-1b,planet,0.9729907246463071,1.4714607690904427,0.08398680350220977,0.11624053838014226,44.98752127543515,SIM-PL-0073,,,
11.647726767480993,3.6477267674809926e-05,TRAPPIST-1e,planet,4.344754446126387,5.9559486038197,0.07419953183283962,0.37649098104665407,114.25982839434243,SIM-PL-0074,,,
14.237072659437718,0.00010422435956626309,Kepler-452b,planet,300.13222194721413,387.392785385883,0.014715982452308068,0.5124283249783306,201.44493410019584,SIM-PL-0075,,,
15.676996534550653,0.00021769965345506533,HAT-P-7b,planet,0.4759852095466621,2.185478172125455,0.07931398366372441,0.4625965180114473,3.851159176834602,SIM-PL-0076,,,
15.853311176187946,0.00023533111761879456,Kepler-10b,planet,0.14275572170810408,0.8568337562168092,0.023843810663152255,0.2693547988778506,3.564180974519361,SIM-PL-0077,,,
12.160688375398394,4.401720938495984e-05,Kepler-90b,planet,0.3338951637443992,6.8993787681189325,0.01641585316473748,0.5613878876728198,12.707800534279912,SIM-PL-0078,,,
14.219951200795217,0.00010319707204771302,Kepler-90i,planet,8.354324371830943,14.27800736663281,0.02093450709993478,0.4130055454226076,20.63678938776102,SIM-PL-0079,,,
12.043093459319532,4.1077336482988316e-05,TRAPPIST-1b,planet,1.5045378496530095,1.5083306962122447,0.0889887078493011,0.11340036480936982,45.73590946753611,SIM-PL-0080,,,
12.409620323392563,5.024050808481406e-05,TRAPPIST-1e,planet,3.5582395632548622,6.123019687304015,0.0631799356513937,0.3614315891902022,116.38670605459674,SIM-PL-0081,,,
14.851222252933308,0.00014107333517599847,Kepler-452b,planet,194.57971820072947,394.4058239193542,0.01253258849139772,0.6050324276404528,203.86885208057876,SIM-PL-0082,,,
12.020839707723102,4.0520992693077545e-05,HAT-P-7b,planet,2.222186715467332,2.239457407089599,0.07799754940798378,0.462780863525353,3.9143142760669125,SIM-PL-0083,,,
15.786092479093714,0.00022860924790937137,Kepler-10b,planet,0.46909468376498725,0.8490473271509286,0.024726143799500076,0.28921913222324797,3.542555273593579,SIM-PL-0084,,,
10.679620907762295,2.6796209077622954e-05,Kepler-90b,planet,4.453344836471242,6.939275181172212,0.01622855320882662,0.4922753513493934,12.756742939231039,SIM-PL-0085,,,
15.06653981594826,0.00015665398159482604,Kepler-90i,planet,10.698211995953203,14.791453600152678,0.021521831600513772,0.41312135186152743,21.128611994123688,SIM-PL-0086,,,
10.458385947056815,2.458385947056815e-05,TRAPPIST-1b,planet,1.512330976852688,1.5232789640678848,0.07777385724228754,0.12277564586200264,46.03758880946735,SIM-PL-0087,,,
11.038406162640982,3.0384061626409815e-05,TRAPPIST-1e,planet,3.8223488982497864,5.98424176172678,0.07243532974529361,0.36735416518088326,114.62139601649032,SIM-PL-0088,,,
12.385922745448475,4.964806863621188e-05,Kepler-452b,planet,67.5868030821409,380.6550148570523,0.013071277961766624,0.5556815502998363,199.10234197285533,SIM-PL-0089,,,
10.03206331738902,2.0320633173890206e-05,HAT-P-7b,planet,0.45518635465725393,2.258897067941605,0.07581129615058953,0.5289407410966425,3.9369338256608075,SIM-PL-0090,,,
11.64144190427417,3.64144190427417e-05,Kepler-10b,planet,0.8067930365213084,0.8137726015528968,0.020943522964512712,0.301775778270004,3.4437430910654063,SIM-PL-0091,,,
12.317606297153969,4.794015742884922e-05,Kepler-90b,planet,2.941625908232608,7.005418174544528,0.017116855737538517,0.5391653865509812,12.8376768854953,SIM-PL-0092,,,
11.970211621083301,3.970211621083301e-05,Kepler-90i,planet,12.881864209699865,14.16916216092943,0.023976118411309904,0.4039391493647598,20.531775704292656,SIM-PL-0093,,,
12.91259858148739,6.281496453718477e-05,TRAPPIST-1b,planet,0.5345603346436263,1.5321842006887538,0.08439084271359165,0.11702893486855567,46.21684124507775,SIM-PL-0094,,,
11.93502779426283,3.935027794262829e-05,TRAPPIST-1e,planet,1.17336293749522,6.074460489720391,0.06730854742282624,0.3696140488195348,115.77054584284937,SIM-PL-0095,,,
10.337615049993266,2.3376150499932657e-05,Kepler-452b,planet,116.5547221610001,393.0526796889119,0.012441033165357758,0.5300609116749806,203.40229043908843,SIM-PL-0096,,,
15.68632085726875,0.00021863208572687505,HAT-P-7b,planet,1.660134372188217,2.1438759441788227,0.0784627665427484,0.4549233985406899,3.802129644599832,SIM-PL-0097,,,
13.836792607289578,8.591981518223945e-05,Kepler-10b,planet,0.40487134880548303,0.8590821651759835,0.022666008845544403,0.26948926718597616,3.5704134053839582,SIM-PL-0098,,,
10.713307166855095,2.7133071668550952e-05,Kepler-90b,planet,4.3543118799014175,6.8048603220856565,0.016070447759855933,0.4868575952422689,12.59147306917475,SIM-PL-0099,,,
13.128314427850377,6.820786069625941e-05,Kepler-90i,planet,5.492891394026032,14.423808281770555,0.02078835590604748,0.4034510830744063,20.77704075170449,SIM-PL-0100,,,
10.569953697769433,2.569953697769433e-05,TRAPPIST-1b,planet,0.4744495570479423,1.5488665726240665,0.09329454874808743,0.14360396202668207,46.55170705170343,SIM-PL-0101,,,
13.472201457975165,7.680503644937914e-05,TRAPPIST-1e,planet,0.0031302376892777812,5.943729015293048,0.07216856301508909,0.30682086283014537,114.10349327000512,SIM-PL-0102,,,
11.421188486791726,3.421188486791726e-05,Kepler-452b,planet,344.0937158013505,392.0223680516466,0.014007074872684145,0.6883465221501247,203.04668176974954,SIM-PL-0103,,,
14.981141549028823,0.0001488684929417294,HAT-P-7b,planet,0.7980942247506986,2.233003035278863,0.0842650399791957,0.44697692114705895,3.9067896584083934,SIM-PL-0104,,,
12.997172038549895,6.492930096374736e-05,Kepler-10b,planet,0.2427927091272756,0.8619108224228408,0.020633616170438504,0.2814104427777908,3.5782465261394196,SIM-PL-0105,,,
15.907025778792239,0.00024070257787922386,Kepler-90b,planet,4.694484713471497,7.186731200724867,0.015919593539315872,0.45998757388363826,13.058240567557611,SIM-PL-0106,,,
11.342391924649073,3.3423919246490723e-05,Kepler-90i,planet,7.314388603210021,14.09994868025422,0.022710677978255534,0.4233880763596643,20.46485878015058,SIM-PL-0107,,,
15.44115226987132,0.00019411522698713207,TRAPPIST-1b,planet,1.0532014697832175,1.516302688973009,0.0846646889063218,0.14942357558416106,45.89692009828522,SIM-PL-0108,,,
14.06169668951312,9.37018013707872e-05,TRAPPIST-1e,planet,0.12207815398138272,6.038054304117125,0.0718725287521459,0.30889100741288084,115.30751593681823,SIM-PL-0109,,,
11.161319717485208,3.161319717485208e-05,Kepler-452b,planet,212.01511144394132,390.0837291366196,0.012434416649709045,0.548058542526991,202.37672110585552,SIM-PL-0110,,,
12.925986853050915,6.314967132627288e-05,HAT-P-7b,planet,1.2973544406793496,2.2076224207431165,0.0732663865498,0.5276810705228167,3.877129894055801,SIM-PL-0111,,,
11.738301221238915,3.7383012212389145e-05,Kepler-10b,planet,0.838045831198775,0.8404007296966375,0.0234174051166357,0.2594187592937782,3.518462956121043,SIM-PL-0112,,,
11.359523205425916,3.3595232054259156e-05,Kepler-90b,planet,0.5416585496359307,7.057365070969661,0.016732168078797013,0.46045799442486873,12.901061728743347,SIM-PL-0113,,,
10.7951106873814,2.7951106873813988e-05,Kepler-90i,planet,0.6686862692550276,14.120667332477199,0.021771715661846852,0.3947947970937117,20.484901430878672,SIM-PL-0114,,,
12.819408547477593,6.048521368693983e-05,TRAPPIST-1b,planet,0.3574472260448371,1.552986993988322,0.08599152120330125,0.12337983311012418,46.634230924802914,SIM-PL-0115,,,
10.949046033009513,2.9490460330095125e-05,TRAPPIST-1e,planet,2.546499216905806,6.216559139971006,0.07145023877865231,0.3417763701706569,117.56904385191324,SIM-PL-0116,,,
11.159540591665648,3.159540591665648e-05,Kepler-452b,planet,341.2802914353393,383.3718696154015,0.013323965431028173,0.68267425502782,200.04858934404706,SIM-PL-0117,,,
13.47375251453741,7.684381286343522e-05,HAT-P-7b,planet,1.659635252825315,2.1884849896084684,0.08352284847448943,0.4536133016489862,3.8546906935670977,SIM-PL-0118,,,
12.891445437840337,6.228613594600843e-05,Kepler-10b,planet,0.7218729201740973,0.8472885979239284,0.022309193062175204,0.32391600856773506,3.5376615154273283,SIM-PL-0119,,,
13.462380978343855,7.655952445859638e-05,Kepler-90b,planet,0.32685963465325824,7.085202813319468,0.015082271314743639,0.473658321247296,12.934964914971324,SIM-PL-0120,,,
11.949815423432893,3.9498154234328936e-05,Kepler-90i,planet,4.1391422059975875,14.500687209052534,0.023955541234977878,0.3560071393198707,20.85080310233614,SIM-PL-0121,,,
13.761307498150739,8.403268745376847e-05,TRAPPIST-1b,planet,0.06246630839415261,1.4779444781026916,0.07745635188476437,0.12366634432953294,45.11957699039407,SIM-PL-0122,,,
10.576191147915484,2.5761911479154837e-05,TRAPPIST-1e,planet,5.979758787185535,6.147330577811592,0.06261548965116039,0.3309271895443162,116.694571079063,SIM-PL-0123,,,
10.345574498129796,2.345574498129796e-05,Kepler-452b,planet,79.3199795617619,386.3083910901891,0.012981450307684633,0.5926345016675388,201.06883386410797,SIM-PL-0124,,,
14.051428006381308,9.308568038287845e-05,HAT-P-7b,planet,0.08566232268090648,2.1420983982669846,0.0841300951923834,0.5035134805857525,3.8000277212723153,SIM-PL-0125,,,
12.705120528979428,5.7628013224485707e-05,Kepler-10b,planet,0.8018233671296036,0.8351772650650389,0.022831535718450716,0.310456535955821,3.5038686025480312,SIM-PL-0126,,,
15.72526164379113,0.000222526164379113,Kepler-90b,planet,3.5959632139050424,7.053714699847805,0.017626521741652752,0.4843941859306541,12.896612691135553,SIM-PL-0127,,,
15.726063700431759,0.00022260637004317587,Kepler-90i,planet,10.849828794082507,14.693382817668306,0.02278009768560783,0.37813248245320036,21.035116741566604,SIM-PL-0128,,,
13.79150357551093,8.478758938777325e-05,TRAPPIST-1b,planet,1.1127494062309262,1.5358969631440431,0.08566686083959922,0.14457630426019358,46.291472362131984,SIM-PL-0129,,,
15.510728668200821,0.0002010728668200821,TRAPPIST-1e,planet,3.1825113532973486,6.2488247881376155,0.06330392824114897,0.36447744101694585,117.97550315578398,SIM-PL-0130,,,
11.038561221902075,3.038561221902075e-05,Kepler-452b,planet,71.22392818817548,378.37348069767364,0.014813037909186387,0.5302642787014457,198.3059712049327,SIM-PL-0131,,,
11.605268712298125,3.6052687122981255e-05,HAT-P-7b,planet,1.1058558881832452,2.244557220936424,0.08598022776045894,0.427347121863239,3.9202546153687474,SIM-PL-0132,,,
13.312652548904705,7.281631372261762e-05,Kepler-10b,planet,0.7771418501415838,0.8194295120389994,0.020931813859670852,0.3125375423643818,3.459684027255734,SIM-PL-0133,,,
12.748376503172421,5.8709412579310536e-05,Kepler-90b,planet,6.851384098225904,6.9128411347713365,0.014870150488357697,0.443515705613683,12.724325836879004,SIM-PL-0134,,,
13.028384502449265,6.570961256123163e-05,Kepler-90i,planet,8.953226636484196,14.046019635698393,0.023418095640250405,0.3778829445938856,20.41264322300328,SIM-PL-0135,,,
10.24136205577387,2.2413620557738697e-05,TRAPPIST-1b,planet,0.9710332891334474,1.4788710082004854,0.09093610918422101,0.13591861726073456,45.138432132336966,SIM-PL-0136,,,
11.045664030288052,3.0456640302880515e-05,TRAPPIST-1e,planet,0.8792833221345717,6.047464718989706,0.0647201167338165,0.34986202112416226,115.4272907127715,SIM-PL-0137,,,
15.448912245441338,0.00019489122454413382,Kepler-452b,planet,372.48649018966717,382.1290497759231,0.013053033229004458,0.5753834831143577,199.61600868873387,SIM-PL-0138,,,
14.84982326459588,0.00014098939587575278,HAT-P-7b,planet,0.8447226647322644,2.1578908788492854,0.07320528608750092,0.5348539543897797,3.8186818178677417,SIM-PL-0139,,,
12.155090298168236,4.3877257454205904e-05,Kepler-10b,planet,0.36915760415675525,0.8122314657449126,0.024745933003960194,0.27201549215178383,3.4393938397224586,SIM-PL-0140,,,
10.958756518126025,2.958756518126025e-05,Kepler-90b,planet,1.5712722744565846,7.126602891294026,0.016003823121798714,0.4968561156689054,12.985303478147515,SIM-PL-0141,,,
10.584136758897728,2.5841367588977278e-05,Kepler-90i,planet,4.184506537147001,14.414844233747196,0.023664281683722956,0.44673139867506495,20.76843157424619,SIM-PL-0142,,,
10.064564523526792,2.0645645235267925e-05,TRAPPIST-1b,planet,1.4208453588877472,1.520455181891655,0.08383267596021925,0.13467989324792476,45.980676353470955,SIM-PL-0143,,,
14.961212811229023,0.0001476727686737414,TRAPPIST-1e,planet,3.7006261107384746,5.943843620814322,0.07159829816781497,0.3465199712028548,114.10496000895724,SIM-PL-0144,,,
12.232300225697008,4.5807505642425205e-05,Kepler-452b,planet,95.85460231685006,377.08910743426145,0.01360504655959078,0.6248989790276899,197.85695594643857,SIM-PL-0145,,,
12.862362276434535,6.155905691086338e-05,HAT-P-7b,planet,2.097578704747355,2.212872111947598,0.07947273029946851,0.4667307797772593,3.8832739629618693,SIM-PL-0146,,,
14.065461936809145,9.39277162085487e-05,Kepler-10b,planet,0.5082006867661594,0.8241037887502239,0.020452036481438354,0.27273081320017645,3.4728282815108353,SIM-PL-0147,,,
15.57681097086913,0.00020768109708691292,Kepler-90b,planet,2.475016609048948,7.206472569709983,0.017374282735125084,0.4916160056270735,13.08214291961399,SIM-PL-0148,,,
11.314953034246384,3.3149530342463844e-05,Kepler-90i,planet,13.297510251227326,14.800104033400604,0.022171454672591382,0.35088357209881,21.13684890544184,SIM-PL-0149,,,
10.345852550729763,2.3458525507297628e-05,TRAPPIST-1b,planet,0.9740884946419479,1.5067962158115988,0.08680961542655889,0.12055410931060802,45.704884988249695,SIM-PL-0150,,,
13.04755949413125,6.618898735328123e-05,TRAPPIST-1e,planet,5.1383191435848055,6.178774308831139,0.0709267871613018,0.33837490149079175,117.09216280831062,SIM-PL-0151,,,
14.29818659569803,0.00010789119574188184,Kepler-452b,planet,274.7592190625133,386.3323883926275,0.01343619943075676,0.5828091405627668,201.07716064788008,SIM-PL-0152,,,
15.839830128480498,0.00023398301284804983,HAT-P-7b,planet,1.6856790412154667,2.1806890137676556,0.0846497144826247,0.4332981397055918,3.8455309489195915,SIM-PL-0153,,,
12.603828043634746,5.509570109086864e-05,Kepler-10b,planet,0.5840173198123406,0.8195834312442926,0.02177010386387957,0.27602198073455303,3.4601172515405985,SIM-PL-0154,,,
15.052513611965686,0.00015525136119656863,Kepler-90b,planet,5.729031464205248,6.969103623639871,0.017204019258521844,0.502515911788,12.793273333380192,SIM-PL-0155,,,
12.259123964010314,4.647809910025785e-05,Kepler-90i,planet,1.196362266280597,14.180977856071298,0.02231291131848974,0.40545067444645594,20.543188446750424,SIM-PL-0156,,,
12.191358572027408,4.4783964300685195e-05,TRAPPIST-1b,planet,0.47854234158122216,1.5059281949584504,0.0796029191785674,0.13512360367392665,45.68733047850065,SIM-PL-0157,,,
13.106713581585968,6.766783953964919e-05,TRAPPIST-1e,planet,1.2376658484514385,5.931707966216906,0.07393809615088309,0.3505488802280969,113.94959364934041,SIM-PL-0158,,,
13.677789168504935,8.194472921262336e-05,Kepler-452b,planet,188.64188493775262,388.5240902316602,0.01409762130038237,0.5526417741981288,201.83693047812025,SIM-PL-0159,,,
12.00364650097993,4.0091162524498226e-05,HAT-P-7b,planet,2.1506334208806503,2.175705756295513,0.07748903573276898,0.4778556602710461,3.8396702395412037,SIM-PL-0160,,,
11.441548644614862,3.4415486446148616e-05,Kepler-10b,planet,0.004490707317983088,0.8160035451169927,0.023384770765596807,0.3380171304670976,3.450034193653858,SIM-PL-0161,,,
10.998169983411707,2.9981699834117066e-05,Kepler-90b,planet,0.10289267858470257,6.943988695034766,0.017350012653879934,0.5671985431140462,12.762518977605843,SIM-PL-0162,,,
10.270834733426359,2.2708347334263585e-05,Kepler-90i,planet,10.385606160071617,14.649928312245665,0.02116004168706065,0.45517155253318625,20.993623154621393,SIM-PL-0163,,,
14.53390444136834,0.00012203426648210043,TRAPPIST-1b,planet,1.0070074054322466,1.4777694882145598,0.08443895242977742,0.12442612624914468,45.11601545581667,SIM-PL-0164,,,
13.002217210810084,6.50554302702521e-05,TRAPPIST-1e,planet,0.6527686182877145,6.156205310305461,0.07080187480436874,0.32657687503515337,116.80685657302496,SIM-PL-0165,,,
13.95976259387596,8.899406484689899e-05,Kepler-452b,planet,9.227759064937535,382.05480099240856,0.014453083492651037,0.5659022952681638,199.5901505380492,SIM-PL-0166,,,
14.111528436087859,9.669170616527153e-05,HAT-P-7b,planet,2.0545275790109545,2.216170630245103,0.08769747731024187,0.47465992375296595,3.8871319566984526,SIM-PL-0167,,,
10.265116857138157,2.265116857138157e-05,Kepler-10b,planet,0.7098983464985904,0.8574603454816486,0.023872374436340868,0.2898156881377272,3.5659183830619603,SIM-PL-0168,,,
11.32159120887342,3.32159120887342e-05,Kepler-90b,planet,0.37305788965328524,7.077761832780781,0.015338691405270506,0.5265274516376787,12.925907006577784,SIM-PL-0169,,,
10.525037849325,2.5250378493250007e-05,Kepler-90i,planet,9.781081845218624,14.481104645924557,0.021126921794243473,0.3437881705623365,20.83202679108442,SIM-PL-0170,,,
13.8051495684049,8.51287392101225e-05,TRAPPIST-1b,planet,0.7141064051882607,1.5201405327876356,0.0778097742721888,0.11244551854635318,45.97433251738888,SIM-PL-0171,,,
11.57393669593854,3.57393669593854e-05,TRAPPIST-1e,planet,1.8591003278321483,5.932154733303367,0.06780188519941156,0.38512495714593875,113.95531524916807,SIM-PL-0172,,,
13.962379998237905,8.905949995594763e-05,Kepler-452b,planet,26.369851510279958,389.14969142617116,0.014297305782468274,0.634735871358046,202.05353748862774,SIM-PL-0173,,,
12.45997400077648,5.1499350019412e-05,HAT-P-7b,planet,1.759494949692567,2.243865701648639,0.08231859918633246,0.45412073582555396,3.9194493872450957,SIM-PL-0174,,,
14.031248286403404,9.187489718420423e-05,Kepler-10b,planet,0.6027963426768695,0.8510163385647337,0.02394923976481777,0.2714001117741785,3.5480301458473593,SIM-PL-0175,,,
11.579590049198323,3.579590049198323e-05,Kepler-90b,planet,4.029396557343975,6.851213544098546,0.014582135138999924,0.45858571080522736,12.648588591027842,SIM-PL-0176,,,
13.096378631532101,6.740946578830252e-05,Kepler-90i,planet,2.15329734167961,14.455470739929533,0.020220785142583374,0.44516899313263203,20.807435486306375,SIM-PL-0177,,,
14.952454618441681,0.0001471472771065009,TRAPPIST-1b,planet,0.7402801332133727,1.4774923348239244,0.07819273168034076,0.12444632109537636,45.11037432001906,SIM-PL-0178,,,
11.863144065701029,3.863144065701029e-05,TRAPPIST-1e,planet,1.149311594695554,6.186981795260192,0.07430816651282687,0.3581765904363455,117.19583166477808,SIM-PL-0179,,,
13.175691230999139,6.939228077497845e-05,Kepler-452b,planet,361.592766051703,385.27492000790477,0.013801223984698751,0.5527687839027279,200.7100676680853,SIM-PL-0180,,,
15.938390462864694,0.0002438390462864694,HAT-P-7b,planet,1.887730825152214,2.2556489237547854,0.08898121432780277,0.4946880140316745,3.933158887436182,SIM-PL-0181,,,
10.618784606415215,2.6187846064152147e-05,Kepler-10b,planet,0.6142655449216332,0.861147349855465,0.02433576452415005,0.3135436241726525,3.576133162464179,SIM-PL-0182,,,
14.35020088554473,0.0001110120531326838,Kepler-90b,planet,1.47323894682232,7.080803998187128,0.016205903015869893,0.47268661284280594,12.92961061907147,SIM-PL-0183,,,
12.878996844427924,6.197492111069809e-05,Kepler-90i,planet,11.253529752715275,14.429800030024719,0.023588191193862542,0.3649669933053883,20.782794302951405,SIM-PL-0184,,,
15.411986607376644,0.00019119866073766438,TRAPPIST-1b,planet,0.5637458446465459,1.5376194476551361,0.08026840009289557,0.12731331543241142,46.3260760061835,SIM-PL-0185,,,
15.170791162821514,0.0001670791162821514,TRAPPIST-1e,planet,1.2860790961413147,6.280585662137914,0.06349235862953395,0.40197220497216635,118.37492098972143,SIM-PL-0186,,,
11.21515469103391,3.215154691033909e-05,Kepler-452b,planet,331.81565296616253,374.3553884650485,0.012624414278241174,0.6198539702006178,196.8995501325641,SIM-PL-0187,,,
14.300284646175704,0.00010801707877054226,HAT-P-7b,planet,1.6696954876031895,2.149427725920421,0.07497426274955764,0.4964080071534602,3.8086908121577405,SIM-PL-0188,,,
11.163184905383126,3.163184905383126e-05,Kepler-10b,planet,0.29256572481867604,0.8551492652280365,0.021019759810662446,0.2953201734870454,3.559508111890099,SIM-PL-0189,,,
11.284917416664594,3.2849174166645946e-05,Kepler-90b,planet,3.448934073405379,7.062390158120372,0.016219776207642637,0.4519671158841277,12.907185002599478,SIM-PL-0190,,,
12.94537941993501,6.363448549837525e-05,Kepler-90i,planet,9.114288421478172,14.21080960624168,0.02280796168907064,0.39362100584762555,20.571988745583347,SIM-PL-0191,,,
15.945055149040236,0.0002445055149040236,TRAPPIST-1b,planet,0.3688284351032812,1.5347203501332138,0.08443344659473741,0.13478733333489387,46.267827501106225,SIM-PL-0192,,,
15.25823046772684,0.00017582304677268395,TRAPPIST-1e,planet,2.0245316297174156,5.998443450030433,0.06994154180324409,0.39273453162386857,114.8026692371998,SIM-PL-0193,,,
12.75807136233843,5.895178405846076e-05,Kepler-452b,planet,107.091076520914,377.83715429237816,0.014685716213720302,0.6657658134082783,198.11853405462563,SIM-PL-0194,,,
14.462548670866472,0.0001177529202519883,HAT-P-7b,planet,1.929588251057254,2.191286067657432,0.07338586579432482,0.4387099163116632,3.857979113814072,SIM-PL-0195,,,
15.403522969657427,0.0001903522969657427,Kepler-10b,planet,0.12518758757961196,0.8589760931214981,0.021749185181949463,0.2584763633260341,3.570119503438691,SIM-PL-0196,,,
13.397260739761013,7.493151849402531e-05,Kepler-90b,planet,5.310550426478481,6.998575677316715,0.01629213697582134,0.528754580278667,12.829316111749735,SIM-PL-0197,,,
11.686340777062266,3.6863407770622663e-05,Kepler-90i,planet,11.624341646853795,14.25057320508066,0.020455214690405378,0.35490989377663107,20.61034618000619,SIM-PL-0198,,,
13.851460282992326,8.628650707480815e-05,TRAPPIST-1b,planet,0.2275846860836025,1.4664708570753713,0.08670154378248279,0.13337574985964826,44.885758073044535,SIM-PL-0199,,,
13.450817913145817,7.627044782864544e-05,TRAPPIST-1e,planet,5.266720563610541,5.925924177379528,0.06939088318865586,0.36545268995630015,113.87550958651522,SIM-PL-0200,,,
11.460947472278558,3.4609474722785584e-05,Kepler-452b,planet,90.53046457053208,380.66993333943407,0.013084591802978617,0.6643063762244492,199.1075440329245,SIM-PL-0201,,,
12.80984525993372,6.0246131498343e-05,HAT-P-7b,planet,0.55748943273333,2.2531556496275544,0.08486723052637402,0.4655241886201221,3.9302600170597475,SIM-PL-0202,,,
12.377847957975414,4.944619894938534e-05,Kepler-10b,planet,0.44124316969226124,0.8539062361622213,0.021930694176014034,0.2685593698381016,3.5560579191742567,SIM-PL-0203,,,
14.127891183303415,9.76734709982049e-05,Kepler-90b,planet,3.6363145881096606,6.816368418400639,0.01523412105896963,0.5727678426438041,12.605665187363812,SIM-PL-0204,,,
15.079948449077436,0.00015799484490774363,Kepler-90i,planet,5.27689870981481,14.059510696269804,0.020035427397496586,0.3842592558283313,20.4257118904974,SIM-PL-0205,,,
15.885568166841082,0.00023855681668410824,TRAPPIST-1b,planet,1.3356554116405608,1.5116881312977892,0.08181035668210733,0.11410635403347281,45.80375419884608,SIM-PL-0206,,,
11.510884185652468,3.510884185652468e-05,TRAPPIST-1e,planet,1.7554919353448386,6.110351713401797,0.07047798736141338,0.359852209551796,116.22612160523833,SIM-PL-0207,,,
10.649406625846115,2.649406625846115e-05,Kepler-452b,planet,178.8425179081204,391.1071266191161,0.014205104724755899,0.6515163413255218,202.73052783346424,SIM-PL-0208,,,
12.995438520109012,6.48859630027253e-05,HAT-P-7b,planet,1.6333705087318553,2.217451137059599,0.08724508748543991,0.5436780493419203,3.888629139776354,SIM-PL-0209,,,
11.794222646386338,3.794222646386338e-05,Kepler-10b,planet,0.12001173179348887,0.8252760464043281,0.02278106922865988,0.258658794973457,3.4761208158140096,SIM-PL-0210,,,
12.742325460193765,5.855813650484413e-05,Kepler-90b,planet,0.6047046199113089,7.169649863559498,0.014530994290507077,0.4273204632553453,13.037541248666717,SIM-PL-0211,,,
10.318881386801413,2.3188813868014132e-05,Kepler-90i,planet,9.525547194763408,14.491612109738702,0.023521798966410806,0.3616476360785544,20.842102693916463,SIM-PL-0212,,,
15.58058418616004,0.000208058418616004,TRAPPIST-1b,planet,1.1863064911759857,1.4691639805835608,0.08622251932595765,0.14208333053889255,44.940695371564225,SIM-PL-0213,,,
12.090837287597868,4.227093218994669e-05,TRAPPIST-1e,planet,0.3054880352510915,6.121084159051827,0.06270375914782388,0.31556511255997255,116.36217767490413,SIM-PL-0214,,,
15.247478352166732,0.00017474783521667322,Kepler-452b,planet,386.1318078957834,387.1835803556637,0.013796063741363062,0.6636301671841005,201.37240291366308,SIM-PL-0215,,,
13.34523337858456,7.3630834464614e-05,HAT-P-7b,planet,0.8498049031307147,2.226300723213525,0.07432697466407862,0.511586409104791,3.8989683107220365,SIM-PL-0216,,,
12.612265182004439,5.5306629550110965e-05,Kepler-10b,planet,0.3325890779257373,0.8248728304103113,0.024744197746972695,0.33332771767385816,3.4749884741559343,SIM-PL-0217,,,
11.35673236313083,3.3567323631308295e-05,Kepler-90b,planet,5.383219154298293,7.163072527625029,0.016372413892081994,0.49995521074283256,13.029566391051008,SIM-PL-0218,,,
13.42656007198761,7.566400179969027e-05,Kepler-90i,planet,3.3320131832342255,14.107910428586186,0.023203697785278386,0.40412302471756534,20.472561915755243,SIM-PL-0219,,,
14.1700035124457,0.00010020021074674197,TRAPPIST-1b,planet,1.0547365029596312,1.490791543204653,0.09034148137773089,0.12613918550888523,45.38066825755715,SIM-PL-0220,,,
14.599727762117118,0.00012598366572702703,TRAPPIST-1e,planet,4.900544837952223,6.054420231933591,0.06980120816382426,0.38315629887847313,115.51577982672443,SIM-PL-0221,,,
14.849320897704528,0.00014095925386227166,Kepler-452b,planet,123.62009076026295,388.79669314527877,0.014881455939644012,0.5960457079545429,201.93133029277726,SIM-PL-0222,,,
15.717567779067526,0.00022175677790675256,HAT-P-7b,planet,0.0624785754339374,2.2530101191941014,0.08863058301427146,0.5399211834497581,3.9300907792764685,SIM-PL-0223,,,
14.735382029045166,0.00013412292174270994,Kepler-10b,planet,0.7080509043594387,0.8480646209880442,0.0210159433857817,0.29299583524799006,3.539821258116929,SIM-PL-0224,,,
12.335584197078681,4.838960492696703e-05,Kepler-90b,planet,1.4831408850022278,6.932543175416318,0.014857469880479599,0.5114127872732948,12.74849113038921,SIM-PL-0225,,,
10.36108892046685,2.3610889204668498e-05,Kepler-90i,planet,10.988748105806682,14.706531635303575,0.02229724970599345,0.40211284527866714,21.04766414388029,SIM-PL-0226,,,
10.222234064493144,2.2222340644931433e-05,TRAPPIST-1b,planet,1.1038401951748364,1.5256340717197907,0.08173208416053443,0.13208837267725507,46.08502838374433,SIM-PL-0227,,,
12.128969081246456,4.3224227031161406e-05,TRAPPIST-1e,planet,2.4838522292340577,6.205440162535628,0.06909807607885485,0.31373666013834545,117.42881219876058,SIM-PL-0228,,,
10.464733167388536,2.4647331673885357e-05,Kepler-452b,planet,114.61250497262883,373.93713762416655,0.014393128161613063,0.6094682264773787,196.7528646610515,SIM-PL-0229,,,
15.656618897502993,0.00021566188975029928,HAT-P-7b,planet,1.7833507892995157,2.214903526243118,0.08503679162157218,0.46248270499368505,3.8856501604674802,SIM-PL-0230,,,
14.75600651963142,0.00013536039117788517,Kepler-10b,planet,0.4050360371747592,0.8437093922813087,0.023559476482093448,0.2634328778967407,3.5276917132670382,SIM-PL-0231,,,
10.06084281511379,2.0608428151137906e-05,Kepler-90b,planet,3.477905735045169,7.205239238950199,0.016315510658320462,0.5723333420448629,13.080650273536543,SIM-PL-0232,,,
13.549973186542307,7.874932966355766e-05,Kepler-90i,planet,3.263503447316605,14.590414037488639,0.02425065109274336,0.44855445775242775,20.936727871244962,SIM-PL-0233,,,
10.220727222449806,2.2207272224498063e-05,TRAPPIST-1b,planet,1.172967033271475,1.4877706778518054,0.09067846393716969,0.13250700554883008,45.319342791837265,SIM-PL-0234,,,
15.137217984520934,0.00016372179845209337,TRAPPIST-1e,planet,3.9270749752256795,6.040836228422472,0.07202416475636549,0.2989546460268761,115.34293045260367,SIM-PL-0235,,,
14.188294480655621,0.00010129766883933726,Kepler-452b,planet,158.1242622909398,376.1648756287945,0.014820722984410579,0.6636337844794348,197.53353022904003,SIM-PL-0236,,,
12.837674158244969,6.0941853956124216e-05,HAT-P-7b,planet,2.015335138956954,2.259478583344663,0.08467334148184817,0.4265168192441489,3.9376094620076247,SIM-PL-0237,,,
10.98371191387117,2.9837119138711702e-05,Kepler-10b,planet,0.2985208896852121,0.8556424056289811,0.020581063739559112,0.3268375850068947,3.560876425519202,SIM-PL-0238,,,
12.605655309793544,5.51413827448386e-05,Kepler-90b,planet,7.058480140532778,7.212851948219655,0.014773893246249014,0.4887249436730208,13.089862242532837,SIM-PL-0239,,,
14.88365275139617,0.00014301916508377017,Kepler-90i,planet,7.674250477251677,14.671405314738264,0.02354174571450948,0.4480340572715451,21.014136110627263,SIM-PL-0240,,,
11.266596279214527,3.2665962792145264e-05,TRAPPIST-1b,planet,0.12488570878366306,1.5295369456797385,0.09254817502072929,0.13855163850311294,46.16359132778638,SIM-PL-0241,,,
13.237049022794766,7.092622556986914e-05,TRAPPIST-1e,planet,0.4239262943920453,5.96132696165456,0.07488950116324292,0.4019636645330163,114.32860420511378,SIM-PL-0242,,,
12.127909963273924,4.3197749081848084e-05,Kepler-452b,planet,367.3605547047648,386.85967334907224,0.014087180903130343,0.5305965384020008,201.26007888393093,SIM-PL-0243,,,
13.519500643514718,7.798751608786794e-05,HAT-P-7b,planet,2.0566380127066406,2.2473532706330093,0.08572517142177911,0.5295057472666328,3.9235095861479627,SIM-PL-0244,,,
13.305460067566369,7.263650168915921e-05,Kepler-10b,planet,0.26036265263540687,0.8386845568880797,0.023788448961125197,0.2875150509011017,3.513671315476316,SIM-PL-0245,,,
12.895766961203925,6.239417403009814e-05,Kepler-90b,planet,0.37227704216383123,6.831962617533302,0.016386382264373858,0.46215604879775396,12.62488366895809,SIM-PL-0246,,,
15.09552695943804,0.00015955269594380395,Kepler-90i,planet,4.827954509681006,14.267762503271804,0.023264231142951262,0.44884363926730303,20.626916563842265,SIM-PL-0247,,,
14.562117004001902,0.0001237270202401141,TRAPPIST-1b,planet,1.3424121436340435,1.5049389326580587,0.08180028541907755,0.1494968676192724,45.667319916852286,SIM-PL-0248,,,
12.989939842252664,6.47484960563166e-05,TRAPPIST-1e,planet,0.29893333558259416,6.017968276630487,0.06995379491844712,0.30402804247424625,115.05165471443374,SIM-PL-0249,,,
14.254856032192952,0.00010529136193157713,Kepler-452b,planet,296.448364775213,390.636101017537,0.014504054113074096,0.6323439990581484,202.5677242775947,SIM-PL-0250,,,
10.575484264014477,2.575484264014477e-05,HAT-P-7b,planet,0.9218821836093858,2.148250872106753,0.08139167668573183,0.4295164211856188,3.8073004633453977,SIM-PL-0251,,,
12.210763458998018,4.5269086474950454e-05,Kepler-10b,planet,0.6458009401300329,0.8326028134515887,0.024666911915095766,0.3153063789310541,3.496664398722446,SIM-PL-0252,,,
14.790410047333612,0.00013742460284001673,Kepler-90b,planet,5.054627995659194,7.023631713859247,0.017360227382687526,0.44488853907731374,12.859918558534622,SIM-PL-0253,,,
15.17611327577357,0.00016761132757735702,Kepler-90i,planet,8.549136811475776,14.500017445063971,0.01991676778487589,0.34672937285326966,20.850161053475237,SIM-PL-0254,,,
12.91945801039958,6.298645025998951e-05,TRAPPIST-1b,planet,0.16908617048479643,1.5538024360553622,0.09121308021495865,0.11465722369859958,46.65055395762961,SIM-PL-0255,,,
14.343182497043477,0.00011059094982260862,TRAPPIST-1e,planet,5.940374676302311,6.057345059293244,0.06861692522254423,0.394569746058145,115.55297981209407,SIM-PL-0256,,,
13.989695984367113,8.974239960917783e-05,Kepler-452b,planet,335.1854646595254,378.6323655359342,0.01383153110420206,0.674860994423126,198.3964154517792,SIM-PL-0257,,,
14.15280594869751,9.916835692185063e-05,HAT-P-7b,planet,1.8879835473805853,2.198550363571567,0.07645111078404986,0.47623624600664954,3.8665007579809485,SIM-PL-0258,,,
14.30229343213449,0.00010813760592806942,Kepler-10b,planet,0.6421875264735869,0.8409215807173331,0.02148595218517237,0.286827812075129,3.5199165529691103,SIM-PL-0259,,,
13.366651571972964,7.41662892993241e-05,Kepler-90b,planet,0.5913392561845356,6.8041261845514684,0.014807326362479927,0.47801354858767275,12.59056743812354,SIM-PL-0260,,,
14.891073571074966,0.00014346441426449792,Kepler-90i,planet,7.486194471186352,14.879168365984807,0.023390710309499827,0.44088441050119526,21.212059477368445,SIM-PL-0261,,,
10.154772413924062,2.1547724139240625e-05,TRAPPIST-1b,planet,0.6136020669998006,1.499698851099501,0.07754868759517716,0.12302738060507981,45.56125157434389,SIM-PL-0262,,,
10.283169371989732,2.283169371989732e-05,TRAPPIST-1e,planet,3.2150644741313252,5.956014790514373,0.07524454821014076,0.33899109114255593,114.26067488321958,SIM-PL-0263,,,
15.04181627907816,0.00015418162790781605,Kepler-452b,planet,120.46523037380392,394.18048642707424,0.01367120281119247,0.5143018878257319,203.79119320123115,SIM-PL-0264,,,
10.057044640943946,2.057044640943946e-05,HAT-P-7b,planet,0.5784207192373342,2.2134454787409825,0.0758731344608854,0.4212732407038347,3.8839447184588076,SIM-PL-0265,,,
14.374941344680343,0.00011249648068082055,Kepler-10b,planet,0.560029676744972,0.8410824923400884,0.020296687219114942,0.3161238241612054,3.5203655662386666,SIM-PL-0266,,,
10.489521652897466,2.4895216528974656e-05,Kepler-90b,planet,6.0011373301034086,7.126423548816082,0.01668106673743699,0.5582731013050068,12.985085625284023,SIM-PL-0267,,,
15.177354149103419,0.0001677354149103419,Kepler-90i,planet,4.019242694345676,14.171634690573741,0.02323311184758516,0.41201125897669544,20.534164175216713,SIM-PL-0268,,,
14.378636872752974,0.00011271821236517844,TRAPPIST-1b,planet,1.2967535253015048,1.4763061810862266,0.08098521342061306,0.1323604379625451,45.08622755012158,SIM-PL-0269,,,
15.780008003821354,0.00022800080038213542,TRAPPIST-1e,planet,1.758671178883824,6.009147266816312,0.07437818379328888,0.30604549501358275,114.9392003865566,SIM-PL-0270,,,
14.010201424763284,9.061208548579706e-05,Kepler-452b,planet,331.985205252636,394.8065926261064,0.01386324599773741,0.5791454504157926,204.0069339249188,SIM-PL-0271,,,
13.761291808653908,8.40322952163477e-05,HAT-P-7b,planet,0.4603992342827507,2.215616407693029,0.07455971710970785,0.5039690721293166,3.8864838640028743,SIM-PL-0272,,,
15.410811263178676,0.00019108112631786758,Kepler-10b,planet,0.6542284102064575,0.8599504557696181,0.02376303908804776,0.34455387196223397,3.5728187898778345,SIM-PL-0273,,,
13.94933027951464,8.873325698786601e-05,Kepler-90b,planet,5.047927641200447,7.0461728451208065,0.01617902029948534,0.49218293228019294,12.887418318682336,SIM-PL-0274,,,
11.732172569437228,3.732172569437228e-05,Kepler-90i,planet,14.065245263779836,14.12200409450395,0.02273595255600931,0.4328717076283008,20.48619424070965,SIM-PL-0275,,,
14.331157296054037,0.00010986943776324224,TRAPPIST-1b,planet,0.15848660100744155,1.4663549560548415,0.08366949269531168,0.13458490565956313,44.88339304198069,SIM-PL-0276,,,
13.273006282631648,7.182515706579121e-05,TRAPPIST-1e,planet,1.5747505254553718,6.066816694905134,0.07116319590614636,0.3128791557127373,115.67340558437996,SIM-PL-0277,,,
12.302659154695851,4.7566478867396276e-05,Kepler-452b,planet,250.7813439772152,373.8491433180032,0.013532478022001075,0.6430556925360549,196.72199706476852,SIM-PL-0278,,,
13.802392286483844,8.505980716209609e-05,HAT-P-7b,planet,1.347882673012636,2.237505583661782,0.08780319304266224,0.4657396098417545,3.912039570146752,SIM-PL-0279,,,
13.424646130169053,7.561615325422633e-05,Kepler-10b,planet,0.3102084674168778,0.855251595959502,0.0215880140676354,0.2669500697143044,3.5597920699618175,SIM-PL-0280,,,
13.941019192361805,8.852547980904514e-05,Kepler-90b,planet,7.054663215540683,7.09643288508657,0.016391200418087934,0.5302258798818941,12.948629283942578,SIM-PL-0281,,,
10.546807308496888,2.5468073084968877e-05,Kepler-90i,planet,12.866017428173521,14.175623100422214,0.023367203486843034,0.375149735554863,20.538016698154486,SIM-PL-0282,,,
11.791053891486333,3.791053891486334e-05,TRAPPIST-1b,planet,1.0986627544414187,1.5182625161915608,0.08565715089379446,0.1376994890850159,45.93645955094521,SIM-PL-0283,,,
14.215685505873331,0.00010294113035239987,TRAPPIST-1e,planet,6.056666184154978,6.231126231713595,0.07236488622309217,0.31169390194861496,117.75263639795652,SIM-PL-0284,,,
13.164285826101523,6.910714565253806e-05,Kepler-452b,planet,297.0898458876516,393.99362882783146,0.014970612911929991,0.5627126036459732,203.72678456334933,SIM-PL-0285,,,
13.386103463021012,7.46525865755253e-05,HAT-P-7b,planet,1.2431705153581853,2.1399855305666047,0.07830178047509707,0.4922055926695194,3.79752852817042,SIM-PL-0286,,,
15.466437879153162,0.00019664378791531617,Kepler-10b,planet,0.011727820400879873,0.8607815203440201,0.021513193097088296,0.2569448257517478,3.5751202907464403,SIM-PL-0287,,,
13.957624547790214,8.894061369475536e-05,Kepler-90b,planet,0.04690057649457915,6.93991050226329,0.01696333327001312,0.552182014824972,12.757521551210644,SIM-PL-0288,,,
15.05887306769729,0.00015588730676972898,Kepler-90i,planet,0.08600011586274368,14.331707928789777,0.021740285326773967,0.3695836419249055,20.688501257054146,SIM-PL-0289,,,
14.089619126986154,9.537714761916923e-05,TRAPPIST-1b,planet,0.012173713600441784,1.4802264898655961,0.08035652717184619,0.11724379650791078,45.16600946398358,SIM-PL-0290,,,
15.039099485587766,0.0001539099485587766,TRAPPIST-1e,planet,5.280362111197821,6.232405867964845,0.07128466605856702,0.34689604972813537,117.76875712046491,SIM-PL-0291,,,
11.315760791665936,3.3157607916659355e-05,Kepler-452b,planet,74.95279693282515,377.1348126576388,0.013073186669598603,0.678701391866028,197.87294317336756,SIM-PL-0292,,,
13.424131515079011,7.560328787697528e-05,HAT-P-7b,planet,0.03856648414541114,2.151398373482382,0.07338253802424997,0.434135572678153,3.81101839010037,SIM-PL-0293,,,
11.862105323671948,3.862105323671947e-05,Kepler-10b,planet,0.49592505697823,0.8347822560887698,0.02200873412629631,0.2638198191702125,3.5027637124188815,SIM-PL-0294,,,
12.69049726509437,5.7262431627359256e-05,Kepler-90b,planet,3.6883586126999606,6.984592159715825,0.01628231594371262,0.5582466201984857,12.812221322709528,SIM-PL-0295,,,
14.62387688450216,0.00012743261307012957,Kepler-90i,planet,11.233124105268324,14.472659710049024,0.021652952045912024,0.42823091984350037,20.823926937831217,SIM-PL-0296,,,
14.673301883799622,0.00013039811302797733,TRAPPIST-1b,planet,0.9946746198480256,1.5241761409034689,0.08607927486315665,0.14447620773132058,46.05566376740344,SIM-PL-0297,,,
12.6603298202428,5.650824550607002e-05,TRAPPIST-1e,planet,2.9013338618405458,6.138114712975126,0.07032990750022426,0.3305042685923559,116.57791228214981,SIM-PL-0298,,,
10.648918840927106,2.6489188409271058e-05,Kepler-452b,planet,343.43742514043686,393.4600606477493,0.01273884144867361,0.523008092620166,203.5428108954523,SIM-PL-0299,,,
12.619092621520267,5.5477315538006664e-05,HAT-P-7b,planet,0.32567794456306465,2.1945666711855014,0.07632833802791958,0.4575488132449965,3.8618287082425056,SIM-PL-0300,,,
10.722067902780713,2.722067902780713e-05,Kepler-10b,planet,0.1550116202050278,0.8360487695050156,0.020717854105335564,0.29838379421023753,3.506305694920753,SIM-PL-0301,,,
14.240270183822087,0.00010441621102932522,Kepler-90b,planet,2.368692127574269,6.967796018039109,0.014532028459619878,0.5621261439174287,12.791673024365167,SIM-PL-0302,,,
12.997712266483017,6.494280666207542e-05,Kepler-90i,planet,8.528772720990888,14.323859739885117,0.023544068803862072,0.378226576964392,20.680947745198775,SIM-PL-0303,,,
11.976141182565557,3.976141182565557e-05,TRAPPIST-1b,planet,0.01656794634346097,1.5009159409072115,0.08038841712024437,0.12736287517975217,45.58589858360222,SIM-PL-0304,,,
13.387711256005836,7.469278140014592e-05,TRAPPIST-1e,planet,2.677292634221825,5.947235305607863,0.07509449968276742,0.3236395101581254,114.14836304195482,SIM-PL-0305,,,
15.614246570291577,0.0002114246570291577,Kepler-452b,planet,298.5742251513825,388.31872779956075,0.014497530997133265,0.6086328317168889,201.76580082559053,SIM-PL-0306,,,
11.76052976671016,3.76052976671016e-05,HAT-P-7b,planet,0.7817326170698886,2.2231004805747876,0.08360149397256808,0.5319910532475172,3.895230979165201,SIM-PL-0307,,,
13.957169369249687,8.892923423124218e-05,Kepler-10b,planet,0.7614764984958885,0.8490997203900827,0.02166152819860984,0.26179237588563264,3.5427010087258703,SIM-PL-0308,,,
11.005384042266996,3.0053840422669962e-05,Kepler-90b,planet,3.623215046307964,6.903134803923354,0.015630894698920126,0.48970870948443956,12.712412217510058,SIM-PL-0309,,,
15.212309165406488,0.0001712309165406488,Kepler-90i,planet,11.98056786840462,14.555165654908533,0.02384347901958077,0.416393916069802,20.90299415829633,SIM-PL-0310,,,
15.782156492266129,0.00022821564922661286,TRAPPIST-1b,planet,0.5724710629372844,1.4940457971424133,0.08352794447208013,0.13730719449721468,45.44668533083599,SIM-PL-0311,,,
15.564892529939515,0.00020648925299395147,TRAPPIST-1e,planet,0.5417014546998317,6.054290555809829,0.06278304388159826,0.37116391733637855,115.51413037707044,SIM-PL-0312,,,
15.249486203828749,0.00017494862038287487,Kepler-452b,planet,151.9562564894369,373.2662564994634,0.014006456571106345,0.6206151207887857,196.5174645168038,SIM-PL-0313,,,
15.256405800019193,0.00017564058000191931,HAT-P-7b,planet,0.9173432717747172,2.1741176117356757,0.08704965384430091,0.4394752392153322,3.8378015145733193,SIM-PL-0314,,,
12.084780912013258,4.211952280033145e-05,Kepler-10b,planet,0.1934522877387213,0.8300901404590878,0.023184617544543297,0.32715965431863575,3.4896259092017,SIM-PL-0315,,,
15.34710734339411,0.00018471073433941107,Kepler-90b,planet,1.6254995582801193,7.011197422436887,0.01551653051553999,0.509508850113566,12.844736366023978,SIM-PL-0316,,,
11.9658345172759,3.9658345172759e-05,Kepler-90i,planet,5.0083739677241965,14.028638867657765,0.022989206403809654,0.3989190056224329,20.395800462023747,SIM-PL-0317,,,
15.327241141408624,0.0001827241141408624,TRAPPIST-1b,planet,0.050512092974942246,1.5101217669388278,0.08339859439473049,0.12823136821552406,45.77210844583588,SIM-PL-0318,,,
13.396689709031453,7.49172427257863e-05,TRAPPIST-1e,planet,1.1497849272212626,6.141996851721757,0.06786006060735879,0.3353348746662261,116.62706135141443,SIM-PL-0319,,,
14.821420881003906,0.00013928525286023438,Kepler-452b,planet,99.94048986544036,389.35698311715714,0.013298087478154173,0.6887081995428005,202.12528417600868,SIM-PL-0320,,,
14.215743030098515,0.00010294458180591093,HAT-P-7b,planet,1.729907096714616,2.1646426378878507,0.07521989620687501,0.5574282258112135,3.826643107975891,SIM-PL-0321,,,
11.287198775211907,3.287198775211907e-05,Kepler-10b,planet,0.660941038799853,0.8533827672511842,0.020735299798609993,0.28255325442577306,3.554604460601416,SIM-PL-0322,,,
12.447896102943993,5.119740257359982e-05,Kepler-90b,planet,1.479745844890168,6.860650503692087,0.01675408895319281,0.5590098711089327,12.660200824209776,SIM-PL-0323,,,
11.120621715532295,3.1206217155322945e-05,Kepler-90i,planet,8.525033779722134,14.701498963538054,0.02414391099257163,0.39375669883942416,21.04286210398668,SIM-PL-0324,,,
13.058337080394896,6.645842700987239e-05,TRAPPIST-1b,planet,0.2796961351731657,1.4824986573074546,0.07896925344149927,0.11249809492034589,45.21221793263087,SIM-PL-0325,,,
11.67282153686351,3.67282153686351e-05,TRAPPIST-1e,planet,4.237941628123862,6.0872942449427025,0.0690003593442274,0.34422431473447,115.93355051527004,SIM-PL-0326,,,
10.885578480591189,2.885578480591189e-05,Kepler-452b,planet,253.67834519102487,381.51793408935794,0.013516695823380876,0.5624284985101085,199.40312944948042,SIM-PL-0327,,,
11.443989693446872,3.443989693446872e-05,HAT-P-7b,planet,1.070701127729796,2.1470498733616643,0.07771015762447142,0.5532962542645742,3.8058813276509382,SIM-PL-0328,,,
13.846094223933196,8.61523555983299e-05,Kepler-10b,planet,0.713209309781384,0.8430836259299597,0.02162499583284108,0.2990929748819324,3.525947207586307,SIM-PL-0329,,,
14.605502417904233,0.000126330145074254,Kepler-90b,planet,1.9841430734120158,6.946225994164323,0.015413764377378814,0.47946513766099746,12.765260153298296,SIM-PL-0330,,,
15.661859352260334,0.00021618593522603345,Kepler-90i,planet,0.6966245057823337,14.344321439427901,0.022384620617325383,0.400556057062702,20.70063827839311,SIM-PL-0331,,,
11.318499342340395,3.318499342340395e-05,TRAPPIST-1b,planet,0.6797762385141534,1.505319654352463,0.08107015454377556,0.13812698467398596,45.67502158325394,SIM-PL-0332,,,
14.658942672784502,0.00012953656036707008,TRAPPIST-1e,planet,1.0346046198004522,5.984709343624943,0.07036808170530963,0.34478031620615757,114.62736660771237,SIM-PL-0333,,,
11.784632786513999,3.784632786513999e-05,Kepler-452b,planet,158.59293710634856,381.76263704495256,0.01470804728848508,0.5799970327537383,199.48838419319176,SIM-PL-0334,,,
13.282297282715867,7.205743206789666e-05,HAT-P-7b,planet,2.1418032726117175,2.263763745309597,0.07811997803001555,0.4194438973005168,3.94258641125349,SIM-PL-0335,,,
13.812975051879842,8.532437629699606e-05,Kepler-10b,planet,0.5261991713274697,0.8282257510598758,0.024150713052260853,0.3297539158311335,3.4843987986352616,SIM-PL-0336,,,
12.65599466494172,5.6399866623542974e-05,Kepler-90b,planet,0.21531901673788992,7.001510781457452,0.01487746866224038,0.4562098382726226,12.832902817487806,SIM-PL-0337,,,
11.304440731898618,3.3044407318986175e-05,Kepler-90i,planet,14.040859006058401,14.203907726420523,0.022184824997272395,0.4390890247205169,20.565327295901916,SIM-PL-0338,,,
15.807319565421142,0.00023073195654211423,TRAPPIST-1b,planet,1.0440136613723126,1.4678169022509702,0.08287317684658589,0.11129999042029312,44.913220384481114,SIM-PL-0339,,,
13.569562708930386,7.923906772325964e-05,TRAPPIST-1e,planet,5.408929721356196,5.987609800774275,0.07437139169588637,0.40242317417545503,114.66439930738892,SIM-PL-0340,,,
13.763711189024457,8.409277972561142e-05,Kepler-452b,planet,160.31625841959075,393.390242109214,0.015169877331478907,0.6820785680911973,203.51873139611294,SIM-PL-0341,,,
11.219191521360798,3.219191521360798e-05,HAT-P-7b,planet,0.9856478308955784,2.220925565370602,0.07547104792655145,0.4310504163353714,3.892690029676714,SIM-PL-0342,,,
15.577344443702016,0.00020773444437020155,Kepler-10b,planet,0.5856133048722163,0.8599015991545719,0.023567441602518897,0.33040565674293,3.572683466201944,SIM-PL-0343,,,
12.75306491169729,5.882662279243226e-05,Kepler-90b,planet,6.267677975441632,6.8284139603323135,0.015833081156280834,0.5543772797594182,12.620511546704464,SIM-PL-0344,,,
14.229245859257233,0.00010375475155543399,Kepler-90i,planet,9.320482783457493,14.524768696595391,0.020530605543306463,0.3670423851659982,20.8738815248176,SIM-PL-0345,,,
10.372178875278944,2.3721788752789443e-05,TRAPPIST-1b,planet,1.1725531627682166,1.494970151572919,0.07981361549725152,0.14211570245366356,45.46542840392927,SIM-PL-0346,,,
11.056964228716817,3.0569642287168165e-05,TRAPPIST-1e,planet,0.40917839056524075,6.248967654119717,0.07060950711135144,0.35354813026229903,117.97730132023571,SIM-PL-0347,,,
10.027483348842123,2.0274833488421232e-05,Kepler-452b,planet,168.8729634454521,393.2539797121067,0.015146738649335727,0.6278679432732127,203.47173217678264,SIM-PL-0348,,,
11.079702441758364,3.079702441758364e-05,HAT-P-7b,planet,0.11368355719117557,2.1477811940219635,0.0801788786955779,0.5510584532973101,3.8067455093036515,SIM-PL-0349,,,
11.506588306250524,3.5065883062505244e-05,Kepler-10b,planet,0.03656915190670902,0.8398108222222472,0.023880494353810875,0.28142324219318565,3.5168162730424744,SIM-PL-0350,,,
15.963447976878072,0.0002463447976878072,Kepler-90b,planet,6.796034865904201,6.960249691201856,0.01530043354263374,0.469340373651511,12.782435519158716,SIM-PL-0351,,,
11.946202810040544,3.946202810040545e-05,Kepler-90i,planet,9.178125775226343,14.608725610001425,0.022489048573683695,0.45992653423288543,20.95424184813552,SIM-PL-0352,,,
14.057758533949016,9.346551203694098e-05,TRAPPIST-1b,planet,0.7582577194439697,1.5153996963196505,0.07754249393980325,0.1290365014419436,45.87869651773738,SIM-PL-0353,,,
15.71339802368319,0.000221339802368319,TRAPPIST-1e,planet,2.4298974182053446,6.248369733954948,0.07406100938178321,0.34371652812684717,117.96977558304451,SIM-PL-0354,,,
14.879122452779008,0.00014274734716674046,Kepler-452b,planet,16.57819856638065,385.18823655973785,0.012792056295678594,0.6155590899294575,200.67996121281163,SIM-PL-0355,,,
13.538147021257398,7.845367553143495e-05,HAT-P-7b,planet,2.000022732197849,2.1736479047602923,0.08273343763371431,0.5307479329056756,3.8372487364265635,SIM-PL-0356,,,
11.398002010772561,3.3980020107725614e-05,Kepler-10b,planet,0.765489404807996,0.8531517218617202,0.022963501805806023,0.26415491137213476,3.553962847742787,SIM-PL-0357,,,
11.98501216209187,3.98501216209187e-05,Kepler-90b,planet,6.4320683673284265,7.073465597009271,0.015971458916985207,0.45770144882660396,12.920675751745465,SIM-PL-0358,,,
15.446399870525559,0.00019463998705255588,Kepler-90i,planet,9.786050877725813,14.582045250552575,0.022668446772456056,0.38341447348870583,20.928721163620818,SIM-PL-0359,,,
11.262626249567994,3.262626249567994e-05,TRAPPIST-1b,planet,1.042381623940468,1.5192130096739094,0.07776640436329048,0.13375454131260736,45.95562960025263,SIM-PL-0360,,,
15.146945547337141,0.00016469455473371413,TRAPPIST-1e,planet,5.6201137944099475,6.149761038043954,0.07243822822194877,0.36065866411197856,116.7253272829003,SIM-PL-0361,,,
12.423358625561,5.058396563902501e-05,Kepler-452b,planet,140.9681581647269,377.8404231100786,0.014813500933912207,0.6675706600334345,198.1196767205065,SIM-PL-0362,,,
13.131277551620364,6.828193879050911e-05,HAT-P-7b,planet,1.3773935440407574,2.2170615999611365,0.0773672089678532,0.5611518333105574,3.888173719093942,SIM-PL-0363,,,
14.683161056334718,0.0001309896633800831,Kepler-10b,planet,0.20013967431521482,0.8402024754409764,0.02264700308495485,0.31846864724458734,3.517909587028951,SIM-PL-0364,,,
11.47310334743118,3.4731033474311806e-05,Kepler-90b,planet,1.7367677847974579,7.195453202205051,0.015006739299471647,0.4265005217715723,13.068803642326934,SIM-PL-0365,,,
13.95526203503648,8.888155087591199e-05,Kepler-90i,planet,10.20529577473744,14.383782918682712,0.022496336056003416,0.44167806011048366,20.738586104543128,SIM-PL-0366,,,
11.22531942788813,3.22531942788813e-05,TRAPPIST-1b,planet,1.415508673614744,1.49266752463669,0.08537056751899987,0.13142812872666176,45.418731010816856,SIM-PL-0367,,,
15.963914186500475,0.00024639141865004746,TRAPPIST-1e,planet,1.660639243567577,5.941322454314267,0.06994908141424308,0.3209482401720804,114.07269155754771,SIM-PL-0368,,,
14.436224673336453,0.00011617348040018713,Kepler-452b,planet,315.0821603432391,394.63436144762,0.014312109527144446,0.5674191000754175,203.94759869519805,SIM-PL-0369,,,
14.239275043400406,0.00010435650260402436,HAT-P-7b,planet,1.2779012123005757,2.20055993469205,0.0884099112182219,0.5128930288093861,3.868856499649652,SIM-PL-0370,,,
12.501742540318999,5.2543563507974964e-05,Kepler-10b,planet,0.13790786297414354,0.8603908335289241,0.022846493510153842,0.32884946959698386,3.5740384381844215,SIM-PL-0371,,,
14.303560197696173,0.0001082136118617704,Kepler-90b,planet,5.054889855964377,6.935952931385641,0.015996127034214987,0.5245660364703331,12.75267099916516,SIM-PL-0372,,,
15.595006123403678,0.0002095006123403678,Kepler-90i,planet,11.205780981261901,14.674983218632375,0.019910018442449225,0.37709191504662365,21.017552438838145,SIM-PL-0373,,,
11.977415195669,3.977415195669e-05,TRAPPIST-1b,planet,0.8159704626108133,1.5448127809078989,0.09294227260966148,0.14199019688852293,46.470446194525685,SIM-PL-0374,,,
10.811984064873275,2.8119840648732754e-05,TRAPPIST-1e,planet,5.110810548865828,6.132843727357537,0.07015816183568188,0.30896338890232505,116.51116339623503,SIM-PL-0375,,,
14.00998270497242,9.059896229834523e-05,Kepler-452b,planet,88.70893287127602,384.68748119180157,0.013191403506788638,0.5602087220368835,200.5059971704705,SIM-PL-0376,,,
10.368479060914717,2.3684790609147173e-05,HAT-P-7b,planet,2.0268325736342048,2.1829068970802195,0.08110552289012815,0.5516845803929593,3.8481379212369906,SIM-PL-0377,,,
12.336579974431976,4.841449936079939e-05,Kepler-10b,planet,0.27524800431691804,0.8586980446451484,0.024231725726140765,0.2948673918486433,3.569349035856867,SIM-PL-0378,,,
10.999777640672198,2.999777640672198e-05,Kepler-90b,planet,3.034897083751963,7.208421302731347,0.015469403298244136,0.4854069618049249,13.084501212090347,SIM-PL-0379,,,
14.04652004529672,9.279120271780321e-05,Kepler-90i,planet,4.402076765772779,14.519254037848567,0.02111014114775593,0.389483736976731,20.8685976945488,SIM-PL-0380,,,
13.0925661038374,6.7314152595935e-05,TRAPPIST-1b,planet,0.4541457846427755,1.5319500164577244,0.08858821679444677,0.13918892915598433,46.21213183257066,SIM-PL-0381,,,
12.288156417842512,4.720391044606279e-05,TRAPPIST-1e,planet,4.302850657683208,6.18865712024376,0.06719111836771145,0.35255935434990915,117.2169870790951,SIM-PL-0382,,,
13.14102842696884,6.852571067422098e-05,Kepler-452b,planet,280.8455231408394,385.40816374799925,0.014715169828219642,0.589297829328929,200.7563408052635,SIM-PL-0383,,,
13.747315591210793,8.368288978026981e-05,HAT-P-7b,planet,0.48848994923155054,2.1628786785471905,0.07415267388967496,0.5043742868894696,3.8245639472461086,SIM-PL-0384,,,
15.142854144566197,0.0001642854144566197,Kepler-10b,planet,0.31711852764267284,0.8160446727459753,0.024339633685090192,0.30602667768239356,3.450150116789444,SIM-PL-0385,,,
10.484222212309145,2.4842222123091452e-05,Kepler-90b,planet,2.968636845741087,7.143179971883426,0.01751507864389582,0.4910517171006228,13.005432288477575,SIM-PL-0386,,,
15.326390424935457,0.00018263904249354572,Kepler-90i,planet,10.67435214098663,14.53858306588438,0.022680246756484494,0.42085116780005694,20.887114727763603,SIM-PL-0387,,,
11.57349260460155,3.5734926046015485e-05,TRAPPIST-1b,planet,0.6721352760815964,1.4807330773995073,0.0831255376791639,0.120066822399417,45.17631384763189,SIM-PL-0388,,,
10.679784284548168,2.679784284548168e-05,TRAPPIST-1e,planet,0.464373724758849,6.167047496987415,0.0631263715563851,0.40073693830529455,116.94396162750563,SIM-PL-0389,,,
13.980594377222651,8.951485943056627e-05,Kepler-452b,planet,359.3586019467029,392.240785661565,0.012904523385639922,0.5385182654492376,203.1220938845532,SIM-PL-0390,,,
12.204373320112087,4.5109333002802157e-05,HAT-P-7b,planet,1.0664877799115478,2.2178955958520508,0.08552838073900708,0.4641004219835892,3.8891487386530446,SIM-PL-0391,,,
10.670494601812003,2.6704946018120025e-05,Kepler-10b,planet,0.6499435708007529,0.8419418868190591,0.0208753938371033,0.27847652308634047,3.5227631651935343,SIM-PL-0392,,,
13.17262361237557,6.931559030938926e-05,Kepler-90b,planet,4.6626279986107555,7.209154253641032,0.0156777154683898,0.5670358445692042,13.08538815012643,SIM-PL-0393,,,
13.805141213015608,8.512853032539019e-05,Kepler-90i,planet,8.946272025795441,14.135482961006645,0.02343447289278158,0.35195373808168595,20.499227649103947,SIM-PL-0394,,,
12.217932808943434,4.544832022358585e-05,TRAPPIST-1b,planet,1.4155681452595106,1.4955540045237077,0.0865681907615408,0.11589542471110686,45.477265160652316,SIM-PL-0395,,,
15.140817815876249,0.00016408178158762484,TRAPPIST-1e,planet,1.7778681435798835,6.136824470634293,0.07266772417737681,0.3262985345565727,116.5615751237554,SIM-PL-0396,,,
11.3332157183654,3.3332157183654004e-05,Kepler-452b,planet,258.9705001172443,395.1917553577828,0.013617437548402302,0.617181773326301,204.13959482584264,SIM-PL-0397,,,
15.544704801743281,0.0002044704801743281,HAT-P-7b,planet,1.0956870180981717,2.1791041898033052,0.08074912998744276,0.4427393972026516,3.843667553756429,SIM-PL-0398,,,
15.330973794853776,0.00018309737948537757,Kepler-10b,planet,0.5153407681204456,0.828632065144085,0.024461937056892525,0.3158110762287397,3.4855382984009915,SIM-PL-0399,,,
12.727668273552801,5.819170683882003e-05,grazing_EB,false_positive,0.3191784566959821,3.111493771145308,,,,SIM-FP-0000,0.09683127623850799,V,0.11352474323767253
11.135644014599526,3.135644014599526e-05,background_EB,false_positive,2.446338036599952,5.840848808171846,,,,SIM-FP-0001,0.16417694974379698,U_diluted,0.18042248816727702
12.588263872124305,5.470659680310761e-05,secondary_eclipse,false_positive,0.6855197905811219,4.213955809301366,,,,SIM-FP-0002,0.05200967266280378,U,0.25089777329602336
10.826022298919026,2.8260222989190264e-05,aliased_contact_binary,false_positive,0.5817491547974086,0.93621975766248,,,,SIM-FP-0003,0.0388348679410837,V,0.04187858702265509
10.809004862051586,2.8090048620515854e-05,grazing_EB,false_positive,0.7656135718404541,3.057549482691052,,,,SIM-FP-0004,0.09016999879577459,V,0.15339097501553528
14.961692305936506,0.00014770153835619033,background_EB,false_positive,5.204976303976312,5.654576375870073,,,,SIM-FP-0005,0.1522426496468926,U_diluted,0.157337519693731
10.202880814726262,2.2028808147262617e-05,secondary_eclipse,false_positive,3.3985402063788395,3.9268631130906733,,,,SIM-FP-0006,0.06554449346696811,U,0.12346054049508785
14.63159093196965,0.00012789545591817905,aliased_contact_binary,false_positive,0.7118134685085217,0.8668990006055572,,,,SIM-FP-0007,0.035396590819227206,V,0.025706679120397063
10.59213489642893,2.5921348964289307e-05,grazing_EB,false_positive,1.9888488709923724,3.178204743222486,,,,SIM-FP-0008,0.0963835229094549,V,0.22343494936012798
11.984089800607444,3.984089800607444e-05,background_EB,false_positive,2.1513408149597177,5.930182390524933,,,,SIM-FP-0009,0.15405191947739796,U_diluted,0.28830103707538574
10.771819855873025,2.7718198558730247e-05,secondary_eclipse,false_positive,3.5234501702886534,4.138534673754987,,,,SIM-FP-0010,0.061392341481724635,U,0.13179228890602762
14.76271672680106,0.00013576300360806356,aliased_contact_binary,false_positive,0.015328865507425897,0.9172193442132938,,,,SIM-FP-0011,0.04172869579615341,V,0.044819253470970856
11.361211542783044,3.3612115427830444e-05,grazing_EB,false_positive,0.8611951196704065,3.2767659043990265,,,,SIM-FP-0012,0.08979764374761778,V,0.11803113554021835
11.166617465751742,3.166617465751742e-05,background_EB,false_positive,1.7541867207620172,5.75885652474166,,,,SIM-FP-0013,0.14398445162619838,U_diluted,0.14309286120794523
14.426437863789227,0.00011558627182735361,secondary_eclipse,false_positive,3.120041594199918,4.180329796789793,,,,SIM-FP-0014,0.06885135829793647,U,0.15532678070337805
11.918758289852395,3.9187582898523946e-05,aliased_contact_binary,false_positive,0.6869928790807256,0.9263497332235513,,,,SIM-FP-0015,0.038729071933291385,V,0.03948663856746176
10.387997057258994,2.3879970572589942e-05,grazing_EB,false_positive,1.164578230458038,3.236696434214558,,,,SIM-FP-0016,0.09688012869059848,V,0.24242252374825152
14.225977191996506,0.00010355863151979036,background_EB,false_positive,1.3690643500330801,5.4782940362230175,,,,SIM-FP-0017,0.13564290896147332,U_diluted,0.2709718614848371
12.813634872503366,6.034087181258414e-05,secondary_eclipse,false_positive,0.604243196782618,4.038178196738767,,,,SIM-FP-0018,0.05496913575429013,U,0.2198223120481218
15.403013319584964,0.00019030133195849642,aliased_contact_binary,false_positive,0.2272589809965204,0.917189799035724,,,,SIM-FP-0019,0.04516051517273125,V,0.04218041979673533
13.362401608162989,7.406004020407471e-05,grazing_EB,false_positive,0.9442749246769375,3.094108299648895,,,,SIM-FP-0020,0.09682169158939989,V,0.1932307548164909
14.80064771482198,0.00013803886288931886,background_EB,false_positive,5.171879896373776,5.510595844928702,,,,SIM-FP-0021,0.1429441188792618,U_diluted,0.22915808143448665
13.949827922779157,8.874569806947892e-05,secondary_eclipse,false_positive,3.4330046274494355,4.289903742860132,,,,SIM-FP-0022,0.05706438018835644,U,0.1809674788651702
11.04856520306279,3.0485652030627895e-05,aliased_contact_binary,false_positive,0.4793571562760755,0.890131629368531,,,,SIM-FP-0023,0.03724477576086518,V,0.04469834324049246
15.663260913832971,0.00021632609138329712,grazing_EB,false_positive,1.688874844629879,3.0934362329520817,,,,SIM-FP-0024,0.08703126083913129,V,0.20616486194513722
14.114379374357554,9.686276246145325e-05,background_EB,false_positive,2.6541554240286467,5.728068717932836,,,,SIM-FP-0025,0.13067417725747182,U_diluted,0.23163074489599791
13.994373338817837,8.985933347044593e-05,secondary_eclipse,false_positive,3.1795046165972343,3.993852271344549,,,,SIM-FP-0026,0.05584686384696563,U,0.15126367355990042
13.438655924843628,7.59663981210907e-05,aliased_contact_binary,false_positive,0.6711502430803162,0.8766969397774782,,,,SIM-FP-0027,0.0357187818135759,V,0.02933213246670389
10.225580885145659,2.2255808851456587e-05,grazing_EB,false_positive,0.3977268709575332,3.2865074979560966,,,,SIM-FP-0028,0.09986447012158821,V,0.08821255914549175
11.662169997765679,3.6621699977656784e-05,background_EB,false_positive,1.4222257260193827,5.9295271640018195,,,,SIM-FP-0029,0.14227835594002483,U_diluted,0.2872164599421387
12.133123896231464,4.332809740578659e-05,secondary_eclipse,false_positive,0.7323381419651949,4.027181380499589,,,,SIM-FP-0030,0.06724649599508498,U,0.09289670478913317
11.888039906506558,3.888039906506557e-05,aliased_contact_binary,false_positive,0.6752084009280476,0.9056329153385849,,,,SIM-FP-0031,0.04447698182450896,V,0.027731118191735273
12.819516576044018,6.0487914401100444e-05,grazing_EB,false_positive,0.6249815265775135,3.102489310900619,,,,SIM-FP-0032,0.08208061204933988,V,0.2090120390975471
14.60307779276803,0.00012618466756608178,background_EB,false_positive,4.9117336855054265,5.93530489898051,,,,SIM-FP-0033,0.12852591630524648,U_diluted,0.3320727783742102
13.86988776784807,8.674719419620174e-05,secondary_eclipse,false_positive,2.4268973182808704,3.9708339316416628,,,,SIM-FP-0034,0.05755439416229625,U,0.12589014536195398
14.055496770690077,9.332980624140461e-05,aliased_contact_binary,false_positive,0.6157047370798384,0.8832090182130353,,,,SIM-FP-0035,0.038284143404387384,V,0.06581074812073547
12.590888599527847,5.477221498819618e-05,grazing_EB,false_positive,0.5662609658254841,3.2548980820428444,,,,SIM-FP-0036,0.07863817803560026,V,0.10679473978112708
14.28939993351755,0.00010736399601105305,background_EB,false_positive,2.532154185874091,5.42625647480632,,,,SIM-FP-0037,0.1325208770787466,U_diluted,0.2995224478086569
10.686719575135758,2.6867195751357576e-05,secondary_eclipse,false_positive,4.014088164385591,4.034885050351021,,,,SIM-FP-0038,0.051136168170776014,U,0.11510377196742415
10.417559833863303,2.4175598338633026e-05,aliased_contact_binary,false_positive,0.1775187877540309,0.9131277235734346,,,,SIM-FP-0039,0.04302587436835441,V,0.04670693836712948
14.549579002909805,0.00012297474017458832,grazing_EB,false_positive,1.8544634903832695,3.2475678489991004,,,,SIM-FP-0040,0.09283057757271503,V,0.21839509567714427
14.426020578825725,0.00011556123472954346,background_EB,false_positive,5.017276095607617,5.628701479016463,,,,SIM-FP-0041,0.14059895636884964,U_diluted,0.25334562154067736
13.99477475470593,8.986936886764823e-05,secondary_eclipse,false_positive,3.821449890313701,4.232628244863885,,,,SIM-FP-0042,0.06374243995723411,U,0.13185221688303164
11.197292602926826,3.197292602926826e-05,aliased_contact_binary,false_positive,0.7821704937611194,0.9011352337401819,,,,SIM-FP-0043,0.03548182956276368,V,0.06832576664544106
10.975454788273424,2.9754547882734244e-05,grazing_EB,false_positive,1.519457607670384,3.263287772249025,,,,SIM-FP-0044,0.0799787118272713,V,0.12589904035739352
11.1986565740436,3.1986565740436e-05,background_EB,false_positive,2.913223773087295,5.555525863610434,,,,SIM-FP-0045,0.15490554631042727,U_diluted,0.24144503797744332
10.785880786842256,2.785880786842256e-05,secondary_eclipse,false_positive,3.9441206261420314,4.209565292401309,,,,SIM-FP-0046,0.05399043713540416,U,0.1083308064772024
12.751348266281646,5.878370665704114e-05,aliased_contact_binary,false_positive,0.5722736406554996,0.8740680936139881,,,,SIM-FP-0047,0.03811153707213289,V,0.031560615095739694
14.116295432038754,9.697772592232524e-05,grazing_EB,false_positive,0.5502264527142511,3.0934872971624627,,,,SIM-FP-0048,0.09187664504645551,V,0.20703537236392802
10.561898063440289,2.561898063440289e-05,background_EB,false_positive,5.649153393158738,5.734456803366337,,,,SIM-FP-0049,0.15567362175219077,U_diluted,0.18400035647752583
13.138348589241582,6.845871473103954e-05,secondary_eclipse,false_positive,0.29623175278948644,4.025946900908856,,,,SIM-FP-0050,0.05358926152811698,U,0.1688653829805855
12.481261658482605,5.203154146206513e-05,aliased_contact_binary,false_positive,0.4431749109540981,0.8906680020573486,,,,SIM-FP-0051,0.04148870538555012,V,0.06625875315954491
15.31358926336477,0.00018135892633647702,grazing_EB,false_positive,1.5182641131078964,3.106498885744184,,,,SIM-FP-0052,0.08935919476049473,V,0.10277590703011445
10.820919646620414,2.820919646620414e-05,background_EB,false_positive,2.825665904185252,5.702845027071031,,,,SIM-FP-0053,0.16805203318308057,U_diluted,0.2251025873469878
14.829207106462933,0.00013975242638777598,secondary_eclipse,false_positive,0.7538402888872987,4.260274332577047,,,,SIM-FP-0054,0.06789100300397301,U,0.21641337059130922
13.516600237172058,7.791500592930146e-05,aliased_contact_binary,false_positive,0.8142413838063078,0.8589376034556399,,,,SIM-FP-0055,0.044320594203306904,V,0.05018388341236336
14.04025835126415,9.241550107584899e-05,grazing_EB,false_positive,1.1734194140498868,3.211945134528266,,,,SIM-FP-0056,0.09979155181774794,V,0.22838687733988394
15.457841878047496,0.00019578418780474962,background_EB,false_positive,1.027767036852406,5.651390579995302,,,,SIM-FP-0057,0.15953851657740273,U_diluted,0.15673817434586593
15.567598505256537,0.00020675985052565375,secondary_eclipse,false_positive,0.6898887646732553,4.047627515210744,,,,SIM-FP-0058,0.06178970352105698,U,0.09602805332342314
11.374598459149361,3.3745984591493605e-05,aliased_contact_binary,false_positive,0.04463153737661111,0.8722189946188024,,,,SIM-FP-0059,0.04299226973019086,V,0.06780979229076552
11.579423249222282,3.579423249222282e-05,grazing_EB,false_positive,1.0608774113466017,3.3323634903163737,,,,SIM-FP-0060,0.09141548774322449,V,0.15857733447568295
10.408364354842675,2.4083643548426747e-05,background_EB,false_positive,3.6461642873589195,5.917391792619971,,,,SIM-FP-0061,0.1336261342836674,U_diluted,0.18594093081614776
11.369772510597898,3.3697725105978976e-05,secondary_eclipse,false_positive,1.3011117631030955,4.015461607346385,,,,SIM-FP-0062,0.061728267037858234,U,0.11777133356526324
13.326428639629334,7.316071599073336e-05,aliased_contact_binary,false_positive,0.47914815071761224,0.9110312561932967,,,,SIM-FP-0063,0.04133948835117725,V,0.03006519664562344
15.522654481455847,0.00020226544814558466,grazing_EB,false_positive,1.0123387082370476,3.1698029716800797,,,,SIM-FP-0064,0.08871602072069298,V,0.19141645592312231
10.404070873168736,2.4040708731687362e-05,background_EB,false_positive,2.466589424080631,5.628748463934289,,,,SIM-FP-0065,0.13008109753423458,U_diluted,0.328034732781329
14.163098325014488,9.978589950086928e-05,secondary_eclipse,false_positive,2.1014107947132494,4.031062682767243,,,,SIM-FP-0066,0.059752359769987946,U,0.2208939704739226
14.089266701006578,9.535600206039463e-05,aliased_contact_binary,false_positive,0.1406191655191433,0.8559243399910941,,,,SIM-FP-0067,0.04478723211619899,V,0.04466599036596664
14.570050941308697,0.00012420305647852181,grazing_EB,false_positive,0.48797735393853603,3.1288244666280596,,,,SIM-FP-0068,0.08957210770819939,V,0.09909039287164442
13.134101112041014,6.835252780102535e-05,background_EB,false_positive,2.3612764473769507,5.945177692538073,,,,SIM-FP-0069,0.15916135927972147,U_diluted,0.3221322519024364
15.641107912199537,0.0002141107912199537,secondary_eclipse,false_positive,3.067400582236664,4.239242158367286,,,,SIM-FP-0070,0.05412598898117589,U,0.14758842247544826
15.508384983019933,0.00020083849830199334,aliased_contact_binary,false_positive,0.03275154905754131,0.9315309387820373,,,,SIM-FP-0071,0.034697836457692664,V,0.05669916744067394
10.734823436882275,2.7348234368822746e-05,grazing_EB,false_positive,1.4105160864953625,3.306188035329519,,,,SIM-FP-0072,0.09860581415555107,V,0.1499643177563229
10.919009572845528,2.919009572845528e-05,background_EB,false_positive,3.7044858665746645,5.484926137384378,,,,SIM-FP-0073,0.13900713378084115,U_diluted,0.31916804693868095
15.802956231923273,0.00023029562319232735,secondary_eclipse,false_positive,0.6829813029731509,4.304429942875142,,,,SIM-FP-0074,0.06116677307006526,U,0.12446055959708258
11.790589171989899,3.790589171989899e-05,aliased_contact_binary,false_positive,0.17281388582584853,0.9158786119306621,,,,SIM-FP-0075,0.038578997952276727,V,0.055678262783288884
12.49258582040446,5.231464551011152e-05,grazing_EB,false_positive,0.6812055712386876,3.087902533314615,,,,SIM-FP-0076,0.08822381521931592,V,0.14357200198796788
12.241761424700613,4.604403561751532e-05,background_EB,false_positive,1.7986070956224258,5.962707713986635,,,,SIM-FP-0077,0.14409069900804305,U_diluted,0.3018183233194098
15.441184127585405,0.0001941184127585405,secondary_eclipse,false_positive,3.2977964029020916,4.303301241573183,,,,SIM-FP-0078,0.06570939251719338,U,0.2515624197506707
13.275569617291612,7.18892404322903e-05,aliased_contact_binary,false_positive,0.23654351484031752,0.8924145077288854,,,,SIM-FP-0079,0.041350009200670654,V,0.05251974378941236
10.809426518662725,2.8094265186627254e-05,grazing_EB,false_positive,2.6643775169304496,3.279958492882517,,,,SIM-FP-0080,0.09834033331169714,V,0.14964286315603417
14.302000070162437,0.00010812000420974624,background_EB,false_positive,2.542924637266061,5.4525742697404604,,,,SIM-FP-0081,0.13976559991535992,U_diluted,0.20423453618427997
11.906323079648345,3.906323079648345e-05,secondary_eclipse,false_positive,1.6903682266655466,3.9735091211572175,,,,SIM-FP-0082,0.06332098770297603,U,0.14874725253704227
12.03938420589393,4.098460514734824e-05,aliased_contact_binary,false_positive,0.002216905720966569,0.8966684833843054,,,,SIM-FP-0083,0.03998023365071332,V,0.06588034237083767
11.735409783562286,3.735409783562286e-05,grazing_EB,false_positive,1.6084494489524952,3.293901862860778,,,,SIM-FP-0084,0.09131376913521708,V,0.2506648055685956
11.910428074734964,3.910428074734965e-05,background_EB,false_positive,2.484845984691432,5.637519223073115,,,,SIM-FP-0085,0.14734891187525717,U_diluted,0.20072002220152335
12.44131226944724,5.103280673618099e-05,secondary_eclipse,false_positive,1.0779021202010193,4.255367320452919,,,,SIM-FP-0086,0.06362650336471053,U,0.16774001030810354
14.203482204082986,0.00010220893224497916,aliased_contact_binary,false_positive,0.5994002004303808,0.8789626175425088,,,,SIM-FP-0087,0.042023561058727274,V,0.06619396399491326
14.150813356432284,9.904880138593704e-05,grazing_EB,false_positive,2.558600908678281,3.136378537731892,,,,SIM-FP-0088,0.08506005699266833,V,0.1629566210797251
12.799929653272558,5.999824133181395e-05,background_EB,false_positive,2.4985639760323775,5.9133685889970105,,,,SIM-FP-0089,0.14090651483122713,U_diluted,0.22896716592766486
11.622672939161925,3.622672939161924e-05,secondary_eclipse,false_positive,1.3672423318991216,4.12040594266277,,,,SIM-FP-0090,0.06585048092346524,U,0.08378314829155963
15.117564576311604,0.00016175645763116044,aliased_contact_binary,false_positive,0.6261870849672008,0.9006815233553519,,,,SIM-FP-0091,0.034679928608361416,V,0.06122329971543837
15.617795621445257,0.0002117795621445257,grazing_EB,false_positive,0.4831865654049241,3.289474198876567,,,,SIM-FP-0092,0.09213404446834729,V,0.1483033981070521
15.009224666948077,0.0001509224666948077,background_EB,false_positive,4.203942705989994,5.564851415373384,,,,SIM-FP-0093,0.17029665469941352,U_diluted,0.2714762375367843
15.100894536137558,0.00016008945361375577,secondary_eclipse,false_positive,0.803993129650684,4.102395503394233,,,,SIM-FP-0094,0.05416056287220651,U,0.0944008448792362
11.018198470805705,3.0181984708057053e-05,aliased_contact_binary,false_positive,0.31836846147842807,0.9244163525102836,,,,SIM-FP-0095,0.03406406315598733,V,0.057520452283961125
13.29874078231217,7.246851955780422e-05,grazing_EB,false_positive,1.9491778526199226,3.0852340273670116,,,,SIM-FP-0096,0.07809201535308992,V,0.18788447586176346
12.47454112436494,5.18635281091235e-05,background_EB,false_positive,5.613176957577354,5.912026819873446,,,,SIM-FP-0097,0.14869930964869094,U_diluted,0.14302252946802355
13.145251094146563,6.863127735366406e-05,secondary_eclipse,false_positive,2.7355635560390352,3.982085076132648,,,,SIM-FP-0098,0.059288079113642235,U,0.144658050292708
15.757814428598836,0.0002257814428598836,aliased_contact_binary,false_positive,0.09775181726581357,0.9081905349902608,,,,SIM-FP-0099,0.03823417040525419,V,0.05923724914598056
10.33207791314444,2.33207791314444e-05,grazing_EB,false_positive,1.2977624773196474,3.2972262935787677,,,,SIM-FP-0100,0.07704512964443035,V,0.10792844327739408
12.30024563462955,4.7506140865738726e-05,background_EB,false_positive,4.548601837893378,5.8378962906942675,,,,SIM-FP-0101,0.1302183048617501,U_diluted,0.28989162630617066
13.24678360928457,7.116959023211424e-05,secondary_eclipse,false_positive,3.9244933298842977,4.252016431843912,,,,SIM-FP-0102,0.059122800350920726,U,0.13483461496707697
11.722341696301823,3.7223416963018236e-05,aliased_contact_binary,false_positive,0.30717742705497714,0.9220676613422135,,,,SIM-FP-0103,0.04326354402647346,V,0.06995699612975166
10.576206538403008,2.5762065384030084e-05,grazing_EB,false_positive,1.5379569019064345,3.069659006728549,,,,SIM-FP-0104,0.09334008710676624,V,0.23537047108989825
13.332434039481335,7.331085098703338e-05,background_EB,false_positive,3.923760217099194,5.68113007832097,,,,SIM-FP-0105,0.1686596647600009,U_diluted,0.22104528281580715
12.197817471543726,4.494543678859314e-05,secondary_eclipse,false_positive,4.086701120225981,4.2372122030988795,,,,SIM-FP-0106,0.06704222777684811,U,0.0987392504448232
10.044378723617136,2.044378723617136e-05,aliased_contact_binary,false_positive,0.26664175276388696,0.8664911098309633,,,,SIM-FP-0107,0.044870671299135106,V,0.027604317535291037
11.019714412216109,3.0197144122161087e-05,grazing_EB,false_positive,2.774428145008735,3.1184211838327816,,,,SIM-FP-0108,0.094339233746468,V,0.14223974783008184
10.057735527649253,2.057735527649253e-05,background_EB,false_positive,4.289239211255122,5.653316177873547,,,,SIM-FP-0109,0.1333926665609138,U_diluted,0.11463916309460646
14.592127670172495,0.0001255276602103497,secondary_eclipse,false_positive,1.79037853130461,4.231489283325134,,,,SIM-FP-0110,0.06311769890663062,U,0.22757013769806955
15.77787107405248,0.00022778710740524807,aliased_contact_binary,false_positive,0.202788211371587,0.9089832986146525,,,,SIM-FP-0111,0.03865339609621652,V,0.033194308733002324
14.701559122502356,0.00013209354735014135,grazing_EB,false_positive,2.493883246646825,3.3269019268691356,,,,SIM-FP-0112,0.07976876462183512,V,0.2097659420070036
10.185804460510127,2.185804460510127e-05,background_EB,false_positive,1.3413610026188207,5.705113016627939,,,,SIM-FP-0113,0.15544245991873573,U_diluted,0.3407367013806377
14.536458578074036,0.00012218751468444217,secondary_eclipse,false_positive,4.037837232360841,4.1173127102301095,,,,SIM-FP-0114,0.05899687146676116,U,0.1561358104283799
15.017111080978822,0.00015171110809788217,aliased_contact_binary,false_positive,0.5094281014311657,0.8871916180443458,,,,SIM-FP-0115,0.03654848283468732,V,0.026077743098916608
11.693872558187364,3.693872558187364e-05,grazing_EB,false_positive,1.0313474557917197,3.241572614836352,,,,SIM-FP-0116,0.07909244004700204,V,0.13303774937827362
14.037716469780086,9.226298818680519e-05,background_EB,false_positive,5.839284109569557,5.842892164025645,,,,SIM-FP-0117,0.16662522778840366,U_diluted,0.24274307978564563
10.16351054531144,2.163510545311439e-05,secondary_eclipse,false_positive,0.6085463272081932,4.025203795804032,,,,SIM-FP-0118,0.06812169389546964,U,0.22839543883141827
11.103005981794377,3.103005981794377e-05,aliased_contact_binary,false_positive,0.11474371515728393,0.9260378531105623,,,,SIM-FP-0119,0.044057144336484465,V,0.06495282045337215
11.706574519958682,3.706574519958682e-05,grazing_EB,false_positive,1.762892811043456,3.302541639046995,,,,SIM-FP-0120,0.09445525420543963,V,0.14015331771285286
10.433226152876696,2.4332261528766955e-05,background_EB,false_positive,0.9003964726461262,5.6592285668874975,,,,SIM-FP-0121,0.14497210030910454,U_diluted,0.3368558924539795
15.657118615581586,0.00021571186155815863,secondary_eclipse,false_positive,2.415519855944034,4.144029780600955,,,,SIM-FP-0122,0.05542176121677013,U,0.09201742701690062
13.1104884054097,6.77622101352425e-05,aliased_contact_binary,false_positive,0.1391399314169285,0.8565746788250496,,,,SIM-FP-0123,0.03786662873267384,V,0.05509788300458586
15.632052403800579,0.00021320524038005785,grazing_EB,false_positive,1.726437193038839,3.069757688003292,,,,SIM-FP-0124,0.08687212274170579,V,0.1568509592787865
15.808906544615411,0.00023089065446154107,background_EB,false_positive,2.8374800976989607,5.662592193805563,,,,SIM-FP-0125,0.1631377335170874,U_diluted,0.32842453707638936
15.801288301982359,0.00023012883019823586,secondary_eclipse,false_positive,0.4764017633668998,4.077174658084748,,,,SIM-FP-0126,0.06337197654659103,U,0.19774027855048196
13.52388434470015,7.809710861750375e-05,aliased_contact_binary,false_positive,0.2001035972453528,0.898818410353592,,,,SIM-FP-0127,0.037162455533197164,V,0.06420052832602273
15.034823803957385,0.00015348238039573854,grazing_EB,false_positive,2.2208895857740814,3.042280404279053,,,,SIM-FP-0128,0.0855191974554747,V,0.11000850345708225
12.548985479417372,5.3724636985434284e-05,background_EB,false_positive,0.4590463017908705,5.472201903543397,,,,SIM-FP-0129,0.1457757324634792,U_diluted,0.2143967817062143
14.883073557865988,0.00014298441347195925,secondary_eclipse,false_positive,3.5993033861705976,4.219247890040437,,,,SIM-FP-0130,0.05638422450250911,U,0.21086648994560458
10.327103851895018,2.3271038518950177e-05,aliased_contact_binary,false_positive,0.6170893438858674,0.9342702342931198,,,,SIM-FP-0131,0.04563148380948134,V,0.025230120745434598
12.642299938717663,5.6057498467941574e-05,grazing_EB,false_positive,2.0645555658479684,3.288506176847543,,,,SIM-FP-0132,0.07881075573567056,V,0.11932046001540864
10.912493301015887,2.9124933010158873e-05,background_EB,false_positive,0.7217731964403152,5.588092119154089,,,,SIM-FP-0133,0.13695959136585253,U_diluted,0.1592309688897944
12.27864884006647,4.696622100166175e-05,secondary_eclipse,false_positive,3.5322000481755604,3.979701939235942,,,,SIM-FP-0134,0.05300738710339328,U,0.1386665437813344
13.77422484150818,8.43556210377045e-05,aliased_contact_binary,false_positive,0.3442522943790657,0.9292552022130277,,,,SIM-FP-0135,0.04271659303747254,V,0.04678006280421567
12.51190587495836,5.279764687395901e-05,grazing_EB,false_positive,1.1203448272279257,3.323638492044198,,,,SIM-FP-0136,0.09573393112103654,V,0.24595379302666803
15.814780173289684,0.00023147801732896836,background_EB,false_positive,1.4343374749656441,5.953600425315938,,,,SIM-FP-0137,0.14716021628375617,U_diluted,0.23500964328878096
11.900214803794118,3.9002148037941176e-05,secondary_eclipse,false_positive,0.6664488640976661,3.9858394211747026,,,,SIM-FP-0138,0.051313851449988214,U,0.11317882079172405
10.244586304007942,2.2445863040079424e-05,aliased_contact_binary,false_positive,0.7424629911028459,0.8550974095070744,,,,SIM-FP-0139,0.03922895547325467,V,0.043578765879488515
14.425149768197418,0.00011550898609184507,grazing_EB,false_positive,1.595521551380622,3.301098859514882,,,,SIM-FP-0140,0.08413226020561275,V,0.1613623320997899
14.06741427098397,9.404485625903824e-05,background_EB,false_positive,5.234995102821569,5.542203908725502,,,,SIM-FP-0141,0.157458914023699,U_diluted,0.2461466247770199
11.844619536704116,3.844619536704115e-05,secondary_eclipse,false_positive,3.3399859711101696,4.077750594809515,,,,SIM-FP-0142,0.061943519181299915,U,0.1650744511684664
10.4559339936438,2.4559339936438e-05,aliased_contact_binary,false_positive,0.07163596840310238,0.8847504579974105,,,,SIM-FP-0143,0.042035645059370436,V,0.062436415318298424
10.858418983885702,2.858418983885702e-05,grazing_EB,false_positive,0.4699646887810314,3.3333177866997867,,,,SIM-FP-0144,0.10246960349294665,V,0.1124407170129333
14.402261333806043,0.00011413568002836259,background_EB,false_positive,3.962567265888789,5.835061103544351,,,,SIM-FP-0145,0.17148027968403715,U_diluted,0.2558975530849682
10.644679432838934,2.6446794328389343e-05,secondary_eclipse,false_positive,2.656426602299223,3.9419335700883296,,,,SIM-FP-0146,0.06140025308605649,U,0.10492484550900759
15.46954520530106,0.00019695452053010597,aliased_contact_binary,false_positive,0.3692307199252981,0.9232911346091376,,,,SIM-FP-0147,0.03849455514512346,V,0.02435156973969611
14.57229768416808,0.00012433786105008477,grazing_EB,false_positive,1.8273813564321888,3.166255075982417,,,,SIM-FP-0148,0.08090552085820192,V,0.24045623645655118
15.907217052453994,0.0002407217052453994,background_EB,false_positive,5.622031660724432,5.6614647128120295,,,,SIM-FP-0149,0.13072394385564204,U_diluted,0.12570634439753464
12.535891954946127,5.3397298873653166e-05,secondary_eclipse,false_positive,1.0568677470426628,4.034958624508223,,,,SIM-FP-0150,0.0598020149157965,U,0.177769739181661
15.289411172169345,0.0001789411172169345,aliased_contact_binary,false_positive,0.019402364785219922,0.9199521023330959,,,,SIM-FP-0151,0.039803852011862956,V,0.03323000461127278
13.49129747465207,7.728243686630174e-05,grazing_EB,false_positive,1.7107305288077403,3.2917851843679333,,,,SIM-FP-0152,0.08428120283317218,V,0.1899075436014733
15.864896740002287,0.00023648967400022867,background_EB,false_positive,0.8528959861200871,5.9013555062205665,,,,SIM-FP-0153,0.1633045060991926,U_diluted,0.3345371411287761
14.857068575251787,0.00014142411451510724,secondary_eclipse,false_positive,2.3861641934370468,3.951306633860696,,,,SIM-FP-0154,0.06222870763091263,U,0.12393326432575517
15.084176316939248,0.00015841763169392476,aliased_contact_binary,false_positive,0.45696803761519944,0.8876842594945941,,,,SIM-FP-0155,0.043185455189237415,V,0.05356771945368084
10.707156952252971,2.7071569522529708e-05,grazing_EB,false_positive,0.3601963702379741,3.051099975087977,,,,SIM-FP-0156,0.09193025448644235,V,0.11312897226503692
11.077202080075537,3.077202080075537e-05,background_EB,false_positive,0.43640918127417216,5.869816397864284,,,,SIM-FP-0157,0.13738780208544799,U_diluted,0.22071840991988478
14.875533159264226,0.00014253198955585354,secondary_eclipse,false_positive,1.6362009860555617,4.123062207053796,,,,SIM-FP-0158,0.06064206072428212,U,0.16255428159970126
11.69039372694855,3.6903937269485496e-05,aliased_contact_binary,false_positive,0.2581448304767545,0.8610741300592928,,,,SIM-FP-0159,0.043690376163287185,V,0.04543639068740522
13.996703577654904,8.99175894413726e-05,grazing_EB,false_positive,2.7780975179499023,3.334024309255999,,,,SIM-FP-0160,0.08266587507634413,V,0.1869132445035879
14.216532493021724,0.00010299194958130343,background_EB,false_positive,1.730979830465716,5.591121160246582,,,,SIM-FP-0161,0.16420557007803385,U_diluted,0.2236878571850756
14.068719894234253,9.412319365405515e-05,secondary_eclipse,false_positive,0.47216544141093497,4.15981167695975,,,,SIM-FP-0162,0.06486043039437453,U,0.1223090980079793
11.635811364461187,3.635811364461187e-05,aliased_contact_binary,false_positive,0.12895838569891907,0.9182640015563113,,,,SIM-FP-0163,0.0354470989661974,V,0.061807239145225845
15.295960864115633,0.00017959608641156334,grazing_EB,false_positive,0.5131573038839867,3.2858874624818277,,,,SIM-FP-0164,0.09818923512973539,V,0.2125998598767488
10.375648967644608,2.375648967644608e-05,background_EB,false_positive,0.613210042212561,5.626596205252854,,,,SIM-FP-0165,0.13191838320457314,U_diluted,0.1720340661725474
11.015511913107831,3.0155119131078312e-05,secondary_eclipse,false_positive,1.4268764276030446,4.129420404606395,,,,SIM-FP-0166,0.0566775028998484,U,0.20210244003060387
14.131616961115295,9.78970176669177e-05,aliased_contact_binary,false_positive,0.3140008930095813,0.8763949322144008,,,,SIM-FP-0167,0.04395656058591199,V,0.06675569886929027
15.630877897198403,0.00021308778971984024,grazing_EB,false_positive,1.9185780254968337,3.308209131976712,,,,SIM-FP-0168,0.1021512666028496,V,0.17134226462493013
10.761364214013705,2.761364214013705e-05,background_EB,false_positive,2.725293131004764,5.916209832660948,,,,SIM-FP-0169,0.16946597046758793,U_diluted,0.23140890892468452
10.442216442813585,2.442216442813585e-05,secondary_eclipse,false_positive,1.1341717784486827,4.074824339349003,,,,SIM-FP-0170,0.05191689712646804,U,0.19397022310400522
13.590253693155233,7.975634232888083e-05,aliased_contact_binary,false_positive,0.29530333214187554,0.8848077047630724,,,,SIM-FP-0171,0.04418832871348176,V,0.04892023202282195
11.968274520725025,3.968274520725025e-05,grazing_EB,false_positive,2.230713967405956,3.1971851453129454,,,,SIM-FP-0172,0.08763654837603037,V,0.21489045827272893
11.540906169562602,3.540906169562602e-05,background_EB,false_positive,2.2776182708923813,5.574045824364912,,,,SIM-FP-0173,0.1667414896984589,U_diluted,0.24458172711789872
11.19109924958395,3.191099249583949e-05,secondary_eclipse,false_positive,0.9774045734967716,3.959420081066197,,,,SIM-FP-0174,0.054191518450155365,U,0.10269447167092499
11.892606645286225,3.892606645286225e-05,aliased_contact_binary,false_positive,0.14761673803104158,0.8564000464971866,,,,SIM-FP-0175,0.038467716841977036,V,0.057475054807918466
13.941204592972015,8.853011482430039e-05,grazing_EB,false_positive,1.1526898145711697,3.3247008896009635,,,,SIM-FP-0176,0.0977890680296317,V,0.235162205514464
13.256908251329541,7.142270628323854e-05,background_EB,false_positive,3.949249808150723,5.759895735120579,,,,SIM-FP-0177,0.14044923379901872,U_diluted,0.12902547445219728
15.989986019376895,0.0002489986019376895,secondary_eclipse,false_positive,0.12527328069095245,4.085190038084131,,,,SIM-FP-0178,0.05423762182034487,U,0.14392738023797447
11.819409766973894,3.819409766973894e-05,aliased_contact_binary,false_positive,0.09239237222840724,0.9352364640756872,,,,SIM-FP-0179,0.04531324366506707,V,0.0723354265890991
11.058102903718146,3.058102903718146e-05,grazing_EB,false_positive,0.27036812750199457,3.0696330976445285,,,,SIM-FP-0180,0.08633895899505421,V,0.12786177742993196
10.225390227315456,2.2253902273154562e-05,background_EB,false_positive,0.6760248837253898,5.554836070365176,,,,SIM-FP-0181,0.1718607043072086,U_diluted,0.3054196957060449
14.386441645451237,0.00011318649872707422,secondary_eclipse,false_positive,4.035670893650035,4.276560517716507,,,,SIM-FP-0182,0.06069270455395522,U,0.16704330444493137
10.636586789954608,2.6365867899546077e-05,aliased_contact_binary,false_positive,0.45754980983131105,0.9127442604547618,,,,SIM-FP-0183,0.03719151065277609,V,0.0543623648257962
10.280498770607572,2.280498770607572e-05,grazing_EB,false_positive,2.8613404422151016,3.1375323970405398,,,,SIM-FP-0184,0.08417244243536355,V,0.22321622962148158
11.94875400684909,3.9487540068490895e-05,background_EB,false_positive,0.9788655051903169,5.5321788599341355,,,,SIM-FP-0185,0.16965545173535526,U_diluted,0.16708798237496292
12.851610629684403,6.129026574211007e-05,secondary_eclipse,false_positive,1.2469717802554798,4.053764732423657,,,,SIM-FP-0186,0.05378090965318531,U,0.1477673492922613
11.780955100438565,3.780955100438564e-05,aliased_contact_binary,false_positive,0.00960315751554671,0.9360099292572003,,,,SIM-FP-0187,0.043002133379505085,V,0.06874724248623362
13.340864517698988,7.352161294247469e-05,grazing_EB,false_positive,0.9922062585281348,3.171634193008895,,,,SIM-FP-0188,0.10165832524025428,V,0.1909458725015207
10.515347490665587,2.5153474906655865e-05,background_EB,false_positive,0.8590690898596891,5.806835722214622,,,,SIM-FP-0189,0.14008655611234697,U_diluted,0.27524972970225337
15.281793353612532,0.00017817933536125313,secondary_eclipse,false_positive,3.9140172919884058,4.277539072575909,,,,SIM-FP-0190,0.059628052899508,U,0.17693388730746404
15.860363421011249,0.00023603634210112484,aliased_contact_binary,false_positive,0.021376192171210246,0.8848628429631469,,,,SIM-FP-0191,0.041217279679296066,V,0.039414159721710855
12.429125241269354,5.072813103173384e-05,grazing_EB,false_positive,1.1389567976129062,3.1432301507281504,,,,SIM-FP-0192,0.08891872617963585,V,0.10484122879741788
10.442570114112826,2.4425701141128257e-05,background_EB,false_positive,2.7085280846428548,5.950268113448809,,,,SIM-FP-0193,0.1392861068351588,U_diluted,0.2357485481672484
15.152621041486057,0.0001652621041486057,secondary_eclipse,false_positive,2.3752263127807716,3.931127740866786,,,,SIM-FP-0194,0.05541786000976466,U,0.12725986755751062
10.774109503968853,2.7741095039688532e-05,aliased_contact_binary,false_positive,0.03713446452662274,0.9375677609289146,,,,SIM-FP-0195,0.034341332008969605,V,0.05872630927298258
14.982762722072934,0.00014896576332437605,grazing_EB,false_positive,0.5208957147663037,3.2266458623186525,,,,SIM-FP-0196,0.08136006451656883,V,0.08401088143726729
10.485944377822804,2.485944377822804e-05,background_EB,false_positive,5.823817800452012,5.914064358668708,,,,SIM-FP-0197,0.1699996975703994,U_diluted,0.3441214472254497
13.503304215824251,7.758260539560626e-05,secondary_eclipse,false_positive,1.5253943186430867,4.211461168225386,,,,SIM-FP-0198,0.06128655491287268,U,0.15107803710804302
14.366411458662643,0.00011198468751975859,aliased_contact_binary,false_positive,0.6213992284848084,0.8992523075161727,,,,SIM-FP-0199,0.035073099508604016,V,0.049262240636017134
13.706914504203358,8.267286260508393e-05,grazing_EB,false_positive,0.6283932851023118,3.1931985105885237,,,,SIM-FP-0200,0.08377488844918476,V,0.18094852153831484
12.972369810434447,6.430924526086118e-05,background_EB,false_positive,2.946545320207047,5.947813457108355,,,,SIM-FP-0201,0.14972822281171314,U_diluted,0.30271941854145346
12.613276485851312,5.5331912146282804e-05,secondary_eclipse,false_positive,1.8599714700211445,4.198796486466834,,,,SIM-FP-0202,0.053405988380596875,U,0.23237527865077157
12.753828897804937,5.884572244512341e-05,aliased_contact_binary,false_positive,0.837489708632786,0.8703072971453683,,,,SIM-FP-0203,0.0409599162187117,V,0.06752569899864283
11.478336813602807,3.478336813602807e-05,grazing_EB,false_positive,1.2766444348218986,3.0771021141600214,,,,SIM-FP-0204,0.10337192043627522,V,0.1273872488109765
12.713726411348588,5.784316028371471e-05,background_EB,false_positive,5.100190043609296,5.760369055315541,,,,SIM-FP-0205,0.16613674324424835,U_diluted,0.1762444790635361
13.930904977118697,8.827262442796742e-05,secondary_eclipse,false_positive,3.6298303015014577,3.9749805270958944,,,,SIM-FP-0206,0.06729739752347255,U,0.0918028895239129
10.984741188995148,2.9847411889951478e-05,aliased_contact_binary,false_positive,0.9229774812746824,0.9435595795205739,,,,SIM-FP-0207,0.03472541813582415,V,0.05100125344175196
13.890656951125813,8.726642377814531e-05,grazing_EB,false_positive,0.1316263810613783,3.0433827424381366,,,,SIM-FP-0208,0.07793458120106928,V,0.14861036224019875
13.796869522003043,8.492173805007607e-05,background_EB,false_positive,4.925065640118845,5.49925533426874,,,,SIM-FP-0209,0.17093645762698859,U_diluted,0.262155965614482
10.576579992570277,2.5765799925702773e-05,secondary_eclipse,false_positive,2.2691169286454036,4.099853355339875,,,,SIM-FP-0210,0.06741052397466062,U,0.11866447976787249
13.645003148239741,8.112507870599353e-05,aliased_contact_binary,false_positive,0.3127704394941953,0.9365798657665075,,,,SIM-FP-0211,0.03494338512085283,V,0.052138413016165217
11.848369680358786,3.8483696803587856e-05,grazing_EB,false_positive,3.075296917022911,3.2788119024387217,,,,SIM-FP-0212,0.10254386710593456,V,0.13115024751559964
12.828091539205786,6.0702288480144655e-05,background_EB,false_positive,1.9814504915122348,5.932003577432544,,,,SIM-FP-0213,0.15846942478257878,U_diluted,0.34020184344960763
15.774017238475535,0.0002274017238475535,secondary_eclipse,false_positive,1.3545513473915507,4.08223452496865,,,,SIM-FP-0214,0.06628102943262308,U,0.11845607233732977
13.04352580226901,6.608814505672524e-05,aliased_contact_binary,false_positive,0.28504720995073574,0.8726260290402023,,,,SIM-FP-0215,0.03990650217887271,V,0.05716556326266674
14.232460363966448,0.00010394762183798686,grazing_EB,false_positive,1.4273808389070528,3.1514685961243623,,,,SIM-FP-0216,0.07783691895088092,V,0.08825249685454953
11.085543159791282,3.085543159791282e-05,background_EB,false_positive,4.806849217339865,5.644693982840332,,,,SIM-FP-0217,0.16314296425032115,U_diluted,0.3009999684460313
15.649796271065355,0.00021497962710653553,secondary_eclipse,false_positive,0.43756946438239974,3.975415192375691,,,,SIM-FP-0218,0.05511124044834221,U,0.2240204570063906
12.138620808583306,4.346552021458266e-05,aliased_contact_binary,false_positive,0.20665353102273679,0.8730713194944102,,,,SIM-FP-0219,0.04479875603206523,V,0.045564996920119685
13.014827044575505,6.53706761143876e-05,grazing_EB,false_positive,1.0000025592464112,3.078763104921079,,,,SIM-FP-0220,0.08688217993031211,V,0.2345496879931497
15.133055318376897,0.0001633055318376897,background_EB,false_positive,0.30526120622788555,5.7752091721711505,,,,SIM-FP-0221,0.13966529183869975,U_diluted,0.2806999719498333
10.368461493077454,2.3684614930774543e-05,secondary_eclipse,false_positive,1.7164862381687422,4.182203876139943,,,,SIM-FP-0222,0.06140984504336389,U,0.17392724149616726
13.994982316384977,8.987455790962442e-05,aliased_contact_binary,false_positive,0.7762723040098882,0.9238499372617214,,,,SIM-FP-0223,0.0400580757287771,V,0.026760198247878703
15.197780690220139,0.00016977806902201387,grazing_EB,false_positive,3.1811156820859487,3.2506311788087587,,,,SIM-FP-0224,0.09312283238623684,V,0.09971533068253675
13.103271451377717,6.758178628444293e-05,background_EB,false_positive,4.21076202137278,5.515620201772282,,,,SIM-FP-0225,0.13398032413240815,U_diluted,0.11723372697756938
15.872381777980703,0.0002372381777980703,secondary_eclipse,false_positive,0.9233405787061708,4.1725393131548785,,,,SIM-FP-0226,0.05748386944545905,U,0.1796501528308546
14.112203662407083,9.673221974442498e-05,aliased_contact_binary,false_positive,0.5773045536391267,0.8996829252134871,,,,SIM-FP-0227,0.04116733281727077,V,0.031222621877996983
14.982482837330226,0.00014894897023981355,grazing_EB,false_positive,2.04753815393699,3.054770761057566,,,,SIM-FP-0228,0.07705927748521489,V,0.16864192769086814
11.962008386395064,3.962008386395064e-05,background_EB,false_positive,3.1725043684906002,5.910747850808527,,,,SIM-FP-0229,0.1309909828458178,U_diluted,0.24406229388580988
11.311742336973369,3.311742336973368e-05,secondary_eclipse,false_positive,3.890970986192032,4.155645816404185,,,,SIM-FP-0230,0.0619967606447463,U,0.18247458834457628
15.197001487820646,0.0001697001487820646,aliased_contact_binary,false_positive,0.08506591456329642,0.931221546365888,,,,SIM-FP-0231,0.03891576393048176,V,0.02485113921833718
15.626570218171238,0.00021265702181712384,grazing_EB,false_positive,2.020594618710336,3.074982272552555,,,,SIM-FP-0232,0.09019908153499089,V,0.16663414596811432
14.306527750030758,0.00010839166500184549,background_EB,false_positive,4.430435447403812,5.4408683401326305,,,,SIM-FP-0233,0.16626610810283712,U_diluted,0.18613367796018132
14.25197134066267,0.00010511828043976023,secondary_eclipse,false_positive,0.5136589959023478,4.004905619483374,,,,SIM-FP-0234,0.057634069401848474,U,0.12890047833979587
15.611271402500492,0.00021112714025004918,aliased_contact_binary,false_positive,0.6427784742444487,0.8994128957766601,,,,SIM-FP-0235,0.03879633482344031,V,0.06564442232153085
10.29734077388065,2.2973407738806502e-05,grazing_EB,false_positive,2.950415219894321,3.111160581116161,,,,SIM-FP-0236,0.09060473378529785,V,0.20329712618578172
15.66421098706877,0.00021642109870687704,background_EB,false_positive,2.4786190950512155,5.736106846439769,,,,SIM-FP-0237,0.15147361030921605,U_diluted,0.12161364625446962
12.542355748474982,5.355889371187455e-05,secondary_eclipse,false_positive,3.73104018860958,4.098037380618317,,,,SIM-FP-0238,0.06556546753214412,U,0.2251402315886374
13.11875847060132,6.796896176503298e-05,aliased_contact_binary,false_positive,0.27304810539219626,0.9228913163921049,,,,SIM-FP-0239,0.04125120996510352,V,0.06036885619292957
10.511660960111005,2.5116609601110047e-05,grazing_EB,false_positive,2.482663318540954,3.232734589016262,,,,SIM-FP-0240,0.08878640093267835,V,0.12066225517386832
13.021625912844746,6.554064782111865e-05,background_EB,false_positive,4.583355224264344,5.922046523860743,,,,SIM-FP-0241,0.13462946712024612,U_diluted,0.3048134641294778
11.138698999690355,3.138698999690355e-05,secondary_eclipse,false_positive,1.35537282547092,4.2178291679124635,,,,SIM-FP-0242,0.06630021384285611,U,0.20906011381329803
14.138744363754348,9.83246618252609e-05,aliased_contact_binary,false_positive,0.39521363072372223,0.9379903740841096,,,,SIM-FP-0243,0.035606294770820196,V,0.03338243239464746
14.488635423800716,0.00011931812542804294,grazing_EB,false_positive,0.14497890120000387,3.2158561467966695,,,,SIM-FP-0244,0.08776889882602518,V,0.13074323057786547
13.964904999588704,8.912262498971759e-05,background_EB,false_positive,2.217645665119333,5.641992151191897,,,,SIM-FP-0245,0.13093253214724154,U_diluted,0.1661140612250274
14.361302437257208,0.0001116781462354325,secondary_eclipse,false_positive,3.2891587108146276,4.2303405181553435,,,,SIM-FP-0246,0.06638949226558155,U,0.14428473264390812
15.867389681357809,0.00023673896813578084,aliased_contact_binary,false_positive,0.12850685084013277,0.8807109344862464,,,,SIM-FP-0247,0.04276625552947365,V,0.06150302670224353
13.805425419158366,8.513563547895916e-05,grazing_EB,false_positive,2.2458740640201387,3.0743006192990023,,,,SIM-FP-0248,0.08668479062314075,V,0.23052771915175152
13.899405168557497,8.748512921393741e-05,background_EB,false_positive,4.065378051422124,5.525464277138609,,,,SIM-FP-0249,0.14194567080109108,U_diluted,0.27331725388876943
15.544711045216655,0.00020447110452166548,secondary_eclipse,false_positive,2.8757207469490824,3.9776680745222732,,,,SIM-FP-0250,0.0591157713715621,U,0.16304330986113344
12.20888725828522,4.5222181457130485e-05,aliased_contact_binary,false_positive,0.1966970117769161,0.929494436081438,,,,SIM-FP-0251,0.03570624314922764,V,0.04746902573457863
13.560575596204876,7.90143899051219e-05,grazing_EB,false_positive,0.8092962125192475,3.193421353040307,,,,SIM-FP-0252,0.09567599133063366,V,0.13932548576919498
14.738146427288651,0.00013428878563731905,background_EB,false_positive,4.984789078739936,5.674991010718436,,,,SIM-FP-0253,0.13643205528982033,U_diluted,0.29849608140037803
15.002956503078064,0.00015029565030780638,secondary_eclipse,false_positive,1.5859497943225371,4.006204484539743,,,,SIM-FP-0254,0.06410709373340602,U,0.10565711833395378
14.08280267080562,9.49681602483372e-05,aliased_contact_binary,false_positive,0.6659053910177538,0.8892268922771658,,,,SIM-FP-0255,0.03636048756227242,V,0.052019982870100616
13.83690114829226,8.592252870730647e-05,grazing_EB,false_positive,2.24126943617095,3.284211738720812,,,,SIM-FP-0256,0.09736130117189275,V,0.24813860721879563
11.547521967190619,3.547521967190619e-05,background_EB,false_positive,1.08697192313342,5.773177925841905,,,,SIM-FP-0257,0.1335743462093561,U_diluted,0.2855829328418834
13.864680090403876,8.661700226009691e-05,secondary_eclipse,false_positive,1.4421741583195822,4.00763407197665,,,,SIM-FP-0258,0.06116416108999893,U,0.08617282607768183
14.428298735131847,0.0001156979241079108,aliased_contact_binary,false_positive,0.692891521534837,0.9097702267157828,,,,SIM-FP-0259,0.039816597657027074,V,0.05927934016518933
10.317075464332994,2.3170754643329942e-05,grazing_EB,false_positive,0.7530666796988191,3.3186059061997812,,,,SIM-FP-0260,0.09225922659381981,V,0.2105063023179865
15.55655018137962,0.00020565501813796203,background_EB,false_positive,2.3821082816327603,5.426883031017442,,,,SIM-FP-0261,0.1429150289458778,U_diluted,0.26717780919121864
14.815398091058045,0.00013892388546348267,secondary_eclipse,false_positive,2.714165347213717,4.069934443134933,,,,SIM-FP-0262,0.05104394789318637,U,0.08819429772460127
11.547613881170252,3.547613881170251e-05,aliased_contact_binary,false_positive,0.12669255699666523,0.9106150547660039,,,,SIM-FP-0263,0.03439204702744572,V,0.027010483015921478
10.403533928158568,2.403533928158568e-05,grazing_EB,false_positive,0.08123194166954179,3.246623539221627,,,,SIM-FP-0264,0.09989229375006753,V,0.24278519119355893
13.30798223391378,7.26995558478445e-05,background_EB,false_positive,0.11651534083336423,5.921554724114126,,,,SIM-FP-0265,0.145445738775094,U_diluted,0.17695409680871024
10.904237631389545,2.904237631389545e-05,secondary_eclipse,false_positive,1.9426333091608117,4.1438730140011435,,,,SIM-FP-0266,0.06651611229858603,U,0.2357035852280507
12.562432060357441,5.406080150893602e-05,aliased_contact_binary,false_positive,0.2503697097886227,0.910891878501706,,,,SIM-FP-0267,0.03695569021940516,V,0.03416425723216677
14.45138332250898,0.00011708299935053875,grazing_EB,false_positive,0.42231463957568754,3.2156588108200768,,,,SIM-FP-0268,0.07658455445637956,V,0.1048425365066619
12.357188226142297,4.8929705653557416e-05,background_EB,false_positive,2.3304501208438158,5.737852913757904,,,,SIM-FP-0269,0.1622024668035844,U_diluted,0.2978919924305582
12.343044664178818,4.857611660447044e-05,secondary_eclipse,false_positive,0.11955085629790398,4.0909250852405865,,,,SIM-FP-0270,0.06369811740120154,U,0.17228473855909168
10.426488897285017,2.4264888972850167e-05,aliased_contact_binary,false_positive,0.00864591666354281,0.8666031775464197,,,,SIM-FP-0271,0.03502489830506099,V,0.05422443365578605
13.419036405516684,7.547591013791708e-05,grazing_EB,false_positive,1.2772085114698917,3.3295458670577767,,,,SIM-FP-0272,0.09614632767730698,V,0.2170300880639425
11.497562349832691,3.497562349832691e-05,background_EB,false_positive,4.637813310818774,5.663296208242289,,,,SIM-FP-0273,0.16678741806032718,U_diluted,0.25687175197957485
10.302165452814286,2.302165452814286e-05,secondary_eclipse,false_positive,1.0485270049508644,4.167989612633122,,,,SIM-FP-0274,0.06328475700600422,U,0.12794006988230644
10.54444208341667,2.544442083416669e-05,aliased_contact_binary,false_positive,0.22837363481707965,0.8559506743835107,,,,SIM-FP-0275,0.03842304992956593,V,0.03127514844608777
13.662663654522936,8.156659136307339e-05,grazing_EB,false_positive,1.9621026400469643,3.3150333626813104,,,,SIM-FP-0276,0.07716114251761345,V,0.22451232569966428
10.428105955021463,2.428105955021463e-05,background_EB,false_positive,4.927610887298441,5.59843728414774,,,,SIM-FP-0277,0.17194798296258887,U_diluted,0.27206156594196645
10.30350336572492,2.3035033657249197e-05,secondary_eclipse,false_positive,0.21082869997101783,4.113337615703021,,,,SIM-FP-0278,0.06742830938563144,U,0.13466560532316763
14.270204698348529,0.00010621228190091173,aliased_contact_binary,false_positive,0.08826631313479907,0.8788667602868582,,,,SIM-FP-0279,0.0347022720345772,V,0.06723105277336314
11.72353717214358,3.7235371721435796e-05,grazing_EB,false_positive,0.37683339085062023,3.2802407716289297,,,,SIM-FP-0280,0.08058514900831643,V,0.17323694273267007
13.275789835017687,7.189474587544217e-05,background_EB,false_positive,2.8905962000977463,5.617260158875216,,,,SIM-FP-0281,0.14743334988377282,U_diluted,0.19941568840474008
14.088515458561924,9.531092751371542e-05,secondary_eclipse,false_positive,3.188683346341946,4.094435578529291,,,,SIM-FP-0282,0.056426848525124966,U,0.23462847740106543
15.470698832726464,0.00019706988327264642,aliased_contact_binary,false_positive,0.27722934489857487,0.883434983785571,,,,SIM-FP-0283,0.0384043595293869,V,0.050416290762471415
12.594884363857616,5.487210909644041e-05,grazing_EB,false_positive,0.7569723657991354,3.0995440537088865,,,,SIM-FP-0284,0.08265802946859999,V,0.11587538667007505
10.319435241092364,2.319435241092364e-05,background_EB,false_positive,1.2512299962357152,5.76814983685207,,,,SIM-FP-0285,0.1353487992113572,U_diluted,0.2761028618658362
13.626664096709163,8.066660241772908e-05,secondary_eclipse,false_positive,3.793884085999429,3.918339598488109,,,,SIM-FP-0286,0.06257738101840436,U,0.15587084855113237
10.361584750039963,2.3615847500399632e-05,aliased_contact_binary,false_positive,0.21433291732302878,0.8748453047770794,,,,SIM-FP-0287,0.04424542130517424,V,0.027515998560431066
11.934376478576823,3.934376478576823e-05,grazing_EB,false_positive,2.6205036547457268,3.211520862267544,,,,SIM-FP-0288,0.1005730347308419,V,0.09977094240366034
10.664998628056706,2.664998628056706e-05,background_EB,false_positive,3.302889689696167,5.743062479062493,,,,SIM-FP-0289,0.16988816392216094,U_diluted,0.28861529966457516
15.179719505278609,0.00016797195052786087,secondary_eclipse,false_positive,3.0422394077462442,4.079541995129202,,,,SIM-FP-0290,0.059606764199681195,U,0.21701293292319507
15.910699026138477,0.0002410699026138477,aliased_contact_binary,false_positive,0.6838508205885828,0.9431741563264145,,,,SIM-FP-0291,0.03490517804341743,V,0.027162101060936687
10.203619348123418,2.2036193481234178e-05,grazing_EB,false_positive,2.8406826365265774,3.341726353165713,,,,SIM-FP-0292,0.08101416001575092,V,0.19723711671469765
11.171955971165,3.171955971164999e-05,background_EB,false_positive,1.0379397759137778,5.794039016065297,,,,SIM-FP-0293,0.15337879046057967,U_diluted,0.3104475071376275
13.577946384142551,7.944865960356377e-05,secondary_eclipse,false_positive,2.790394985792361,4.070466571185235,,,,SIM-FP-0294,0.06685047242456918,U,0.09557042504164308
14.930301050735668,0.0001458180630441401,aliased_contact_binary,false_positive,0.689126952331066,0.9130943838172995,,,,SIM-FP-0295,0.03644751990420807,V,0.06171963679165961
10.597755670713529,2.5977556707135285e-05,grazing_EB,false_positive,0.8412615923795541,3.295325143710876,,,,SIM-FP-0296,0.09195693318394238,V,0.14832535957980236
14.149351312981695,9.89610787789017e-05,background_EB,false_positive,0.755530844838777,5.815302481347403,,,,SIM-FP-0297,0.1591929840110217,U_diluted,0.17401845367090013
14.745682021165951,0.00013474092126995708,secondary_eclipse,false_positive,2.350318469752307,4.164899039292857,,,,SIM-FP-0298,0.05663201765349799,U,0.19541500094961933
11.098918981595467,3.098918981595467e-05,aliased_contact_binary,false_positive,0.27479875682633015,0.9270912557561353,,,,SIM-FP-0299,0.03794622555828335,V,0.025030388409878722
12.824841230303,6.0621030757575016e-05,grazing_EB,false_positive,1.7117222878757483,3.334741787166341,,,,SIM-FP-0300,0.08345093578279938,V,0.11381556366441489
11.135635746511447,3.135635746511447e-05,background_EB,false_positive,3.4012326488307596,5.833799524024353,,,,SIM-FP-0301,0.1537673451815935,U_diluted,0.28877524693540035
14.151546852454416,9.909281114726496e-05,secondary_eclipse,false_positive,3.0560958037741144,4.198299241338426,,,,SIM-FP-0302,0.06429525926367743,U,0.23540121311963094
10.911022418060337,2.9110224180603373e-05,aliased_contact_binary,false_positive,0.35480403588352954,0.9184402467998005,,,,SIM-FP-0303,0.034931778132826344,V,0.02617724271195305
14.998730441148638,0.00014992382646891825,grazing_EB,false_positive,3.1565709591253195,3.3103049583511686,,,,SIM-FP-0304,0.09340058348598936,V,0.20093990429460923
13.753961797607943,8.384904494019857e-05,background_EB,false_positive,3.9024737539594883,5.534575547723871,,,,SIM-FP-0305,0.17113742340517873,U_diluted,0.1430153926076309
13.067441069158638,6.668602672896597e-05,secondary_eclipse,false_positive,2.5125315099279972,4.2737274627252635,,,,SIM-FP-0306,0.051919648421806984,U,0.1769035023974866
12.024723167931736,4.06180791982934e-05,aliased_contact_binary,false_positive,0.01299317732575821,0.8969315784146061,,,,SIM-FP-0307,0.044048204999752504,V,0.02567272920940328
11.404743399388154,3.404743399388154e-05,grazing_EB,false_positive,2.853191602266475,3.1292003091390432,,,,SIM-FP-0308,0.08096743765844017,V,0.21240942369424107
10.246022831394214,2.246022831394214e-05,background_EB,false_positive,1.4307418815381547,5.950804866784016,,,,SIM-FP-0309,0.14483955278045513,U_diluted,0.3321360320274563
11.67262252547203,3.6726225254720306e-05,secondary_eclipse,false_positive,0.6692391001657119,4.057178120310055,,,,SIM-FP-0310,0.06043308191505893,U,0.19235044547792907
13.158807140652618,6.897017851631546e-05,aliased_contact_binary,false_positive,0.25733114888107167,0.8763863063927566,,,,SIM-FP-0311,0.03951069435404121,V,0.04457872712892932
14.900212811309874,0.00014401276867859246,grazing_EB,false_positive,2.5209620629086618,3.2834426462936244,,,,SIM-FP-0312,0.09983629075313745,V,0.2517041137022053
12.883843669992908,6.20960917498227e-05,background_EB,false_positive,1.4428918373156874,5.450761556460913,,,,SIM-FP-0313,0.1643364437819561,U_diluted,0.1529997809685377
14.799338036679991,0.00013796028220079947,secondary_eclipse,false_positive,3.6535202757175016,3.991583566988663,,,,SIM-FP-0314,0.06594319216941691,U,0.23198096858911252
14.388923807174223,0.00011333542843045336,aliased_contact_binary,false_positive,0.1023829616241063,0.8659007414293383,,,,SIM-FP-0315,0.03888751570943986,V,0.023660186931812283
11.806489992983813,3.8064899929838135e-05,grazing_EB,false_positive,1.5313185798021764,3.1802435182340325,,,,SIM-FP-0316,0.10098040057655168,V,0.21902191971879195
11.722510416603665,3.7225104166036647e-05,background_EB,false_positive,2.0358833589171574,5.817559417912941,,,,SIM-FP-0317,0.1531755756014591,U_diluted,0.12787390289349854
15.72628109582705,0.00022262810958270494,secondary_eclipse,false_positive,3.9076611075980905,4.1294255547116165,,,,SIM-FP-0318,0.06352427750268966,U,0.18031692131028615
12.436380595285272,5.0909514882131786e-05,aliased_contact_binary,false_positive,0.7117047011778311,0.8822265877386503,,,,SIM-FP-0319,0.037181417122464276,V,0.049288179602376976
14.728875185272546,0.0001337325111163528,grazing_EB,false_positive,1.209920956434128,3.3458889803819027,,,,SIM-FP-0320,0.08241788614600627,V,0.0952435673794976
13.771609681610569,8.429024204026421e-05,background_EB,false_positive,4.508968663827818,5.551360795119722,,,,SIM-FP-0321,0.14273023859411257,U_diluted,0.28289469375681037
10.429546749702782,2.4295467497027818e-05,secondary_eclipse,false_positive,0.3911339094867312,4.220532681389224,,,,SIM-FP-0322,0.06625008574182767,U,0.14528595983783035
14.646238882916851,0.00012877433297501107,aliased_contact_binary,false_positive,0.45811567002133186,0.9437853332979598,,,,SIM-FP-0323,0.03821568295476359,V,0.06251054296466997
13.761972319572912,8.404930798932281e-05,grazing_EB,false_positive,1.815732180901552,3.2617046877791047,,,,SIM-FP-0324,0.08331733355415132,V,0.1394681604355436
13.0756780739789,6.689195184947249e-05,background_EB,false_positive,4.130087518854926,5.606609546998954,,,,SIM-FP-0325,0.1686772742944599,U_diluted,0.3268502511037523
11.578198640621444,3.578198640621444e-05,secondary_eclipse,false_positive,2.288017606135428,3.9279951640067146,,,,SIM-FP-0326,0.05353029514873359,U,0.083053437234526
10.315604661814504,2.315604661814504e-05,aliased_contact_binary,false_positive,0.39599385014951877,0.9336150671246028,,,,SIM-FP-0327,0.04253676387029899,V,0.053784637925413215
14.903837848439327,0.00014423027090635962,grazing_EB,false_positive,2.1379271419596697,3.1908820859647298,,,,SIM-FP-0328,0.08532676676530077,V,0.22088433301115148
13.470817564437155,7.677043911092888e-05,background_EB,false_positive,4.250079353548131,5.705296234307856,,,,SIM-FP-0329,0.15269422989378104,U_diluted,0.16331416577296315
11.059853425260028,3.059853425260028e-05,secondary_eclipse,false_positive,3.134144765202249,4.088077362010649,,,,SIM-FP-0330,0.05260076711867166,U,0.15091485554091394
10.910052494560404,2.9100524945604034e-05,aliased_contact_binary,false_positive,0.2414763778732778,0.9430515347056494,,,,SIM-FP-0331,0.03900667091977974,V,0.044465592079533586
14.309224047377064,0.00010855344284262386,grazing_EB,false_positive,1.9092897532340993,3.205905802992421,,,,SIM-FP-0332,0.07867893739380777,V,0.172265671106658
10.170711246779215,2.1707112467792147e-05,background_EB,false_positive,0.07090850272793592,5.570592135923356,,,,SIM-FP-0333,0.1710791075713655,U_diluted,0.2416845134505164
10.715266838490694,2.7152668384906934e-05,secondary_eclipse,false_positive,2.637511053406118,4.168806703368477,,,,SIM-FP-0334,0.06364003490034115,U,0.22477827944366863
13.952516809005434,8.881292022513585e-05,aliased_contact_binary,false_positive,0.673548001023289,0.8807102451988463,,,,SIM-FP-0335,0.04297277624452523,V,0.023558297889179864
13.910960079726081,8.777400199315203e-05,grazing_EB,false_positive,1.388487384954298,3.043423925357536,,,,SIM-FP-0336,0.09271838348817035,V,0.1655135451863166
10.076920361234963,2.076920361234963e-05,background_EB,false_positive,3.7348360812159616,5.5078734196209576,,,,SIM-FP-0337,0.13574317187599663,U_diluted,0.14168642922719482
15.065562288007811,0.00015655622880078113,secondary_eclipse,false_positive,1.214026206883051,4.07611800691438,,,,SIM-FP-0338,0.063216995137305,U,0.09676598045171
11.897270772387355,3.897270772387354e-05,aliased_contact_binary,false_positive,0.8261922793265676,0.8648071228962683,,,,SIM-FP-0339,0.041870189586279825,V,0.025219923892044437
10.547336179367784,2.547336179367784e-05,grazing_EB,false_positive,0.7444725409705044,3.3159046242215795,,,,SIM-FP-0340,0.08637165574707718,V,0.23557128849872724
13.05202389629869,6.630059740746726e-05,background_EB,false_positive,2.3692182487346094,5.614200598994215,,,,SIM-FP-0341,0.13216868459003212,U_diluted,0.24623505743203308
15.129610260026235,0.00016296102600262346,secondary_eclipse,false_positive,0.2725615950396773,4.141317036146397,,,,SIM-FP-0342,0.06380730394388687,U,0.2223428289777123
10.760674174597979,2.7606741745979785e-05,aliased_contact_binary,false_positive,0.25821205350451426,0.8675727655227189,,,,SIM-FP-0343,0.04164558801334429,V,0.0664727797545483
14.979732412276146,0.00014878394473656875,grazing_EB,false_positive,0.995886713676452,3.340646583191385,,,,SIM-FP-0344,0.09567400875301904,V,0.2594388668476317
10.39840652513157,2.3984065251315696e-05,background_EB,false_positive,2.924853869120879,5.906539298062958,,,,SIM-FP-0345,0.16332985402444777,U_diluted,0.1205171383777395
14.03374108185487,9.202446491129223e-05,secondary_eclipse,false_positive,0.18192191213040138,3.9232727524187028,,,,SIM-FP-0346,0.05298322220678978,U,0.18856071789007572
15.074939009583252,0.0001574939009583252,aliased_contact_binary,false_positive,0.36939667181093105,0.9204627869596342,,,,SIM-FP-0347,0.037118115405704595,V,0.038593522214853175
12.300299583653219,4.7507489591330474e-05,grazing_EB,false_positive,1.572519843715841,3.358790896755021,,,,SIM-FP-0348,0.09299683555406833,V,0.14485645658275
12.766700813586981,5.9167520339674524e-05,background_EB,false_positive,3.1521380628952094,5.458801295063595,,,,SIM-FP-0349,0.13799040416578534,U_diluted,0.1569934214195555
11.851329358310668,3.851329358310668e-05,secondary_eclipse,false_positive,2.0565829512029885,4.172087776206857,,,,SIM-FP-0350,0.05847402584604509,U,0.22458311730395433
14.520778209583469,0.00012124669257500812,aliased_contact_binary,false_positive,0.33979286266952563,0.8559375533988912,,,,SIM-FP-0351,0.041210770696844506,V,0.023025728846452806
13.501531646381146,7.753829115952865e-05,grazing_EB,false_positive,3.0401403333073085,3.2886906669256284,,,,SIM-FP-0352,0.09911727552144323,V,0.25634941525537674
15.89750449766117,0.00023975044976611706,background_EB,false_positive,2.28641810078252,5.424705107897396,,,,SIM-FP-0353,0.1474591173214084,U_diluted,0.23878764718844778
10.302925200177311,2.3029252001773113e-05,secondary_eclipse,false_positive,2.923564337064204,4.131613449264585,,,,SIM-FP-0354,0.06692615383293436,U,0.14668981622051308
10.738970833952703,2.7389708339527026e-05,aliased_contact_binary,false_positive,0.5150525479043124,0.9382374589674803,,,,SIM-FP-0355,0.04271796313945536,V,0.061184742788800574
14.458387518088855,0.00011750325108533132,grazing_EB,false_positive,2.4989669562315178,3.0514867568006476,,,,SIM-FP-0356,0.09299866412257658,V,0.12793556523733796
10.88715423827637,2.8871542382763697e-05,background_EB,false_positive,2.505265935422426,5.651882778608102,,,,SIM-FP-0357,0.16057676268399698,U_diluted,0.1752098999117676
14.49100495851153,0.00011946029751069178,secondary_eclipse,false_positive,2.927996905190325,4.247522986325792,,,,SIM-FP-0358,0.05554505019406479,U,0.11754123078867015
11.644976272989576,3.644976272989575e-05,aliased_contact_binary,false_positive,0.5706552843900162,0.8757033804272409,,,,SIM-FP-0359,0.03404768364771719,V,0.026910506452663893
10.42054393375736,2.4205439337573597e-05,grazing_EB,false_positive,2.4976802990557814,3.041335825436847,,,,SIM-FP-0360,0.10287269191381124,V,0.16135463715060847
11.391481609711633,3.3914816097116325e-05,background_EB,false_positive,3.1238827395444235,5.843198600488883,,,,SIM-FP-0361,0.17205503112369852,U_diluted,0.17145785407926753
10.575097884199065,2.5750978841990653e-05,secondary_eclipse,false_positive,3.3046486170945775,4.225909433725129,,,,SIM-FP-0362,0.0654101253183906,U,0.20515848536923212
11.914049906808984,3.9140499068089834e-05,aliased_contact_binary,false_positive,0.5870002354538213,0.8652649525653835,,,,SIM-FP-0363,0.035537697864536213,V,0.0401364979840839
15.66490020811141,0.00021649002081114101,grazing_EB,false_positive,1.1037348380297023,3.278205418964698,,,,SIM-FP-0364,0.08106305605781307,V,0.25024926200936626
11.824501909955165,3.8245019099551656e-05,background_EB,false_positive,2.469236689344799,5.669175329603498,,,,SIM-FP-0365,0.12886082002821925,U_diluted,0.2671577476840822
12.383384914837016,4.958462287092541e-05,secondary_eclipse,false_positive,1.96044260543087,3.986984986053143,,,,SIM-FP-0366,0.06478475987906226,U,0.1436774149344363
15.231990670788472,0.00017319906707884714,aliased_contact_binary,false_positive,0.01214479757930542,0.8600716777709092,,,,SIM-FP-0367,0.040964205826464026,V,0.04439680239513295
15.991695382979325,0.00024916953829793247,grazing_EB,false_positive,0.472637360184426,3.101553802073907,,,,SIM-FP-0368,0.07684258484145963,V,0.0889417998032865
13.25888258582146,7.14720646455365e-05,background_EB,false_positive,1.4727391924964301,5.675308491321902,,,,SIM-FP-0369,0.1389525820587558,U_diluted,0.2663532449590241
15.758244171681856,0.00022582441716818556,secondary_eclipse,false_positive,3.4542009912679794,4.122489780174904,,,,SIM-FP-0370,0.061474500621127644,U,0.1952857426718401
11.613723628396894,3.6137236283968936e-05,aliased_contact_binary,false_positive,0.3968027808039924,0.8766567416776166,,,,SIM-FP-0371,0.035676707736531206,V,0.05476455512868408
10.86733431056525,2.8673343105652493e-05,grazing_EB,false_positive,0.9886748886062016,3.234711804310959,,,,SIM-FP-0372,0.09447687409907508,V,0.15931454267659187
11.69328806630268,3.6932880663026795e-05,background_EB,false_positive,3.647252630820456,5.549603917429029,,,,SIM-FP-0373,0.1462320481854114,U_diluted,0.11295229728148319
10.0097756396257,2.0097756396256994e-05,secondary_eclipse,false_positive,1.2084952212523985,4.198678978219519,,,,SIM-FP-0374,0.06541199648970603,U,0.19510309098625356
13.838260210477998,8.595650526194994e-05,aliased_contact_binary,false_positive,0.4188013507199432,0.9360263908760551,,,,SIM-FP-0375,0.038520715473581574,V,0.06129052859927292
10.12015290610642,2.120152906106419e-05,grazing_EB,false_positive,0.3165525342073984,3.0695105652231454,,,,SIM-FP-0376,0.08078866424238287,V,0.086389466268689
14.441642706121161,0.00011649856236726968,background_EB,false_positive,0.7510864090539119,5.487607647955171,,,,SIM-FP-0377,0.1371147873920763,U_diluted,0.2297895048393296
12.53172077942233,5.3293019485558233e-05,secondary_eclipse,false_positive,1.7970658925027092,4.140924819111683,,,,SIM-FP-0378,0.0672797535344886,U,0.08548166828271525
10.35497118476238,2.3549711847623803e-05,aliased_contact_binary,false_positive,0.44738468150174815,0.9246338842398258,,,,SIM-FP-0379,0.045177241449405596,V,0.024463142086172875
12.335474311453257,4.8386857786331434e-05,grazing_EB,false_positive,1.861397359631658,3.1101683562085416,,,,SIM-FP-0380,0.08779465397487443,V,0.21922038221764978
13.642628719834578,8.106571799586445e-05,background_EB,false_positive,2.4079703374562715,5.516430035716732,,,,SIM-FP-0381,0.14159723942192842,U_diluted,0.12016116243218247
14.116356073000166,9.698136438000993e-05,secondary_eclipse,false_positive,0.3796950372578293,4.142316625948728,,,,SIM-FP-0382,0.06216553606315448,U,0.10256315083735441
15.513050791400719,0.00020130507914007187,aliased_contact_binary,false_positive,0.6588344332966936,0.8884926181154255,,,,SIM-FP-0383,0.036313373339244184,V,0.05519412887665646
12.82598679484379,6.0649669871094726e-05,grazing_EB,false_positive,0.2353368691076987,3.1282861951122136,,,,SIM-FP-0384,0.08800688507567635,V,0.146669413512311
13.36705469048332,7.4176367262083e-05,background_EB,false_positive,2.5746230674265544,5.562765705141385,,,,SIM-FP-0385,0.13777814523148338,U_diluted,0.22853785556983924
15.638690649863277,0.00021386906498632765,secondary_eclipse,false_positive,2.9774466944556273,4.0154718559772125,,,,SIM-FP-0386,0.06504390976924547,U,0.08908098433050672
11.031898021929365,3.031898021929365e-05,aliased_contact_binary,false_positive,0.672793653189439,0.924594561384354,,,,SIM-FP-0387,0.03528657648935779,V,0.036866136826773296
12.94482778632883,6.362069465822073e-05,grazing_EB,false_positive,2.8532375682764077,3.2561552868687387,,,,SIM-FP-0388,0.07825491146787099,V,0.12186714021477349
13.5044981263394,7.761245315848498e-05,background_EB,false_positive,4.001359704082558,5.421966380708609,,,,SIM-FP-0389,0.158631419838589,U_diluted,0.322502710057021
12.090120131874173,4.2253003296854316e-05,secondary_eclipse,false_positive,0.8480988175129127,4.029644739378723,,,,SIM-FP-0390,0.05477307495756487,U,0.19609681682326816
11.411769459943365,3.411769459943365e-05,aliased_contact_binary,false_positive,0.7009414257882625,0.9284105945549878,,,,SIM-FP-0391,0.045784203531670155,V,0.061901292279601464
11.206262097561442,3.206262097561442e-05,grazing_EB,false_positive,1.961658739542975,3.204208524426692,,,,SIM-FP-0392,0.08302502551748443,V,0.21655548197897953
12.235219615118211,4.588049037795528e-05,background_EB,false_positive,5.38822202859366,5.554955316240365,,,,SIM-FP-0393,0.1516174915303003,U_diluted,0.21141397505674298
12.119754862462013,4.2993871561550334e-05,secondary_eclipse,false_positive,0.40530918351787176,4.234022244560574,,,,SIM-FP-0394,0.06833957995707395,U,0.09233141795928278
12.653383923239456,5.633459808098641e-05,aliased_contact_binary,false_positive,0.6586692000207832,0.9030683330094506,,,,SIM-FP-0395,0.037055731740544315,V,0.02472816596138727
12.917245030913147,6.293112577282867e-05,grazing_EB,false_positive,1.1470184789866198,3.2730683789870385,,,,SIM-FP-0396,0.09506024965695073,V,0.10230988289252044
15.846358497535057,0.0002346358497535057,background_EB,false_positive,4.501118257483144,5.684126180659595,,,,SIM-FP-0397,0.15893094501123164,U_diluted,0.18358083130873215
13.354367787852109,7.385919469630273e-05,secondary_eclipse,false_positive,2.7575993709576,4.0452757769610175,,,,SIM-FP-0398,0.05467790058717372,U,0.0939144191604103
14.670264578063282,0.00013021587468379692,aliased_contact_binary,false_positive,0.8467200509788162,0.9154471092296317,,,,SIM-FP-0399,0.04075001528104948,V,0.06046346320931649
11.47162291749926,3.4716229174992606e-05,,no_signal,,,,,,SIM-NS-0000,,,
15.464375957210681,0.00019643759572106806,,no_signal,,,,,,SIM-NS-0001,,,
14.059523450564566,9.357140703387393e-05,,no_signal,,,,,,SIM-NS-0002,,,
14.125737343031798,9.754424058190786e-05,,no_signal,,,,,,SIM-NS-0003,,,
10.013844974756998,2.0138449747569976e-05,,no_signal,,,,,,SIM-NS-0004,,,
11.505144021468352,3.505144021468352e-05,,no_signal,,,,,,SIM-NS-0005,,,
12.274906090124182,4.6872652253104535e-05,,no_signal,,,,,,SIM-NS-0006,,,
15.86588166147931,0.000236588166147931,,no_signal,,,,,,SIM-NS-0007,,,
11.276739890366581,3.2767398903665816e-05,,no_signal,,,,,,SIM-NS-0008,,,
12.048334230026516,4.1208355750662885e-05,,no_signal,,,,,,SIM-NS-0009,,,
12.882279779446243,6.205699448615608e-05,,no_signal,,,,,,SIM-NS-0010,,,
15.655431108800267,0.00021554311088002666,,no_signal,,,,,,SIM-NS-0011,,,
14.375003430800799,0.00011250020584804794,,no_signal,,,,,,SIM-NS-0012,,,
11.170286828818625,3.1702868288186254e-05,,no_signal,,,,,,SIM-NS-0013,,,
14.183828959786705,0.00010102973758720232,,no_signal,,,,,,SIM-NS-0014,,,
14.581331758416184,0.00012487990550497102,,no_signal,,,,,,SIM-NS-0015,,,
11.734695957003591,3.734695957003591e-05,,no_signal,,,,,,SIM-NS-0016,,,
12.089812709484011,4.2245317737100275e-05,,no_signal,,,,,,SIM-NS-0017,,,
13.307822067230164,7.26955516807541e-05,,no_signal,,,,,,SIM-NS-0018,,,
15.416157963477229,0.00019161579634772289,,no_signal,,,,,,SIM-NS-0019,,,
12.40427493152973,5.0106873288243265e-05,,no_signal,,,,,,SIM-NS-0020,,,
15.587564722727862,0.0002087564722727862,,no_signal,,,,,,SIM-NS-0021,,,
14.984722940071215,0.0001490833764042729,,no_signal,,,,,,SIM-NS-0022,,,
14.817710439170039,0.00013906262635020233,,no_signal,,,,,,SIM-NS-0023,,,
14.91726337676928,0.00014503580260615684,,no_signal,,,,,,SIM-NS-0024,,,
10.876657963139941,2.876657963139941e-05,,no_signal,,,,,,SIM-NS-0025,,,
11.417568986376383,3.417568986376382e-05,,no_signal,,,,,,SIM-NS-0026,,,
14.406903489497642,0.00011441420936985852,,no_signal,,,,,,SIM-NS-0027,,,
13.001446832216523,6.503617080541306e-05,,no_signal,,,,,,SIM-NS-0028,,,
12.162708137809112,4.40677034452278e-05,,no_signal,,,,,,SIM-NS-0029,,,
14.7564729095355,0.00013538837457212997,,no_signal,,,,,,SIM-NS-0030,,,
12.662061156534858,5.655152891337144e-05,,no_signal,,,,,,SIM-NS-0031,,,
14.439013373475149,0.00011634080240850891,,no_signal,,,,,,SIM-NS-0032,,,
10.36091725869132,2.3609172586913196e-05,,no_signal,,,,,,SIM-NS-0033,,,
14.577428757917676,0.00012464572547506058,,no_signal,,,,,,SIM-NS-0034,,,
10.917092151012403,2.9170921510124027e-05,,no_signal,,,,,,SIM-NS-0035,,,
12.237315430192812,4.5932885754820286e-05,,no_signal,,,,,,SIM-NS-0036,,,
14.38607640924787,0.00011316458455487222,,no_signal,,,,,,SIM-NS-0037,,,
13.759819935054747,8.399549837636867e-05,,no_signal,,,,,,SIM-NS-0038,,,
12.835613908134338,6.0890347703358444e-05,,no_signal,,,,,,SIM-NS-0039,,,
14.795807402050091,0.00013774844412300547,,no_signal,,,,,,SIM-NS-0040,,,
10.135595443320506,2.1355954433205058e-05,,no_signal,,,,,,SIM-NS-0041,,,
10.594548084192951,2.594548084192951e-05,,no_signal,,,,,,SIM-NS-0042,,,
10.10037073943326,2.1003707394332593e-05,,no_signal,,,,,,SIM-NS-0043,,,
13.82392655083839,8.559816377095975e-05,,no_signal,,,,,,SIM-NS-0044,,,
12.881516534106122,6.203791335265306e-05,,no_signal,,,,,,SIM-NS-0045,,,
10.289088202317098,2.2890882023170978e-05,,no_signal,,,,,,SIM-NS-0046,,,
14.75368736867978,0.00013522124212078676,,no_signal,,,,,,SIM-NS-0047,,,
13.241249380347309,7.103123450868273e-05,,no_signal,,,,,,SIM-NS-0048,,,
15.712809674456416,0.0002212809674456416,,no_signal,,,,,,SIM-NS-0049,,,
12.779785630715224,5.9494640767880606e-05,,no_signal,,,,,,SIM-NS-0050,,,
15.975932299401522,0.0002475932299401522,,no_signal,,,,,,SIM-NS-0051,,,
13.381657635385967,7.454144088464916e-05,,no_signal,,,,,,SIM-NS-0052,,,
11.70360220554786,3.7036022055478594e-05,,no_signal,,,,,,SIM-NS-0053,,,
11.760637126049,3.7606371260489994e-05,,no_signal,,,,,,SIM-NS-0054,,,
14.357438875840792,0.00011144633255044752,,no_signal,,,,,,SIM-NS-0055,,,
15.465501848092604,0.00019655018480926035,,no_signal,,,,,,SIM-NS-0056,,,
13.237204228499866,7.093010571249665e-05,,no_signal,,,,,,SIM-NS-0057,,,
11.828714249416027,3.828714249416027e-05,,no_signal,,,,,,SIM-NS-0058,,,
11.127272601984018,3.1272726019840175e-05,,no_signal,,,,,,SIM-NS-0059,,,
14.094649334709395,9.567896008256369e-05,,no_signal,,,,,,SIM-NS-0060,,,
15.531951349924023,0.00020319513499240233,,no_signal,,,,,,SIM-NS-0061,,,
10.775068598249309,2.7750685982493086e-05,,no_signal,,,,,,SIM-NS-0062,,,
15.939167732261398,0.00024391677322613975,,no_signal,,,,,,SIM-NS-0063,,,
14.054487888269872,9.326927329619231e-05,,no_signal,,,,,,SIM-NS-0064,,,
10.006510811545505,2.006510811545505e-05,,no_signal,,,,,,SIM-NS-0065,,,
13.304337564635764,7.26084391158941e-05,,no_signal,,,,,,SIM-NS-0066,,,
11.242615057152388,3.242615057152388e-05,,no_signal,,,,,,SIM-NS-0067,,,
12.846015079895919,6.115037699739796e-05,,no_signal,,,,,,SIM-NS-0068,,,
13.598971158124046,7.997427895310114e-05,,no_signal,,,,,,SIM-NS-0069,,,
13.630149385761364,8.075373464403409e-05,,no_signal,,,,,,SIM-NS-0070,,,
14.348460550429728,0.00011090763302578366,,no_signal,,,,,,SIM-NS-0071,,,
12.263281110013464,4.6582027750336604e-05,,no_signal,,,,,,SIM-NS-0072,,,
15.158597058632521,0.00016585970586325212,,no_signal,,,,,,SIM-NS-0073,,,
10.64141647568254,2.64141647568254e-05,,no_signal,,,,,,SIM-NS-0074,,,
11.581927516726145,3.581927516726145e-05,,no_signal,,,,,,SIM-NS-0075,,,
12.452814983266888,5.132037458167221e-05,,no_signal,,,,,,SIM-NS-0076,,,
13.693389614435201,8.233474036088003e-05,,no_signal,,,,,,SIM-NS-0077,,,
15.826370591814339,0.00023263705918143387,,no_signal,,,,,,SIM-NS-0078,,,
11.172928996820339,3.172928996820339e-05,,no_signal,,,,,,SIM-NS-0079,,,
11.57336335252961,3.57336335252961e-05,,no_signal,,,,,,SIM-NS-0080,,,
10.834815683015767,2.8348156830157673e-05,,no_signal,,,,,,SIM-NS-0081,,,
14.80616090725388,0.00013836965443523273,,no_signal,,,,,,SIM-NS-0082,,,
14.234012753039512,0.00010404076518237069,,no_signal,,,,,,SIM-NS-0083,,,
12.492836475964719,5.232091189911797e-05,,no_signal,,,,,,SIM-NS-0084,,,
14.974663682245836,0.0001484798209347502,,no_signal,,,,,,SIM-NS-0085,,,
13.532265804753393,7.830664511883484e-05,,no_signal,,,,,,SIM-NS-0086,,,
12.502671558215503,5.2566788955387584e-05,,no_signal,,,,,,SIM-NS-0087,,,
13.538145779957905,7.845364449894761e-05,,no_signal,,,,,,SIM-NS-0088,,,
10.029060236915369,2.0290602369153683e-05,,no_signal,,,,,,SIM-NS-0089,,,
10.079427527673351,2.079427527673351e-05,,no_signal,,,,,,SIM-NS-0090,,,
14.605579212225443,0.00012633475273352658,,no_signal,,,,,,SIM-NS-0091,,,
15.169412732605526,0.00016694127326055257,,no_signal,,,,,,SIM-NS-0092,,,
10.095287715815164,2.0952877158151644e-05,,no_signal,,,,,,SIM-NS-0093,,,
11.756951982714885,3.756951982714884e-05,,no_signal,,,,,,SIM-NS-0094,,,
13.090052094402235,6.725130236005588e-05,,no_signal,,,,,,SIM-NS-0095,,,
11.72841867083185,3.72841867083185e-05,,no_signal,,,,,,SIM-NS-0096,,,
12.59957601904702,5.4989400476175515e-05,,no_signal,,,,,,SIM-NS-0097,,,
14.70511080475614,0.00013230664828536842,,no_signal,,,,,,SIM-NS-0098,,,
10.787761497070335,2.7877614970703346e-05,,no_signal,,,,,,SIM-NS-0099,,,
11.451952706554206,3.4519527065542055e-05,,no_signal,,,,,,SIM-NS-0100,,,
11.91839848858492,3.91839848858492e-05,,no_signal,,,,,,SIM-NS-0101,,,
12.137186803771375,4.342967009428436e-05,,no_signal,,,,,,SIM-NS-0102,,,
12.492447162889679,5.231117907224197e-05,,no_signal,,,,,,SIM-NS-0103,,,
10.756502006514499,2.7565020065144985e-05,,no_signal,,,,,,SIM-NS-0104,,,
11.598041815761952,3.5980418157619524e-05,,no_signal,,,,,,SIM-NS-0105,,,
10.49697773986783,2.4969777398678303e-05,,no_signal,,,,,,SIM-NS-0106,,,
12.725084431123976,5.81271107780994e-05,,no_signal,,,,,,SIM-NS-0107,,,
12.957442056042103,6.393605140105257e-05,,no_signal,,,,,,SIM-NS-0108,,,
13.187753874567711,6.969384686419277e-05,,no_signal,,,,,,SIM-NS-0109,,,
13.056481027669541,6.641202569173853e-05,,no_signal,,,,,,SIM-NS-0110,,,
13.489291792301639,7.723229480754098e-05,,no_signal,,,,,,SIM-NS-0111,,,
11.79339504880787,3.79339504880787e-05,,no_signal,,,,,,SIM-NS-0112,,,
12.15432505615321,4.385812640383025e-05,,no_signal,,,,,,SIM-NS-0113,,,
12.871942467394957,6.179856168487393e-05,,no_signal,,,,,,SIM-NS-0114,,,
14.994554324340413,0.00014967325946042479,,no_signal,,,,,,SIM-NS-0115,,,
12.554568484733498,5.386421211833743e-05,,no_signal,,,,,,SIM-NS-0116,,,
14.94136736330796,0.00014648204179847755,,no_signal,,,,,,SIM-NS-0117,,,
15.671221556433643,0.0002171221556433643,,no_signal,,,,,,SIM-NS-0118,,,
13.719461445896021,8.298653614740052e-05,,no_signal,,,,,,SIM-NS-0119,,,
14.826814073488729,0.0001396088444093237,,no_signal,,,,,,SIM-NS-0120,,,
14.917488700405269,0.00014504932202431608,,no_signal,,,,,,SIM-NS-0121,,,
11.898233164770305,3.898233164770305e-05,,no_signal,,,,,,SIM-NS-0122,,,
10.541566899090327,2.541566899090327e-05,,no_signal,,,,,,SIM-NS-0123,,,
14.202723418249757,0.00010216340509498543,,no_signal,,,,,,SIM-NS-0124,,,
11.347445318448406,3.347445318448406e-05,,no_signal,,,,,,SIM-NS-0125,,,
11.94187904977061,3.941879049770611e-05,,no_signal,,,,,,SIM-NS-0126,,,
12.052876453297634,4.132191133244084e-05,,no_signal,,,,,,SIM-NS-0127,,,
14.90310857741499,0.0001441865146448994,,no_signal,,,,,,SIM-NS-0128,,,
14.894767275762948,0.0001436860365457769,,no_signal,,,,,,SIM-NS-0129,,,
14.98070612463588,0.00014884236747815277,,no_signal,,,,,,SIM-NS-0130,,,
12.213677416112702,4.534193540281755e-05,,no_signal,,,,,,SIM-NS-0131,,,
13.272027984440983,7.180069961102459e-05,,no_signal,,,,,,SIM-NS-0132,,,
12.487485010418684,5.21871252604671e-05,,no_signal,,,,,,SIM-NS-0133,,,
15.035945007301095,0.00015359450073010946,,no_signal,,,,,,SIM-NS-0134,,,
11.050463127190403,3.0504631271904028e-05,,no_signal,,,,,,SIM-NS-0135,,,
14.219769677164125,0.0001031861806298475,,no_signal,,,,,,SIM-NS-0136,,,
15.304147484227503,0.00018041474842275026,,no_signal,,,,,,SIM-NS-0137,,,
12.807163096529194,6.017907741322986e-05,,no_signal,,,,,,SIM-NS-0138,,,
14.723609625011775,0.00013341657750070651,,no_signal,,,,,,SIM-NS-0139,,,
10.545156369117093,2.5451563691170927e-05,,no_signal,,,,,,SIM-NS-0140,,,
13.058100275901786,6.645250689754464e-05,,no_signal,,,,,,SIM-NS-0141,,,
10.722379056985895,2.722379056985895e-05,,no_signal,,,,,,SIM-NS-0142,,,
15.01352173490127,0.00015135217349012694,,no_signal,,,,,,SIM-NS-0143,,,
15.890017873505764,0.0002390017873505764,,no_signal,,,,,,SIM-NS-0144,,,
15.006069611139706,0.0001506069611139706,,no_signal,,,,,,SIM-NS-0145,,,
15.789728770200565,0.0002289728770200565,,no_signal,,,,,,SIM-NS-0146,,,
15.993495938924472,0.00024934959389244716,,no_signal,,,,,,SIM-NS-0147,,,
11.352557342009831,3.352557342009831e-05,,no_signal,,,,,,SIM-NS-0148,,,
13.517592963729204,7.793982409323009e-05,,no_signal,,,,,,SIM-NS-0149,,,
14.29786111234372,0.00010787166674062316,,no_signal,,,,,,SIM-NS-0150,,,
12.478412511417535,5.196031278543836e-05,,no_signal,,,,,,SIM-NS-0151,,,
12.884034880167622,6.210087200419054e-05,,no_signal,,,,,,SIM-NS-0152,,,
14.576422781993063,0.00012458536691958377,,no_signal,,,,,,SIM-NS-0153,,,
10.392911421761157,2.3929114217611573e-05,,no_signal,,,,,,SIM-NS-0154,,,
11.57725953633771,3.57725953633771e-05,,no_signal,,,,,,SIM-NS-0155,,,
14.342324785103338,0.00011053948710620031,,no_signal,,,,,,SIM-NS-0156,,,
10.114136467055507,2.114136467055507e-05,,no_signal,,,,,,SIM-NS-0157,,,
13.456545828367076,7.64136457091769e-05,,no_signal,,,,,,SIM-NS-0158,,,
11.964769574577922,3.9647695745779214e-05,,no_signal,,,,,,SIM-NS-0159,,,
14.149465626242584,9.896793757455505e-05,,no_signal,,,,,,SIM-NS-0160,,,
10.795728570665142,2.7957285706651422e-05,,no_signal,,,,,,SIM-NS-0161,,,
12.04172435875477,4.1043108968869254e-05,,no_signal,,,,,,SIM-NS-0162,,,
12.44539237380707,5.113480934517676e-05,,no_signal,,,,,,SIM-NS-0163,,,
10.01801030728755,2.0180103072875505e-05,,no_signal,,,,,,SIM-NS-0164,,,
15.027582338203363,0.00015275823382033627,,no_signal,,,,,,SIM-NS-0165,,,
10.921142688647354,2.921142688647354e-05,,no_signal,,,,,,SIM-NS-0166,,,
12.714948486794494,5.7873712169862355e-05,,no_signal,,,,,,SIM-NS-0167,,,
11.202888746400856,3.202888746400856e-05,,no_signal,,,,,,SIM-NS-0168,,,
10.511590025760519,2.511590025760519e-05,,no_signal,,,,,,SIM-NS-0169,,,
11.55594765622171,3.55594765622171e-05,,no_signal,,,,,,SIM-NS-0170,,,
11.529004328595917,3.529004328595917e-05,,no_signal,,,,,,SIM-NS-0171,,,
10.874726795990565,2.874726795990565e-05,,no_signal,,,,,,SIM-NS-0172,,,
15.303143662609843,0.0001803143662609843,,no_signal,,,,,,SIM-NS-0173,,,
10.260824038436265,2.260824038436265e-05,,no_signal,,,,,,SIM-NS-0174,,,
14.520825171351234,0.00012124951028107403,,no_signal,,,,,,SIM-NS-0175,,,
10.329260987064668,2.3292609870646677e-05,,no_signal,,,,,,SIM-NS-0176,,,
11.881082242178934,3.881082242178934e-05,,no_signal,,,,,,SIM-NS-0177,,,
12.98830180083914,6.47075450209785e-05,,no_signal,,,,,,SIM-NS-0178,,,
13.677972244117548,8.194930610293869e-05,,no_signal,,,,,,SIM-NS-0179,,,
12.023610341575163,4.059025853937906e-05,,no_signal,,,,,,SIM-NS-0180,,,
12.468946477470794,5.1723661936769855e-05,,no_signal,,,,,,SIM-NS-0181,,,
12.841056289172561,6.102640722931403e-05,,no_signal,,,,,,SIM-NS-0182,,,
15.632780487894106,0.0002132780487894106,,no_signal,,,,,,SIM-NS-0183,,,
10.561444015300939,2.561444015300939e-05,,no_signal,,,,,,SIM-NS-0184,,,
13.152694743396314,6.881736858490784e-05,,no_signal,,,,,,SIM-NS-0185,,,
10.14178909265736,2.14178909265736e-05,,no_signal,,,,,,SIM-NS-0186,,,
12.906184548729158,6.265461371822895e-05,,no_signal,,,,,,SIM-NS-0187,,,
10.216212056135017,2.216212056135017e-05,,no_signal,,,,,,SIM-NS-0188,,,
12.417232455986726,5.043081139966815e-05,,no_signal,,,,,,SIM-NS-0189,,,
12.81264429536635,6.0316107384158765e-05,,no_signal,,,,,,SIM-NS-0190,,,
11.716847734942252,3.716847734942252e-05,,no_signal,,,,,,SIM-NS-0191,,,
14.384388875238148,0.00011306333251428889,,no_signal,,,,,,SIM-NS-0192,,,
12.421446656484278,5.0536166412106946e-05,,no_signal,,,,,,SIM-NS-0193,,,
10.357119618968495,2.357119618968495e-05,,no_signal,,,,,,SIM-NS-0194,,,
11.239996460744557,3.239996460744557e-05,,no_signal,,,,,,SIM-NS-0195,,,
12.845941309762498,6.114853274406245e-05,,no_signal,,,,,,SIM-NS-0196,,,
14.236436068092726,0.00010418616408556353,,no_signal,,,,,,SIM-NS-0197,,,
10.24088238138379,2.2408823813837893e-05,,no_signal,,,,,,SIM-NS-0198,,,
11.170157335461589,3.170157335461589e-05,,no_signal,,,,,,SIM-NS-0199,,,
13.100142413982775,6.750356034956936e-05,,no_signal,,,,,,SIM-NS-0200,,,
10.755207715054661,2.7552077150546612e-05,,no_signal,,,,,,SIM-NS-0201,,,
10.63085680101131,2.6308568010113102e-05,,no_signal,,,,,,SIM-NS-0202,,,
11.58585624100904,3.58585624100904e-05,,no_signal,,,,,,SIM-NS-0203,,,
12.13802791743849,4.3450697935962265e-05,,no_signal,,,,,,SIM-NS-0204,,,
11.836647549572199,3.8366475495721985e-05,,no_signal,,,,,,SIM-NS-0205,,,
12.630926665140382,5.577316662850956e-05,,no_signal,,,,,,SIM-NS-0206,,,
10.718053707541909,2.7180537075419088e-05,,no_signal,,,,,,SIM-NS-0207,,,
11.407982401158712,3.407982401158712e-05,,no_signal,,,,,,SIM-NS-0208,,,
11.545948567416593,3.545948567416593e-05,,no_signal,,,,,,SIM-NS-0209,,,
11.738615356728557,3.7386153567285574e-05,,no_signal,,,,,,SIM-NS-0210,,,
11.01561137717512,3.0156113771751193e-05,,no_signal,,,,,,SIM-NS-0211,,,
12.167824543047,4.4195613576175016e-05,,no_signal,,,,,,SIM-NS-0212,,,
13.666730340349389,8.166825850873471e-05,,no_signal,,,,,,SIM-NS-0213,,,
11.87627571332959,3.8762757133295905e-05,,no_signal,,,,,,SIM-NS-0214,,,
11.7666180719782,3.7666180719782e-05,,no_signal,,,,,,SIM-NS-0215,,,
12.392508279869533,4.9812706996738324e-05,,no_signal,,,,,,SIM-NS-0216,,,
14.13602916834068,9.816175010044084e-05,,no_signal,,,,,,SIM-NS-0217,,,
12.709579349398304,5.773948373495759e-05,,no_signal,,,,,,SIM-NS-0218,,,
14.296355183922785,0.00010778131103536708,,no_signal,,,,,,SIM-NS-0219,,,
12.174129314395566,4.4353232859889154e-05,,no_signal,,,,,,SIM-NS-0220,,,
11.74122764358202,3.74122764358202e-05,,no_signal,,,,,,SIM-NS-0221,,,
12.820688787289985,6.0517219682249615e-05,,no_signal,,,,,,SIM-NS-0222,,,
11.139302755031455,3.139302755031455e-05,,no_signal,,,,,,SIM-NS-0223,,,
14.408906277453806,0.00011453437664722834,,no_signal,,,,,,SIM-NS-0224,,,
15.58927791476135,0.00020892779147613504,,no_signal,,,,,,SIM-NS-0225,,,
14.226296098462822,0.00010357776590776928,,no_signal,,,,,,SIM-NS-0226,,,
11.65456753981405,3.6545675398140494e-05,,no_signal,,,,,,SIM-NS-0227,,,
11.87330945140675,3.873309451406749e-05,,no_signal,,,,,,SIM-NS-0228,,,
10.305695160796807,2.3056951607968068e-05,,no_signal,,,,,,SIM-NS-0229,,,
11.680101338386207,3.680101338386207e-05,,no_signal,,,,,,SIM-NS-0230,,,
14.863907480458854,0.00014183444882753124,,no_signal,,,,,,SIM-NS-0231,,,
12.655804986856044,5.639512467140109e-05,,no_signal,,,,,,SIM-NS-0232,,,
11.735958892970588,3.735958892970588e-05,,no_signal,,,,,,SIM-NS-0233,,,
13.014070199127778,6.535175497819443e-05,,no_signal,,,,,,SIM-NS-0234,,,
11.3016004617603,3.3016004617603e-05,,no_signal,,,,,,SIM-NS-0235,,,
12.913584637752795,6.283961594381986e-05,,no_signal,,,,,,SIM-NS-0236,,,
15.942626261852515,0.0002442626261852515,,no_signal,,,,,,SIM-NS-0237,,,
11.63538665413757,3.635386654137569e-05,,no_signal,,,,,,SIM-NS-0238,,,
13.717384455334662,8.293461138336653e-05,,no_signal,,,,,,SIM-NS-0239,,,
12.942657901632922,6.356644754082304e-05,,no_signal,,,,,,SIM-NS-0240,,,
11.734830878352954,3.734830878352953e-05,,no_signal,,,,,,SIM-NS-0241,,,
10.803316429468728,2.8033164294687278e-05,,no_signal,,,,,,SIM-NS-0242,,,
12.364349641896927,4.9108741047423184e-05,,no_signal,,,,,,SIM-NS-0243,,,
13.242527434937891,7.106318587344728e-05,,no_signal,,,,,,SIM-NS-0244,,,
12.525644898065178,5.314112245162944e-05,,no_signal,,,,,,SIM-NS-0245,,,
11.547569556276752,3.547569556276752e-05,,no_signal,,,,,,SIM-NS-0246,,,
14.589604222773609,0.00012537625336641654,,no_signal,,,,,,SIM-NS-0247,,,
10.792431333213543,2.7924313332135424e-05,,no_signal,,,,,,SIM-NS-0248,,,
14.320942504880648,0.00010925655029283887,,no_signal,,,,,,SIM-NS-0249,,,
14.426127185359379,0.00011556763112156273,,no_signal,,,,,,SIM-NS-0250,,,
12.351427014074467,4.8785675351861675e-05,,no_signal,,,,,,SIM-NS-0251,,,
10.113061992057947,2.113061992057947e-05,,no_signal,,,,,,SIM-NS-0252,,,
14.659129957124183,0.00012954779742745096,,no_signal,,,,,,SIM-NS-0253,,,
12.646111686467886,5.615279216169716e-05,,no_signal,,,,,,SIM-NS-0254,,,
15.426258035450594,0.0001926258035450594,,no_signal,,,,,,SIM-NS-0255,,,
15.18573017384262,0.00016857301738426199,,no_signal,,,,,,SIM-NS-0256,,,
12.27792213280492,4.694805332012298e-05,,no_signal,,,,,,SIM-NS-0257,,,
11.016596714863676,3.0165967148636754e-05,,no_signal,,,,,,SIM-NS-0258,,,
15.910963273200995,0.00024109632732009946,,no_signal,,,,,,SIM-NS-0259,,,
14.299409297509158,0.00010796455785054944,,no_signal,,,,,,SIM-NS-0260,,,
15.744234344542564,0.00022442343445425636,,no_signal,,,,,,SIM-NS-0261,,,
12.356111189020233,4.8902779725505815e-05,,no_signal,,,,,,SIM-NS-0262,,,
10.050299013226226,2.0502990132262263e-05,,no_signal,,,,,,SIM-NS-0263,,,
13.42581036255843,7.564525906396074e-05,,no_signal,,,,,,SIM-NS-0264,,,
13.166931988744208,6.917329971860521e-05,,no_signal,,,,,,SIM-NS-0265,,,
10.076413107428571,2.0764131074285712e-05,,no_signal,,,,,,SIM-NS-0266,,,
12.696580582789181,5.741451456972953e-05,,no_signal,,,,,,SIM-NS-0267,,,
12.890341264253353,6.225853160633381e-05,,no_signal,,,,,,SIM-NS-0268,,,
10.545723385965724,2.545723385965724e-05,,no_signal,,,,,,SIM-NS-0269,,,
12.677889403843963,5.694723509609908e-05,,no_signal,,,,,,SIM-NS-0270,,,
10.237959712125964,2.2379597121259634e-05,,no_signal,,,,,,SIM-NS-0271,,,
14.993981302545347,0.0001496388781527208,,no_signal,,,,,,SIM-NS-0272,,,
13.505236777598004,7.763091943995009e-05,,no_signal,,,,,,SIM-NS-0273,,,
10.70579828838847,2.70579828838847e-05,,no_signal,,,,,,SIM-NS-0274,,,
13.960633295587801,8.901583238969501e-05,,no_signal,,,,,,SIM-NS-0275,,,
12.818457940964322,6.046144852410805e-05,,no_signal,,,,,,SIM-NS-0276,,,
13.608526315535752,8.021315788839379e-05,,no_signal,,,,,,SIM-NS-0277,,,
14.782215995726448,0.00013693295974358686,,no_signal,,,,,,SIM-NS-0278,,,
10.013340278550563,2.0133402785505634e-05,,no_signal,,,,,,SIM-NS-0279,,,
14.720252422171043,0.00013321514533026259,,no_signal,,,,,,SIM-NS-0280,,,
14.151145462999061,9.906872777994366e-05,,no_signal,,,,,,SIM-NS-0281,,,
13.897517290861092,8.74379322715273e-05,,no_signal,,,,,,SIM-NS-0282,,,
13.457271943447076,7.643179858617688e-05,,no_signal,,,,,,SIM-NS-0283,,,
11.93967030867198,3.939670308671979e-05,,no_signal,,,,,,SIM-NS-0284,,,
12.232109928761616,4.580274821904041e-05,,no_signal,,,,,,SIM-NS-0285,,,
10.441110325439727,2.4411103254397268e-05,,no_signal,,,,,,SIM-NS-0286,,,
14.919723294086364,0.0001451833976451818,,no_signal,,,,,,SIM-NS-0287,,,
10.14776371671965,2.14776371671965e-05,,no_signal,,,,,,SIM-NS-0288,,,
14.825900643309765,0.0001395540385985859,,no_signal,,,,,,SIM-NS-0289,,,
15.661400138121074,0.0002161400138121074,,no_signal,,,,,,SIM-NS-0290,,,
15.274592079166428,0.00017745920791664282,,no_signal,,,,,,SIM-NS-0291,,,
14.029693627070834,9.178161762425005e-05,,no_signal,,,,,,SIM-NS-0292,,,
10.251391667492097,2.251391667492097e-05,,no_signal,,,,,,SIM-NS-0293,,,
12.833144063801951,6.0828601595048775e-05,,no_signal,,,,,,SIM-NS-0294,,,
15.64703624712498,0.000214703624712498,,no_signal,,,,,,SIM-NS-0295,,,
14.191431755887766,0.00010148590535326597,,no_signal,,,,,,SIM-NS-0296,,,
10.051795034419653,2.051795034419653e-05,,no_signal,,,,,,SIM-NS-0297,,,
13.398418476702561,7.496046191756403e-05,,no_signal,,,,,,SIM-NS-0298,,,
10.305618410375445,2.3056184103754446e-05,,no_signal,,,,,,SIM-NS-0299,,,
13.815745706427792,8.53936426606948e-05,,no_signal,,,,,,SIM-NS-0300,,,
13.966955053774791,8.917387634436977e-05,,no_signal,,,,,,SIM-NS-0301,,,
12.730549769805886,5.826374424514716e-05,,no_signal,,,,,,SIM-NS-0302,,,
11.01485987418501,3.01485987418501e-05,,no_signal,,,,,,SIM-NS-0303,,,
15.766604240420218,0.0002266604240420218,,no_signal,,,,,,SIM-NS-0304,,,
13.935245292735068,8.83811323183767e-05,,no_signal,,,,,,SIM-NS-0305,,,
10.815012993701096,2.815012993701096e-05,,no_signal,,,,,,SIM-NS-0306,,,
14.781955779495396,0.00013691734676972377,,no_signal,,,,,,SIM-NS-0307,,,
13.317455801898326,7.293639504745815e-05,,no_signal,,,,,,SIM-NS-0308,,,
12.460145244552079,5.150363111380197e-05,,no_signal,,,,,,SIM-NS-0309,,,
11.837718868024046,3.837718868024046e-05,,no_signal,,,,,,SIM-NS-0310,,,
15.122961286486508,0.00016229612864865074,,no_signal,,,,,,SIM-NS-0311,,,
12.821504200217513,6.053760500543782e-05,,no_signal,,,,,,SIM-NS-0312,,,
10.62898512857435,2.6289851285743495e-05,,no_signal,,,,,,SIM-NS-0313,,,
14.728360785371006,0.00013370164712226033,,no_signal,,,,,,SIM-NS-0314,,,
12.466770880681834,5.166927201704584e-05,,no_signal,,,,,,SIM-NS-0315,,,
11.476705985746666,3.4767059857466654e-05,,no_signal,,,,,,SIM-NS-0316,,,
10.682693548039014,2.6826935480390136e-05,,no_signal,,,,,,SIM-NS-0317,,,
10.627766529961331,2.627766529961331e-05,,no_signal,,,,,,SIM-NS-0318,,,
10.645147200048708,2.6451472000487077e-05,,no_signal,,,,,,SIM-NS-0319,,,
10.958425459781665,2.9584254597816652e-05,,no_signal,,,,,,SIM-NS-0320,,,
12.832731538950792,6.081828847376981e-05,,no_signal,,,,,,SIM-NS-0321,,,
14.247569080361364,0.00010485414482168184,,no_signal,,,,,,SIM-NS-0322,,,
11.89357600166341,3.8935760016634106e-05,,no_signal,,,,,,SIM-NS-0323,,,
10.407216333989687,2.4072163339896875e-05,,no_signal,,,,,,SIM-NS-0324,,,
14.390224905643509,0.00011341349433861051,,no_signal,,,,,,SIM-NS-0325,,,
10.3718083329654,2.3718083329654008e-05,,no_signal,,,,,,SIM-NS-0326,,,
14.312032882299013,0.00010872197293794076,,no_signal,,,,,,SIM-NS-0327,,,
13.945243140648302,8.863107851620753e-05,,no_signal,,,,,,SIM-NS-0328,,,
13.868623217517172,8.671558043792929e-05,,no_signal,,,,,,SIM-NS-0329,,,
12.008383457493615,4.020958643734037e-05,,no_signal,,,,,,SIM-NS-0330,,,
14.74103315312292,0.0001344619891873752,,no_signal,,,,,,SIM-NS-0331,,,
15.66419693100131,0.00021641969310013103,,no_signal,,,,,,SIM-NS-0332,,,
13.616398965336405,8.040997413341011e-05,,no_signal,,,,,,SIM-NS-0333,,,
15.220350780560343,0.00017203507805603434,,no_signal,,,,,,SIM-NS-0334,,,
12.193015237042982,4.482538092607454e-05,,no_signal,,,,,,SIM-NS-0335,,,
12.466526474973664,5.166316187434159e-05,,no_signal,,,,,,SIM-NS-0336,,,
15.955122516130439,0.0002455122516130439,,no_signal,,,,,,SIM-NS-0337,,,
14.029751318485822,9.17850791091493e-05,,no_signal,,,,,,SIM-NS-0338,,,
14.236897245725366,0.00010421383474352197,,no_signal,,,,,,SIM-NS-0339,,,
13.467339743948944,7.668349359872359e-05,,no_signal,,,,,,SIM-NS-0340,,,
10.528418611065032,2.5284186110650315e-05,,no_signal,,,,,,SIM-NS-0341,,,
12.130437429264067,4.326093573160166e-05,,no_signal,,,,,,SIM-NS-0342,,,
10.210877888479574,2.2108778884795743e-05,,no_signal,,,,,,SIM-NS-0343,,,
15.047949353632559,0.00015479493536325588,,no_signal,,,,,,SIM-NS-0344,,,
10.1350469789899,2.1350469789898996e-05,,no_signal,,,,,,SIM-NS-0345,,,
10.015846814546034,2.015846814546034e-05,,no_signal,,,,,,SIM-NS-0346,,,
13.424036943436528,7.560092358591319e-05,,no_signal,,,,,,SIM-NS-0347,,,
12.55409155975702,5.3852288993925516e-05,,no_signal,,,,,,SIM-NS-0348,,,
13.864690096766488,8.661725241916218e-05,,no_signal,,,,,,SIM-NS-0349,,,
13.65179689752228,8.1294922438057e-05,,no_signal,,,,,,SIM-NS-0350,,,
13.503043371418162,7.757608428545404e-05,,no_signal,,,,,,SIM-NS-0351,,,
13.164651672873386,6.911629182183466e-05,,no_signal,,,,,,SIM-NS-0352,,,
15.013675049135848,0.00015136750491358484,,no_signal,,,,,,SIM-NS-0353,,,
13.986987786430367,8.967469466075917e-05,,no_signal,,,,,,SIM-NS-0354,,,
10.748475109236361,2.748475109236361e-05,,no_signal,,,,,,SIM-NS-0355,,,
14.140565933357227,9.84339560014336e-05,,no_signal,,,,,,SIM-NS-0356,,,
12.609441439575523,5.523603598938807e-05,,no_signal,,,,,,SIM-NS-0357,,,
13.667724120054258,8.169310300135645e-05,,no_signal,,,,,,SIM-NS-0358,,,
10.562697068276272,2.5626970682762717e-05,,no_signal,,,,,,SIM-NS-0359,,,
13.814668390904032,8.53667097726008e-05,,no_signal,,,,,,SIM-NS-0360,,,
10.101985405331414,2.1019854053314137e-05,,no_signal,,,,,,SIM-NS-0361,,,
11.505001684257673,3.505001684257672e-05,,no_signal,,,,,,SIM-NS-0362,,,
15.01230870625982,0.00015123087062598193,,no_signal,,,,,,SIM-NS-0363,,,
15.120326393879804,0.00016203263938798038,,no_signal,,,,,,SIM-NS-0364,,,
10.96779695941178,2.96779695941178e-05,,no_signal,,,,,,SIM-NS-0365,,,
14.672385585637084,0.00013034313513822501,,no_signal,,,,,,SIM-NS-0366,,,
14.730053962691127,0.00013380323776146757,,no_signal,,,,,,SIM-NS-0367,,,
11.831968281060616,3.831968281060616e-05,,no_signal,,,,,,SIM-NS-0368,,,
14.90050336909847,0.00014403020214590815,,no_signal,,,,,,SIM-NS-0369,,,
14.576249366433906,0.00012457496198603436,,no_signal,,,,,,SIM-NS-0370,,,
15.009769486985476,0.00015097694869854763,,no_signal,,,,,,SIM-NS-0371,,,
14.104035061782934,9.624210370697604e-05,,no_signal,,,,,,SIM-NS-0372,,,
10.064631844425005,2.064631844425005e-05,,no_signal,,,,,,SIM-NS-0373,,,
13.553073324873436,7.88268331218359e-05,,no_signal,,,,,,SIM-NS-0374,,,
15.104756141092732,0.00016047561410927324,,no_signal,,,,,,SIM-NS-0375,,,
11.723124957730835,3.7231249577308354e-05,,no_signal,,,,,,SIM-NS-0376,,,
12.730745451132105,5.826863627830262e-05,,no_signal,,,,,,SIM-NS-0377,,,
14.200972137631242,0.0001020583282578745,,no_signal,,,,,,SIM-NS-0378,,,
14.09818752079069,9.58912512474414e-05,,no_signal,,,,,,SIM-NS-0379,,,
11.858148374181996,3.858148374181995e-05,,no_signal,,,,,,SIM-NS-0380,,,
10.043476075645344,2.0434760756453443e-05,,no_signal,,,,,,SIM-NS-0381,,,
14.43376930408083,0.00011602615824484978,,no_signal,,,,,,SIM-NS-0382,,,
11.088959137812159,3.088959137812159e-05,,no_signal,,,,,,SIM-NS-0383,,,
12.331763160840893,4.8294079021022326e-05,,no_signal,,,,,,SIM-NS-0384,,,
13.343885803046899,7.359714507617246e-05,,no_signal,,,,,,SIM-NS-0385,,,
12.730565200454869,5.826413001137172e-05,,no_signal,,,,,,SIM-NS-0386,,,
12.39820444614192,4.995511115354799e-05,,no_signal,,,,,,SIM-NS-0387,,,
15.316154377604176,0.00018161543776041764,,no_signal,,,,,,SIM-NS-0388,,,
10.926525114739812,2.926525114739812e-05,,no_signal,,,,,,SIM-NS-0389,,,
10.864177751211502,2.8641777512115017e-05,,no_signal,,,,,,SIM-NS-0390,,,
13.371415879816526,7.428539699541314e-05,,no_signal,,,,,,SIM-NS-0391,,,
13.533891182753354,7.834727956883385e-05,,no_signal,,,,,,SIM-NS-0392,,,
14.550680909307204,0.0001230408545584322,,no_signal,,,,,,SIM-NS-0393,,,
13.516939376736094,7.792348441840233e-05,,no_signal,,,,,,SIM-NS-0394,,,
15.303409963400053,0.00018034099634000534,,no_signal,,,,,,SIM-NS-0395,,,
11.11835646660007,3.118356466600069e-05,,no_signal,,,,,,SIM-NS-0396,,,
11.804368909777333,3.8043689097773324e-05,,no_signal,,,,,,SIM-NS-0397,,,
13.871672254329813,8.67918063582453e-05,,no_signal,,,,,,SIM-NS-0398,,,
13.103142195336158,6.757855488340395e-05,,no_signal,,,,,,SIM-NS-0399,,,
